2026-08-21 14:26:48,204 [INFO] ⚡ [--now] 옵션 감지: 즉시 수집 작업을 실행합니다.
2026-08-21 14:26:48,205 [INFO] 🚀 [Start] RSS 피드 수집 및 DB 저장 시작
2026-08-21 14:26:49,429 [ERROR] ❌ [GeekNews] 수집/저장 중 오류: [Errno 11001] getaddrinfo failed
2026-08-21 14:26:49,429 [INFO] ✅ 총 0개 신규 기사 DB 저장 완료
2026-08-21 14:26:49,429 [INFO] 🔗 오늘자 웹페이지: https://your-domain.com/news/2026-08-21

2026-08-21 14:30:21,322 [INFO] ⚡ [--now] 옵션 감지: 즉시 수집 작업을 실행합니다.
2026-08-21 14:30:21,323 [INFO] 🚀 [Start] RSS 피드 수집 및 DB 저장 시작
2026-08-21 14:30:21,431 [ERROR] ❌ [GeekNews] 수집/저장 중 오류: [Errno 11001] getaddrinfo failed
2026-08-21 14:30:21,500 [ERROR] ❌ [AI Times] 수집/저장 중 오류: [Errno 11001] getaddrinfo failed
2026-08-21 14:30:22,126 [ERROR] ❌ [구글뉴스(생성형AI)] 수집/저장 중 오류: [Errno 11001] getaddrinfo failed
2026-08-21 14:30:22,780 [ERROR] ❌ [구글뉴스(AI정책)] 수집/저장 중 오류: [Errno 11001] getaddrinfo failed
2026-08-21 14:30:22,916 [ERROR] ❌ [요즘IT] 수집/저장 중 오류: [Errno 11001] getaddrinfo failed
2026-08-21 14:30:23,288 [ERROR] ❌ [우아한형제들 Tech] 수집/저장 중 오류: [Errno 11001] getaddrinfo failed
2026-08-21 14:30:23,407 [ERROR] ❌ [카카오 Tech] 수집/저장 중 오류: [Errno 11001] getaddrinfo failed
2026-08-21 14:30:23,407 [INFO] ✅ 총 0개 신규 기사 DB 저장 완료
2026-08-21 14:30:23,407 [INFO] 🔗 오늘자 웹페이지: https://your-domain.com/news/2026-08-21

2026-08-21 14:31:58,056 [INFO] ⚡ [--now] 옵션 감지: 즉시 수집 작업을 실행합니다.
2026-08-21 14:31:58,056 [INFO] 🚀 [Start] RSS 피드 수집 및 DB 저장 시작
2026-08-21 14:31:58,160 [ERROR] ❌ [GeekNews] 수집/저장 중 오류: [Errno 11001] getaddrinfo failed
2026-08-21 14:31:58,229 [ERROR] ❌ [AI Times] 수집/저장 중 오류: [Errno 11001] getaddrinfo failed
2026-08-21 14:31:58,389 [ERROR] ❌ [구글뉴스(생성형AI)] 수집/저장 중 오류: [Errno 11001] getaddrinfo failed
2026-08-21 14:31:58,605 [ERROR] ❌ [구글뉴스(AI정책)] 수집/저장 중 오류: [Errno 11001] getaddrinfo failed
2026-08-21 14:31:58,712 [ERROR] ❌ [요즘IT] 수집/저장 중 오류: [Errno 11001] getaddrinfo failed
2026-08-21 14:31:59,036 [ERROR] ❌ [우아한형제들 Tech] 수집/저장 중 오류: [Errno 11001] getaddrinfo failed
2026-08-21 14:31:59,141 [ERROR] ❌ [카카오 Tech] 수집/저장 중 오류: [Errno 11001] getaddrinfo failed
2026-08-21 14:31:59,142 [INFO] ✅ 총 0개 신규 기사 DB 저장 완료
2026-08-21 14:31:59,142 [INFO] 🔗 오늘자 웹페이지: https://your-domain.com/news/2026-08-21

2026-08-21 14:40:26,030 [INFO] ⚡ [--now] 옵션 감지: 즉시 수집 작업을 실행합니다.
2026-08-21 14:40:26,031 [INFO] 🚀 [Start] RSS 피드 수집 및 DB 저장 시작
2026-08-21 14:40:26,480 [INFO] HTTP Request: GET https://wafeeknfpzjzngzuphoz.supabase.co/rest/v1/articles?select=article_id&original_url=eq.https%3A%2F%2Fnews.hada.io%2Ftopic%3Fid%3D32720 "HTTP/2 200 OK"
2026-08-21 14:40:26,490 [ERROR] ❌ [GeekNews] 수집/저장 중 오류: 'NoneType' object has no attribute 'data'
2026-08-21 14:40:26,599 [INFO] HTTP Request: GET https://wafeeknfpzjzngzuphoz.supabase.co/rest/v1/articles?select=article_id&original_url=eq.https%3A%2F%2Fwww.aitimes.com%2Fnews%2FarticleView.html%3Fidxno%3D214212 "HTTP/2 200 OK"
2026-08-21 14:40:26,600 [ERROR] ❌ [AI Times] 수집/저장 중 오류: 'NoneType' object has no attribute 'data'
2026-08-21 14:40:27,247 [INFO] HTTP Request: GET https://wafeeknfpzjzngzuphoz.supabase.co/rest/v1/articles?select=article_id&original_url=eq.https%3A%2F%2Fnews.google.com%2Frss%2Farticles%2FCBMiXEFVX3lxTE9DWXkyN3hhUDFHR0tCMXdpVkt3OTAyS1dBUUN6QXBKTEpMOF9SLWJSZkl3VW5FdzE2N1JiYk13NGtFQXNnbjFZZ3Vsd3BZNGJLWDJTdVladTk0bXRi%3Foc%3D5 "HTTP/2 200 OK"
2026-08-21 14:40:27,247 [ERROR] ❌ [구글뉴스(생성형AI)] 수집/저장 중 오류: 'NoneType' object has no attribute 'data'
2026-08-21 14:40:27,900 [INFO] HTTP Request: GET https://wafeeknfpzjzngzuphoz.supabase.co/rest/v1/articles?select=article_id&original_url=eq.https%3A%2F%2Fnews.google.com%2Frss%2Farticles%2FCBMiT0FVX3lxTE5pT2NxbXJmajNtcGRxTHZNcjlXazcwQ29IeGNUN0F3X2dUOWV2S1dDVHMyZUtrdWNoLWhXZHJ0SlJLRUNfcUNjMXR5MUpYTzQ%3Foc%3D5 "HTTP/2 200 OK"
2026-08-21 14:40:27,901 [ERROR] ❌ [구글뉴스(AI정책)] 수집/저장 중 오류: 'NoneType' object has no attribute 'data'
2026-08-21 14:40:28,051 [INFO] HTTP Request: GET https://wafeeknfpzjzngzuphoz.supabase.co/rest/v1/articles?select=article_id&original_url=eq.https%3A%2F%2Fyozm.wishket.com%2Fmagazine%2Fdetail%2F3907 "HTTP/2 200 OK"
2026-08-21 14:40:28,052 [ERROR] ❌ [요즘IT] 수집/저장 중 오류: 'NoneType' object has no attribute 'data'
2026-08-21 14:40:28,428 [INFO] HTTP Request: GET https://wafeeknfpzjzngzuphoz.supabase.co/rest/v1/articles?select=article_id&original_url=eq.https%3A%2F%2Ftechblog.woowahan.com%2F26876%2F "HTTP/2 200 OK"
2026-08-21 14:40:28,429 [ERROR] ❌ [우아한형제들 Tech] 수집/저장 중 오류: 'NoneType' object has no attribute 'data'
2026-08-21 14:40:28,579 [INFO] HTTP Request: GET https://wafeeknfpzjzngzuphoz.supabase.co/rest/v1/articles?select=article_id&original_url=eq.https%3A%2F%2Ftech.kakao.com%2Fposts%2F829 "HTTP/2 200 OK"
2026-08-21 14:40:28,580 [ERROR] ❌ [카카오 Tech] 수집/저장 중 오류: 'NoneType' object has no attribute 'data'
2026-08-21 14:40:28,580 [INFO] ✅ 총 0개 신규 기사 DB 저장 완료
2026-08-21 14:40:28,580 [INFO] 🔗 오늘자 웹페이지: https://your-domain.com/news/2026-08-21

2026-08-21 14:43:22,054 [INFO] ⚡ [--now] 옵션 감지: 즉시 수집 작업을 실행합니다.
2026-08-21 14:43:22,054 [INFO] 🚀 [Start] RSS 피드 수집 및 DB 저장 시작
2026-08-21 14:43:22,703 [INFO] HTTP Request: GET https://wafeeknfpzjzngzuphoz.supabase.co/rest/v1/articles?select=article_id&original_url=eq.https%3A%2F%2Fnews.hada.io%2Ftopic%3Fid%3D32720 "HTTP/2 200 OK"
2026-08-21 14:43:22,801 [INFO] HTTP Request: POST https://wafeeknfpzjzngzuphoz.supabase.co/rest/v1/articles "HTTP/2 401 Unauthorized"
2026-08-21 14:43:22,803 [ERROR] ❌ [GeekNews] 수집/저장 중 오류: {'message': 'new row violates row-level security policy for table "articles"', 'code': '42501', 'hint': None, 'details': None}
2026-08-21 14:43:22,900 [INFO] HTTP Request: GET https://wafeeknfpzjzngzuphoz.supabase.co/rest/v1/articles?select=article_id&original_url=eq.https%3A%2F%2Fwww.aitimes.com%2Fnews%2FarticleView.html%3Fidxno%3D214215 "HTTP/2 200 OK"
2026-08-21 14:43:22,926 [INFO] HTTP Request: POST https://wafeeknfpzjzngzuphoz.supabase.co/rest/v1/articles "HTTP/2 401 Unauthorized"
2026-08-21 14:43:22,927 [ERROR] ❌ [AI Times] 수집/저장 중 오류: {'message': 'new row violates row-level security policy for table "articles"', 'code': '42501', 'hint': None, 'details': None}
2026-08-21 14:43:23,522 [INFO] HTTP Request: GET https://wafeeknfpzjzngzuphoz.supabase.co/rest/v1/articles?select=article_id&original_url=eq.https%3A%2F%2Fnews.google.com%2Frss%2Farticles%2FCBMiXEFVX3lxTE9DWXkyN3hhUDFHR0tCMXdpVkt3OTAyS1dBUUN6QXBKTEpMOF9SLWJSZkl3VW5FdzE2N1JiYk13NGtFQXNnbjFZZ3Vsd3BZNGJLWDJTdVladTk0bXRi%3Foc%3D5 "HTTP/2 200 OK"
2026-08-21 14:43:23,542 [INFO] HTTP Request: POST https://wafeeknfpzjzngzuphoz.supabase.co/rest/v1/articles "HTTP/2 401 Unauthorized"
2026-08-21 14:43:23,543 [ERROR] ❌ [구글뉴스(생성형AI)] 수집/저장 중 오류: {'message': 'new row violates row-level security policy for table "articles"', 'code': '42501', 'hint': None, 'details': None}
2026-08-21 14:43:24,304 [INFO] HTTP Request: GET https://wafeeknfpzjzngzuphoz.supabase.co/rest/v1/articles?select=article_id&original_url=eq.https%3A%2F%2Fnews.google.com%2Frss%2Farticles%2FCBMiT0FVX3lxTE5pT2NxbXJmajNtcGRxTHZNcjlXazcwQ29IeGNUN0F3X2dUOWV2S1dDVHMyZUtrdWNoLWhXZHJ0SlJLRUNfcUNjMXR5MUpYTzQ%3Foc%3D5 "HTTP/2 200 OK"
2026-08-21 14:43:24,325 [INFO] HTTP Request: POST https://wafeeknfpzjzngzuphoz.supabase.co/rest/v1/articles "HTTP/2 401 Unauthorized"
2026-08-21 14:43:24,325 [ERROR] ❌ [구글뉴스(AI정책)] 수집/저장 중 오류: {'message': 'new row violates row-level security policy for table "articles"', 'code': '42501', 'hint': None, 'details': None}
2026-08-21 14:43:24,660 [INFO] HTTP Request: GET https://wafeeknfpzjzngzuphoz.supabase.co/rest/v1/articles?select=article_id&original_url=eq.https%3A%2F%2Fyozm.wishket.com%2Fmagazine%2Fdetail%2F3909 "HTTP/2 200 OK"
2026-08-21 14:43:24,685 [INFO] HTTP Request: POST https://wafeeknfpzjzngzuphoz.supabase.co/rest/v1/articles "HTTP/2 401 Unauthorized"
2026-08-21 14:43:24,686 [ERROR] ❌ [요즘IT] 수집/저장 중 오류: {'message': 'new row violates row-level security policy for table "articles"', 'code': '42501', 'hint': None, 'details': None}
2026-08-21 14:43:25,045 [INFO] HTTP Request: GET https://wafeeknfpzjzngzuphoz.supabase.co/rest/v1/articles?select=article_id&original_url=eq.https%3A%2F%2Ftechblog.woowahan.com%2F26876%2F "HTTP/2 200 OK"
2026-08-21 14:43:25,079 [INFO] HTTP Request: POST https://wafeeknfpzjzngzuphoz.supabase.co/rest/v1/articles "HTTP/2 401 Unauthorized"
2026-08-21 14:43:25,079 [ERROR] ❌ [우아한형제들 Tech] 수집/저장 중 오류: {'message': 'new row violates row-level security policy for table "articles"', 'code': '42501', 'hint': None, 'details': None}
2026-08-21 14:43:25,220 [INFO] HTTP Request: GET https://wafeeknfpzjzngzuphoz.supabase.co/rest/v1/articles?select=article_id&original_url=eq.https%3A%2F%2Ftech.kakao.com%2Fposts%2F829 "HTTP/2 200 OK"
2026-08-21 14:43:25,245 [INFO] HTTP Request: POST https://wafeeknfpzjzngzuphoz.supabase.co/rest/v1/articles "HTTP/2 401 Unauthorized"
2026-08-21 14:43:25,245 [ERROR] ❌ [카카오 Tech] 수집/저장 중 오류: {'message': 'new row violates row-level security policy for table "articles"', 'code': '42501', 'hint': None, 'details': None}
2026-08-21 14:43:25,246 [INFO] ✅ 총 0개 신규 기사 DB 저장 완료
2026-08-21 14:43:25,246 [INFO] 🔗 오늘자 웹페이지: https://your-domain.com/news/2026-08-21

2026-08-21 14:44:10,091 [INFO] ⚡ [--now] 옵션 감지: 즉시 수집 작업을 실행합니다.
2026-08-21 14:44:10,092 [INFO] 🚀 [Start] RSS 피드 수집 및 DB 저장 시작
2026-08-21 14:44:10,306 [INFO] HTTP Request: GET https://wafeeknfpzjzngzuphoz.supabase.co/rest/v1/articles?select=article_id&original_url=eq.https%3A%2F%2Fnews.hada.io%2Ftopic%3Fid%3D32720 "HTTP/2 200 OK"
2026-08-21 14:44:10,358 [INFO] HTTP Request: POST https://wafeeknfpzjzngzuphoz.supabase.co/rest/v1/articles "HTTP/2 201 Created"
2026-08-21 14:44:10,388 [INFO] HTTP Request: GET https://wafeeknfpzjzngzuphoz.supabase.co/rest/v1/articles?select=article_id&original_url=eq.https%3A%2F%2Fnews.hada.io%2Ftopic%3Fid%3D32719 "HTTP/2 200 OK"
2026-08-21 14:44:10,411 [INFO] HTTP Request: POST https://wafeeknfpzjzngzuphoz.supabase.co/rest/v1/articles "HTTP/2 201 Created"
2026-08-21 14:44:10,441 [INFO] HTTP Request: GET https://wafeeknfpzjzngzuphoz.supabase.co/rest/v1/articles?select=article_id&original_url=eq.https%3A%2F%2Fnews.hada.io%2Ftopic%3Fid%3D32717 "HTTP/2 200 OK"
2026-08-21 14:44:10,465 [INFO] HTTP Request: POST https://wafeeknfpzjzngzuphoz.supabase.co/rest/v1/articles "HTTP/2 201 Created"
2026-08-21 14:44:10,488 [INFO] HTTP Request: GET https://wafeeknfpzjzngzuphoz.supabase.co/rest/v1/articles?select=article_id&original_url=eq.https%3A%2F%2Fnews.hada.io%2Ftopic%3Fid%3D32716 "HTTP/2 200 OK"
2026-08-21 14:44:10,509 [INFO] HTTP Request: POST https://wafeeknfpzjzngzuphoz.supabase.co/rest/v1/articles "HTTP/2 201 Created"
2026-08-21 14:44:10,527 [INFO] HTTP Request: GET https://wafeeknfpzjzngzuphoz.supabase.co/rest/v1/articles?select=article_id&original_url=eq.https%3A%2F%2Fnews.hada.io%2Ftopic%3Fid%3D32715 "HTTP/2 200 OK"
2026-08-21 14:44:10,548 [INFO] HTTP Request: POST https://wafeeknfpzjzngzuphoz.supabase.co/rest/v1/articles "HTTP/2 201 Created"
2026-08-21 14:44:10,567 [INFO] HTTP Request: GET https://wafeeknfpzjzngzuphoz.supabase.co/rest/v1/articles?select=article_id&original_url=eq.https%3A%2F%2Fnews.hada.io%2Ftopic%3Fid%3D32714 "HTTP/2 200 OK"
2026-08-21 14:44:10,589 [INFO] HTTP Request: POST https://wafeeknfpzjzngzuphoz.supabase.co/rest/v1/articles "HTTP/2 201 Created"
2026-08-21 14:44:10,612 [INFO] HTTP Request: GET https://wafeeknfpzjzngzuphoz.supabase.co/rest/v1/articles?select=article_id&original_url=eq.https%3A%2F%2Fnews.hada.io%2Ftopic%3Fid%3D32713 "HTTP/2 200 OK"
2026-08-21 14:44:10,646 [INFO] HTTP Request: POST https://wafeeknfpzjzngzuphoz.supabase.co/rest/v1/articles "HTTP/2 201 Created"
2026-08-21 14:44:10,667 [INFO] HTTP Request: GET https://wafeeknfpzjzngzuphoz.supabase.co/rest/v1/articles?select=article_id&original_url=eq.https%3A%2F%2Fnews.hada.io%2Ftopic%3Fid%3D32712 "HTTP/2 200 OK"
2026-08-21 14:44:10,687 [INFO] HTTP Request: POST https://wafeeknfpzjzngzuphoz.supabase.co/rest/v1/articles "HTTP/2 201 Created"
2026-08-21 14:44:10,716 [INFO] HTTP Request: GET https://wafeeknfpzjzngzuphoz.supabase.co/rest/v1/articles?select=article_id&original_url=eq.https%3A%2F%2Fnews.hada.io%2Ftopic%3Fid%3D32711 "HTTP/2 200 OK"
2026-08-21 14:44:10,746 [INFO] HTTP Request: POST https://wafeeknfpzjzngzuphoz.supabase.co/rest/v1/articles "HTTP/2 201 Created"
2026-08-21 14:44:10,764 [INFO] HTTP Request: GET https://wafeeknfpzjzngzuphoz.supabase.co/rest/v1/articles?select=article_id&original_url=eq.https%3A%2F%2Fnews.hada.io%2Ftopic%3Fid%3D32710 "HTTP/2 200 OK"
2026-08-21 14:44:10,784 [INFO] HTTP Request: POST https://wafeeknfpzjzngzuphoz.supabase.co/rest/v1/articles "HTTP/2 201 Created"
2026-08-21 14:44:10,870 [INFO] HTTP Request: GET https://wafeeknfpzjzngzuphoz.supabase.co/rest/v1/articles?select=article_id&original_url=eq.https%3A%2F%2Fwww.aitimes.com%2Fnews%2FarticleView.html%3Fidxno%3D214215 "HTTP/2 200 OK"
2026-08-21 14:44:10,900 [INFO] HTTP Request: POST https://wafeeknfpzjzngzuphoz.supabase.co/rest/v1/articles "HTTP/2 201 Created"
2026-08-21 14:44:10,919 [INFO] HTTP Request: GET https://wafeeknfpzjzngzuphoz.supabase.co/rest/v1/articles?select=article_id&original_url=eq.https%3A%2F%2Fwww.aitimes.com%2Fnews%2FarticleView.html%3Fidxno%3D214212 "HTTP/2 200 OK"
2026-08-21 14:44:10,938 [INFO] HTTP Request: POST https://wafeeknfpzjzngzuphoz.supabase.co/rest/v1/articles "HTTP/2 201 Created"
2026-08-21 14:44:10,958 [INFO] HTTP Request: GET https://wafeeknfpzjzngzuphoz.supabase.co/rest/v1/articles?select=article_id&original_url=eq.https%3A%2F%2Fwww.aitimes.com%2Fnews%2FarticleView.html%3Fidxno%3D214209 "HTTP/2 200 OK"
2026-08-21 14:44:10,990 [INFO] HTTP Request: POST https://wafeeknfpzjzngzuphoz.supabase.co/rest/v1/articles "HTTP/2 201 Created"
2026-08-21 14:44:11,009 [INFO] HTTP Request: GET https://wafeeknfpzjzngzuphoz.supabase.co/rest/v1/articles?select=article_id&original_url=eq.https%3A%2F%2Fwww.aitimes.com%2Fnews%2FarticleView.html%3Fidxno%3D214204 "HTTP/2 200 OK"
2026-08-21 14:44:11,040 [INFO] HTTP Request: POST https://wafeeknfpzjzngzuphoz.supabase.co/rest/v1/articles "HTTP/2 201 Created"
2026-08-21 14:44:11,064 [INFO] HTTP Request: GET https://wafeeknfpzjzngzuphoz.supabase.co/rest/v1/articles?select=article_id&original_url=eq.https%3A%2F%2Fwww.aitimes.com%2Fnews%2FarticleView.html%3Fidxno%3D214203 "HTTP/2 200 OK"
2026-08-21 14:44:11,084 [INFO] HTTP Request: POST https://wafeeknfpzjzngzuphoz.supabase.co/rest/v1/articles "HTTP/2 201 Created"
2026-08-21 14:44:11,103 [INFO] HTTP Request: GET https://wafeeknfpzjzngzuphoz.supabase.co/rest/v1/articles?select=article_id&original_url=eq.https%3A%2F%2Fwww.aitimes.com%2Fnews%2FarticleView.html%3Fidxno%3D214200 "HTTP/2 200 OK"
2026-08-21 14:44:11,125 [INFO] HTTP Request: POST https://wafeeknfpzjzngzuphoz.supabase.co/rest/v1/articles "HTTP/2 201 Created"
2026-08-21 14:44:11,143 [INFO] HTTP Request: GET https://wafeeknfpzjzngzuphoz.supabase.co/rest/v1/articles?select=article_id&original_url=eq.https%3A%2F%2Fwww.aitimes.com%2Fnews%2FarticleView.html%3Fidxno%3D214192 "HTTP/2 200 OK"
2026-08-21 14:44:11,164 [INFO] HTTP Request: POST https://wafeeknfpzjzngzuphoz.supabase.co/rest/v1/articles "HTTP/2 201 Created"
2026-08-21 14:44:11,183 [INFO] HTTP Request: GET https://wafeeknfpzjzngzuphoz.supabase.co/rest/v1/articles?select=article_id&original_url=eq.https%3A%2F%2Fwww.aitimes.com%2Fnews%2FarticleView.html%3Fidxno%3D214191 "HTTP/2 200 OK"
2026-08-21 14:44:11,201 [INFO] HTTP Request: POST https://wafeeknfpzjzngzuphoz.supabase.co/rest/v1/articles "HTTP/2 201 Created"
2026-08-21 14:44:11,222 [INFO] HTTP Request: GET https://wafeeknfpzjzngzuphoz.supabase.co/rest/v1/articles?select=article_id&original_url=eq.https%3A%2F%2Fwww.aitimes.com%2Fnews%2FarticleView.html%3Fidxno%3D214183 "HTTP/2 200 OK"
2026-08-21 14:44:11,241 [INFO] HTTP Request: POST https://wafeeknfpzjzngzuphoz.supabase.co/rest/v1/articles "HTTP/2 201 Created"
2026-08-21 14:44:11,258 [INFO] HTTP Request: GET https://wafeeknfpzjzngzuphoz.supabase.co/rest/v1/articles?select=article_id&original_url=eq.https%3A%2F%2Fwww.aitimes.com%2Fnews%2FarticleView.html%3Fidxno%3D214196 "HTTP/2 200 OK"
2026-08-21 14:44:11,277 [INFO] HTTP Request: POST https://wafeeknfpzjzngzuphoz.supabase.co/rest/v1/articles "HTTP/2 201 Created"
2026-08-21 14:44:11,787 [INFO] HTTP Request: GET https://wafeeknfpzjzngzuphoz.supabase.co/rest/v1/articles?select=article_id&original_url=eq.https%3A%2F%2Fnews.google.com%2Frss%2Farticles%2FCBMiXEFVX3lxTE9DWXkyN3hhUDFHR0tCMXdpVkt3OTAyS1dBUUN6QXBKTEpMOF9SLWJSZkl3VW5FdzE2N1JiYk13NGtFQXNnbjFZZ3Vsd3BZNGJLWDJTdVladTk0bXRi%3Foc%3D5 "HTTP/2 200 OK"
2026-08-21 14:44:11,806 [INFO] HTTP Request: POST https://wafeeknfpzjzngzuphoz.supabase.co/rest/v1/articles "HTTP/2 201 Created"
2026-08-21 14:44:11,825 [INFO] HTTP Request: GET https://wafeeknfpzjzngzuphoz.supabase.co/rest/v1/articles?select=article_id&original_url=eq.https%3A%2F%2Fnews.google.com%2Frss%2Farticles%2FCBMiVkFVX3lxTFBlSVhEWDF6dU85X3puVUswSzlXLUx4OXg5b0JZMlJYeHFXcHFsM1FLNEQ4MHQxTjlfRzZMZVhiU0JVTm5nS1paWnhEVXM1RzRmV0hWeWNR%3Foc%3D5 "HTTP/2 200 OK"
2026-08-21 14:44:11,844 [INFO] HTTP Request: POST https://wafeeknfpzjzngzuphoz.supabase.co/rest/v1/articles "HTTP/2 201 Created"
2026-08-21 14:44:11,864 [INFO] HTTP Request: GET https://wafeeknfpzjzngzuphoz.supabase.co/rest/v1/articles?select=article_id&original_url=eq.https%3A%2F%2Fnews.google.com%2Frss%2Farticles%2FCBMijgFBVV95cUxPaXVvNUlaeE5USjVKOGE5WEpLRDA2Y0c4Z3hONXZLaXc3X2IySmlzMy1kSExBUzNRMlY5dmUyNWNnX295R0tucnRKUi1aUnJsMjkzUllJWGdzbHVtajMyVG5pWW81YUxVbzhRQUh1T3E4bTJaU3AtRlFzQ0RjUzFxc1BqMkZpNGRwVUhXTi1R%3Foc%3D5 "HTTP/2 200 OK"
2026-08-21 14:44:11,884 [INFO] HTTP Request: POST https://wafeeknfpzjzngzuphoz.supabase.co/rest/v1/articles "HTTP/2 201 Created"
2026-08-21 14:44:11,902 [INFO] HTTP Request: GET https://wafeeknfpzjzngzuphoz.supabase.co/rest/v1/articles?select=article_id&original_url=eq.https%3A%2F%2Fnews.google.com%2Frss%2Farticles%2FCBMiSEFVX3lxTE1mczBWYm0wOEU3a2NSanExQ0V5ZjNDWmZhNURubTVxcmJDRUNjLXZzT1JmT2JlbVYwUjlWY0dxNXgxRW5ueHdveA%3Foc%3D5 "HTTP/2 200 OK"
2026-08-21 14:44:11,925 [INFO] HTTP Request: POST https://wafeeknfpzjzngzuphoz.supabase.co/rest/v1/articles "HTTP/2 201 Created"
2026-08-21 14:44:11,944 [INFO] HTTP Request: GET https://wafeeknfpzjzngzuphoz.supabase.co/rest/v1/articles?select=article_id&original_url=eq.https%3A%2F%2Fnews.google.com%2Frss%2Farticles%2FCBMib0FVX3lxTE1GYWxwbEp6YTFrUExYQ3J0aW1aVkdtTFptSlNqZ3dsWEdlLXI2RnJyb3UwQVhHWURDamk2UXE5N1dIMzQxZkxOT0R0V1gyUHRkYWhqdWgycHU4WHNXa2QtTUVReFpLbWZoZWlmS09nWQ%3Foc%3D5 "HTTP/2 200 OK"
2026-08-21 14:44:11,976 [INFO] HTTP Request: POST https://wafeeknfpzjzngzuphoz.supabase.co/rest/v1/articles "HTTP/2 201 Created"
2026-08-21 14:44:11,995 [INFO] HTTP Request: GET https://wafeeknfpzjzngzuphoz.supabase.co/rest/v1/articles?select=article_id&original_url=eq.https%3A%2F%2Fnews.google.com%2Frss%2Farticles%2FCBMiT0FVX3lxTFAzaWZPNVkxUlpVVTkzeEkyZURXNHppRWFtYkVEeUFCaDhTeVJFS0VubHd5Tjd6U09KRGI3ZDZYTXFNWWRQeHk5Q1F2eTlzeDQ%3Foc%3D5 "HTTP/2 200 OK"
2026-08-21 14:44:12,016 [INFO] HTTP Request: POST https://wafeeknfpzjzngzuphoz.supabase.co/rest/v1/articles "HTTP/2 201 Created"
2026-08-21 14:44:12,047 [INFO] HTTP Request: GET https://wafeeknfpzjzngzuphoz.supabase.co/rest/v1/articles?select=article_id&original_url=eq.https%3A%2F%2Fnews.google.com%2Frss%2Farticles%2FCBMiZEFVX3lxTE9Pdk1TUFhhVkFtNWhIX2VSYWpDVmZJRGhSLXN1OUdjOHV3MUZkTEwxdXltekZ3QUJPWTJVdEhpX3NhekUyUE45MEsySUQ0Y3lvZmNpeEJSdDJmMDl5UWdmTW0yUmvSAWhBVV95cUxQY0pZWjNrQkk5dmc5T21vRVFRZ05KYVlnOGRCc1I2cU1QczFoWWF0eXRBQkFLa20xRENOb1B4cnRmMmZta2lTdlljYjF3bVNzelp4enhONU52Z2twUDAxcTk2SDlTZU5ZNw%3Foc%3D5 "HTTP/2 200 OK"
2026-08-21 14:44:12,067 [INFO] HTTP Request: POST https://wafeeknfpzjzngzuphoz.supabase.co/rest/v1/articles "HTTP/2 201 Created"
2026-08-21 14:44:12,086 [INFO] HTTP Request: GET https://wafeeknfpzjzngzuphoz.supabase.co/rest/v1/articles?select=article_id&original_url=eq.https%3A%2F%2Fnews.google.com%2Frss%2Farticles%2FCBMiiAFBVV95cUxPcUNMUVl5OG0ydkJSb2c3eVJiLXNNdFYzQno4XzkyYzl2d2lvLUNnYzBzb1lqaHBxNzZtSXBuNzc0dlpfSHZuTC1TeG16RU1OQUhBUDFHaDVRQjB5bVBWazRINWdMZm1hYXpfOURrZzlQV1Ayb3ViWTRLZUl3eGdvdDY3WVVMNExo%3Foc%3D5 "HTTP/2 200 OK"
2026-08-21 14:44:12,106 [INFO] HTTP Request: POST https://wafeeknfpzjzngzuphoz.supabase.co/rest/v1/articles "HTTP/2 201 Created"
2026-08-21 14:44:12,137 [INFO] HTTP Request: GET https://wafeeknfpzjzngzuphoz.supabase.co/rest/v1/articles?select=article_id&original_url=eq.https%3A%2F%2Fnews.google.com%2Frss%2Farticles%2FCBMiWEFVX3lxTFBvd3pDNkp0cF9pMEIwd3lGQTg4VDE1VUVKREgtdEZRVUVuamgtZk5pNTlDM25oSnZCYVh1eENCQ1A0djlaYWdJU3RGWXdyakFlV2E3b1NZUEHSAV5BVV95cUxOMk1seVBkRzVWbHJUaW1IRzY4bTIyS1NEQnlMbzM2V1pPdW00N0pnazJTRW1sRF9QV3h3ZExUb0RDWU1HVGVGR2hwYW1WTzN3ZGVPX2NweG00ZDVUX3pR%3Foc%3D5 "HTTP/2 200 OK"
2026-08-21 14:44:12,158 [INFO] HTTP Request: POST https://wafeeknfpzjzngzuphoz.supabase.co/rest/v1/articles "HTTP/2 201 Created"
2026-08-21 14:44:12,180 [INFO] HTTP Request: GET https://wafeeknfpzjzngzuphoz.supabase.co/rest/v1/articles?select=article_id&original_url=eq.https%3A%2F%2Fnews.google.com%2Frss%2Farticles%2FCBMic0FVX3lxTE1WUnZtUmtkcS1Ec0ppZVV4WjBnNWswaTlPY1JsOXJaWkVaai1kdjdsSXNFY2tTM2hybFJGT3pnLUZUSEp3eHYzVGtYbkhsZEYxdTRhb2JQTXd5Z1I2YXROYlhQN3d6QWJZNHNhZjZreWp3YmM%3Foc%3D5 "HTTP/2 200 OK"
2026-08-21 14:44:12,202 [INFO] HTTP Request: POST https://wafeeknfpzjzngzuphoz.supabase.co/rest/v1/articles "HTTP/2 201 Created"
2026-08-21 14:44:12,873 [INFO] HTTP Request: GET https://wafeeknfpzjzngzuphoz.supabase.co/rest/v1/articles?select=article_id&original_url=eq.https%3A%2F%2Fnews.google.com%2Frss%2Farticles%2FCBMiT0FVX3lxTE5pT2NxbXJmajNtcGRxTHZNcjlXazcwQ29IeGNUN0F3X2dUOWV2S1dDVHMyZUtrdWNoLWhXZHJ0SlJLRUNfcUNjMXR5MUpYTzQ%3Foc%3D5 "HTTP/2 200 OK"
2026-08-21 14:44:12,892 [INFO] HTTP Request: POST https://wafeeknfpzjzngzuphoz.supabase.co/rest/v1/articles "HTTP/2 201 Created"
2026-08-21 14:44:12,913 [INFO] HTTP Request: GET https://wafeeknfpzjzngzuphoz.supabase.co/rest/v1/articles?select=article_id&original_url=eq.https%3A%2F%2Fnews.google.com%2Frss%2Farticles%2FCBMiWkFVX3lxTE95SGFjUDdLYVhPYXBjSXRhelZMMndBZXdkQTR0dTNvRG82U1hRbTVweUJveVVyYUtnR3dOREt5WDFjOVdVQnd0VWlLU0k2cTVDdUprWENTaTREUdIBX0FVX3lxTE1ITGZzcjlrQkNDWDE3RnBpdXVPV2RtVXNKT3NUUzRVcWYzSk5mRW92cWs2X09aVVNNeTZyYlhkekY2OUQ1UWwzcUJFY1hiTFgwU2hVS0xLWXZlVXFheFhJ%3Foc%3D5 "HTTP/2 200 OK"
2026-08-21 14:44:12,952 [INFO] HTTP Request: POST https://wafeeknfpzjzngzuphoz.supabase.co/rest/v1/articles "HTTP/2 201 Created"
2026-08-21 14:44:12,971 [INFO] HTTP Request: GET https://wafeeknfpzjzngzuphoz.supabase.co/rest/v1/articles?select=article_id&original_url=eq.https%3A%2F%2Fnews.google.com%2Frss%2Farticles%2FCBMiWkFVX3lxTE1sa0hTYXF5WDhTS1pzWXBMWVVsYnpCNW1MTkpKc19lcmhuelEzdTJVSDlwNkVzMTIxWUdpRlBMSC1oNGN4R2xPSlN3V0poR2RGa0pvbUZvMVdhUdIBWEFVX3lxTE1OR2llcHJQMTBTaDBNVVVkT3cwd0xfQWJ4b2VRcmtFSnNNUE1JZjMtZUhld0lqRDdOYjM2b1JSVk5UT1JwM0F1OS1OaWZIbTdKQ3Ixck10LUc%3Foc%3D5 "HTTP/2 200 OK"
2026-08-21 14:44:12,994 [INFO] HTTP Request: POST https://wafeeknfpzjzngzuphoz.supabase.co/rest/v1/articles "HTTP/2 201 Created"
2026-08-21 14:44:13,011 [INFO] HTTP Request: GET https://wafeeknfpzjzngzuphoz.supabase.co/rest/v1/articles?select=article_id&original_url=eq.https%3A%2F%2Fnews.google.com%2Frss%2Farticles%2FCBMiXEFVX3lxTE9FTkJLTmFvLVJJem5NckxBWUJfVW5BWklBd1ExZjFhbF85NzFRR21HRTBCbHI3QWs0blN0aDhiVTNMX2xmN2ZVdER5dGV3LWNPUFFxMHJMM1RjRnJa%3Foc%3D5 "HTTP/2 200 OK"
2026-08-21 14:44:13,031 [INFO] HTTP Request: POST https://wafeeknfpzjzngzuphoz.supabase.co/rest/v1/articles "HTTP/2 201 Created"
2026-08-21 14:44:13,050 [INFO] HTTP Request: GET https://wafeeknfpzjzngzuphoz.supabase.co/rest/v1/articles?select=article_id&original_url=eq.https%3A%2F%2Fnews.google.com%2Frss%2Farticles%2FCBMiYkFVX3lxTE1FdWNubjI3UUxJLVFiMm13dGVzQ3NVUEdxRnUzTkpzSTRmQ3RySWtyYU9Nb05xbFJxUmNlazQ0VHdyNXg0d0toelUyZ2I1ODFBMGR4M09WSkY3Y3B5SEtEdTNB%3Foc%3D5 "HTTP/2 200 OK"
2026-08-21 14:44:13,073 [INFO] HTTP Request: POST https://wafeeknfpzjzngzuphoz.supabase.co/rest/v1/articles "HTTP/2 201 Created"
2026-08-21 14:44:13,092 [INFO] HTTP Request: GET https://wafeeknfpzjzngzuphoz.supabase.co/rest/v1/articles?select=article_id&original_url=eq.https%3A%2F%2Fnews.google.com%2Frss%2Farticles%2FCBMihAFBVV95cUxQOHc5V0xHTzhmMnc0bzNvbHdpU0Q1RjZPVjl6Z3hRTkpYYlRqWDEyZlQ5WnhORG56Ry1zNkQySWtQclFnTmlTeDZZcnFUckhka29Ed2RFTXZaaXhQX3FOQWJaOThFQUlTNzVwMTdzUFVRcml6b1hkS2R2M09NU2tuazFBaFA%3Foc%3D5 "HTTP/2 200 OK"
2026-08-21 14:44:13,112 [INFO] HTTP Request: POST https://wafeeknfpzjzngzuphoz.supabase.co/rest/v1/articles "HTTP/2 201 Created"
2026-08-21 14:44:13,132 [INFO] HTTP Request: GET https://wafeeknfpzjzngzuphoz.supabase.co/rest/v1/articles?select=article_id&original_url=eq.https%3A%2F%2Fnews.google.com%2Frss%2Farticles%2FCBMic0FVX3lxTE1kZmtaTGNLYUhmOEdnTXBqTm13b3ZKNXk1MS0xU3ZKWl9fTm5yc3hrNDRaeUF1TkF6WFFDU3QzZG0yTkNQbzZGbDNPMG1xU1ByeFZaSHhEOG9vZ09ZSDFtVXBILTVGd2dobFZfNnZzWk1kdUHSAXdBVV95cUxQcHR3Y092blBPc202b1JaOHh5ZFl1Vkw2NnRzdmNuRXBpYUpOQkc5NkpkMUFpWl9aN2VxVlZFSmZXSzdPOFhacHJjWXV6Unp2cGRVVUNCNFdJYjZ3bDZ1OTFDUXRFWXVHa0Uwa1dUUE43RlJvQ2Ztdw%3Foc%3D5 "HTTP/2 200 OK"
2026-08-21 14:44:13,151 [INFO] HTTP Request: POST https://wafeeknfpzjzngzuphoz.supabase.co/rest/v1/articles "HTTP/2 201 Created"
2026-08-21 14:44:13,172 [INFO] HTTP Request: GET https://wafeeknfpzjzngzuphoz.supabase.co/rest/v1/articles?select=article_id&original_url=eq.https%3A%2F%2Fnews.google.com%2Frss%2Farticles%2FCBMiaEFVX3lxTE9GdVM2T3VXYmhMWGxqSlFwREc5VzExOWpSWU1rNE5KY1VLTUlGcHJJZFVtdlBCSm0tclpMMWZINTJucnJObW05UXQxbDZ3aXJRNVBLVFgtUnFiWF9WRFh2YlphbUh4VGNP0gFsQVVfeXFMUFF2cUJROC1HMnpmNGNUVkJNa3htd2NsYk5CUzRTWjBGZkVwRXpKWWlFU2F5bVN3ZFNiai1aeU5SN1ZOWmZvRmJ6UTFrUzRqU2F6R0s0TEFtWl9CVXdzT3ZXdnRqU2hObS00enhK%3Foc%3D5 "HTTP/2 200 OK"
2026-08-21 14:44:13,191 [INFO] HTTP Request: POST https://wafeeknfpzjzngzuphoz.supabase.co/rest/v1/articles "HTTP/2 201 Created"
2026-08-21 14:44:13,211 [INFO] HTTP Request: GET https://wafeeknfpzjzngzuphoz.supabase.co/rest/v1/articles?select=article_id&original_url=eq.https%3A%2F%2Fnews.google.com%2Frss%2Farticles%2FCBMic0FVX3lxTE9EdUhvQV9xVlE2WER4QWV0NWx0ajRpbVBOR1VCclR2dkZpS21EakV2a1VFUVFuSmdjN2tLS0I4eWhXV2hIMjFFZ191Z09sNmFvZTY4ZFNYNzdBcmlWWmFhWHBuYlJ3eE03M245V19KMnFFRFk%3Foc%3D5 "HTTP/2 200 OK"
2026-08-21 14:44:13,232 [INFO] HTTP Request: POST https://wafeeknfpzjzngzuphoz.supabase.co/rest/v1/articles "HTTP/2 201 Created"
2026-08-21 14:44:13,251 [INFO] HTTP Request: GET https://wafeeknfpzjzngzuphoz.supabase.co/rest/v1/articles?select=article_id&original_url=eq.https%3A%2F%2Fnews.google.com%2Frss%2Farticles%2FCBMiZEFVX3lxTE8xaEVuWHhyODVkLWNFYlpFS0dldk50NUhRVUFkZnE4ZmM2ZmF5d2VtcWxoRWhUUk1qN2ZKOXgyakhPNVc3elVwV21iWWl6VXlEaDBGUmR3dVQ3XzgwM3V1SGtSb0s%3Foc%3D5 "HTTP/2 200 OK"
2026-08-21 14:44:13,272 [INFO] HTTP Request: POST https://wafeeknfpzjzngzuphoz.supabase.co/rest/v1/articles "HTTP/2 201 Created"
2026-08-21 14:44:13,388 [INFO] HTTP Request: GET https://wafeeknfpzjzngzuphoz.supabase.co/rest/v1/articles?select=article_id&original_url=eq.https%3A%2F%2Fyozm.wishket.com%2Fmagazine%2Fdetail%2F3909 "HTTP/2 200 OK"
2026-08-21 14:44:13,415 [INFO] HTTP Request: POST https://wafeeknfpzjzngzuphoz.supabase.co/rest/v1/articles "HTTP/2 201 Created"
2026-08-21 14:44:13,433 [INFO] HTTP Request: GET https://wafeeknfpzjzngzuphoz.supabase.co/rest/v1/articles?select=article_id&original_url=eq.https%3A%2F%2Fyozm.wishket.com%2Fmagazine%2Fdetail%2F3908 "HTTP/2 200 OK"
2026-08-21 14:44:13,453 [INFO] HTTP Request: POST https://wafeeknfpzjzngzuphoz.supabase.co/rest/v1/articles "HTTP/2 201 Created"
2026-08-21 14:44:13,471 [INFO] HTTP Request: GET https://wafeeknfpzjzngzuphoz.supabase.co/rest/v1/articles?select=article_id&original_url=eq.https%3A%2F%2Fyozm.wishket.com%2Fmagazine%2Fdetail%2F3907 "HTTP/2 200 OK"
2026-08-21 14:44:13,491 [INFO] HTTP Request: POST https://wafeeknfpzjzngzuphoz.supabase.co/rest/v1/articles "HTTP/2 201 Created"
2026-08-21 14:44:13,508 [INFO] HTTP Request: GET https://wafeeknfpzjzngzuphoz.supabase.co/rest/v1/articles?select=article_id&original_url=eq.https%3A%2F%2Fyozm.wishket.com%2Fmagazine%2Fdetail%2F3906 "HTTP/2 200 OK"
2026-08-21 14:44:13,528 [INFO] HTTP Request: POST https://wafeeknfpzjzngzuphoz.supabase.co/rest/v1/articles "HTTP/2 201 Created"
2026-08-21 14:44:13,546 [INFO] HTTP Request: GET https://wafeeknfpzjzngzuphoz.supabase.co/rest/v1/articles?select=article_id&original_url=eq.https%3A%2F%2Fyozm.wishket.com%2Fmagazine%2Fdetail%2F3905 "HTTP/2 200 OK"
2026-08-21 14:44:13,566 [INFO] HTTP Request: POST https://wafeeknfpzjzngzuphoz.supabase.co/rest/v1/articles "HTTP/2 201 Created"
2026-08-21 14:44:13,583 [INFO] HTTP Request: GET https://wafeeknfpzjzngzuphoz.supabase.co/rest/v1/articles?select=article_id&original_url=eq.https%3A%2F%2Fyozm.wishket.com%2Fmagazine%2Fdetail%2F3904 "HTTP/2 200 OK"
2026-08-21 14:44:13,603 [INFO] HTTP Request: POST https://wafeeknfpzjzngzuphoz.supabase.co/rest/v1/articles "HTTP/2 201 Created"
2026-08-21 14:44:13,623 [INFO] HTTP Request: GET https://wafeeknfpzjzngzuphoz.supabase.co/rest/v1/articles?select=article_id&original_url=eq.https%3A%2F%2Fyozm.wishket.com%2Fmagazine%2Fdetail%2F3903 "HTTP/2 200 OK"
2026-08-21 14:44:13,643 [INFO] HTTP Request: POST https://wafeeknfpzjzngzuphoz.supabase.co/rest/v1/articles "HTTP/2 201 Created"
2026-08-21 14:44:13,663 [INFO] HTTP Request: GET https://wafeeknfpzjzngzuphoz.supabase.co/rest/v1/articles?select=article_id&original_url=eq.https%3A%2F%2Fyozm.wishket.com%2Fmagazine%2Fdetail%2F3902 "HTTP/2 200 OK"
2026-08-21 14:44:13,685 [INFO] HTTP Request: POST https://wafeeknfpzjzngzuphoz.supabase.co/rest/v1/articles "HTTP/2 201 Created"
2026-08-21 14:44:13,706 [INFO] HTTP Request: GET https://wafeeknfpzjzngzuphoz.supabase.co/rest/v1/articles?select=article_id&original_url=eq.https%3A%2F%2Fyozm.wishket.com%2Fmagazine%2Fdetail%2F3901 "HTTP/2 200 OK"
2026-08-21 14:44:13,727 [INFO] HTTP Request: POST https://wafeeknfpzjzngzuphoz.supabase.co/rest/v1/articles "HTTP/2 201 Created"
2026-08-21 14:44:13,747 [INFO] HTTP Request: GET https://wafeeknfpzjzngzuphoz.supabase.co/rest/v1/articles?select=article_id&original_url=eq.https%3A%2F%2Fyozm.wishket.com%2Fmagazine%2Fdetail%2F3900 "HTTP/2 200 OK"
2026-08-21 14:44:13,770 [INFO] HTTP Request: POST https://wafeeknfpzjzngzuphoz.supabase.co/rest/v1/articles "HTTP/2 201 Created"
2026-08-21 14:44:14,116 [INFO] HTTP Request: GET https://wafeeknfpzjzngzuphoz.supabase.co/rest/v1/articles?select=article_id&original_url=eq.https%3A%2F%2Ftechblog.woowahan.com%2F26876%2F "HTTP/2 200 OK"
2026-08-21 14:44:14,145 [INFO] HTTP Request: POST https://wafeeknfpzjzngzuphoz.supabase.co/rest/v1/articles "HTTP/2 201 Created"
2026-08-21 14:44:14,164 [INFO] HTTP Request: GET https://wafeeknfpzjzngzuphoz.supabase.co/rest/v1/articles?select=article_id&original_url=eq.https%3A%2F%2Ftechblog.woowahan.com%2F26777%2F "HTTP/2 200 OK"
2026-08-21 14:44:14,189 [INFO] HTTP Request: POST https://wafeeknfpzjzngzuphoz.supabase.co/rest/v1/articles "HTTP/2 201 Created"
2026-08-21 14:44:14,208 [INFO] HTTP Request: GET https://wafeeknfpzjzngzuphoz.supabase.co/rest/v1/articles?select=article_id&original_url=eq.https%3A%2F%2Ftechblog.woowahan.com%2F26729%2F "HTTP/2 200 OK"
2026-08-21 14:44:14,232 [INFO] HTTP Request: POST https://wafeeknfpzjzngzuphoz.supabase.co/rest/v1/articles "HTTP/2 201 Created"
2026-08-21 14:44:14,254 [INFO] HTTP Request: GET https://wafeeknfpzjzngzuphoz.supabase.co/rest/v1/articles?select=article_id&original_url=eq.https%3A%2F%2Ftechblog.woowahan.com%2F26507%2F "HTTP/2 200 OK"
2026-08-21 14:44:14,285 [INFO] HTTP Request: POST https://wafeeknfpzjzngzuphoz.supabase.co/rest/v1/articles "HTTP/2 201 Created"
2026-08-21 14:44:14,305 [INFO] HTTP Request: GET https://wafeeknfpzjzngzuphoz.supabase.co/rest/v1/articles?select=article_id&original_url=eq.https%3A%2F%2Ftechblog.woowahan.com%2F26624%2F "HTTP/2 200 OK"
2026-08-21 14:44:14,333 [INFO] HTTP Request: POST https://wafeeknfpzjzngzuphoz.supabase.co/rest/v1/articles "HTTP/2 201 Created"
2026-08-21 14:44:14,352 [INFO] HTTP Request: GET https://wafeeknfpzjzngzuphoz.supabase.co/rest/v1/articles?select=article_id&original_url=eq.https%3A%2F%2Ftechblog.woowahan.com%2F26492%2F "HTTP/2 200 OK"
2026-08-21 14:44:14,392 [INFO] HTTP Request: POST https://wafeeknfpzjzngzuphoz.supabase.co/rest/v1/articles "HTTP/2 201 Created"
2026-08-21 14:44:14,414 [INFO] HTTP Request: GET https://wafeeknfpzjzngzuphoz.supabase.co/rest/v1/articles?select=article_id&original_url=eq.https%3A%2F%2Ftechblog.woowahan.com%2F26459%2F "HTTP/2 200 OK"
2026-08-21 14:44:14,445 [INFO] HTTP Request: POST https://wafeeknfpzjzngzuphoz.supabase.co/rest/v1/articles "HTTP/2 201 Created"
2026-08-21 14:44:14,466 [INFO] HTTP Request: GET https://wafeeknfpzjzngzuphoz.supabase.co/rest/v1/articles?select=article_id&original_url=eq.https%3A%2F%2Ftechblog.woowahan.com%2F26379%2F "HTTP/2 200 OK"
2026-08-21 14:44:14,495 [INFO] HTTP Request: POST https://wafeeknfpzjzngzuphoz.supabase.co/rest/v1/articles "HTTP/2 201 Created"
2026-08-21 14:44:14,515 [INFO] HTTP Request: GET https://wafeeknfpzjzngzuphoz.supabase.co/rest/v1/articles?select=article_id&original_url=eq.https%3A%2F%2Ftechblog.woowahan.com%2F26388%2F "HTTP/2 200 OK"
2026-08-21 14:44:14,545 [INFO] HTTP Request: POST https://wafeeknfpzjzngzuphoz.supabase.co/rest/v1/articles "HTTP/2 201 Created"
2026-08-21 14:44:14,565 [INFO] HTTP Request: GET https://wafeeknfpzjzngzuphoz.supabase.co/rest/v1/articles?select=article_id&original_url=eq.https%3A%2F%2Ftechblog.woowahan.com%2F26319%2F "HTTP/2 200 OK"
2026-08-21 14:44:14,616 [INFO] HTTP Request: POST https://wafeeknfpzjzngzuphoz.supabase.co/rest/v1/articles "HTTP/2 201 Created"
2026-08-21 14:44:14,730 [INFO] HTTP Request: GET https://wafeeknfpzjzngzuphoz.supabase.co/rest/v1/articles?select=article_id&original_url=eq.https%3A%2F%2Ftech.kakao.com%2Fposts%2F829 "HTTP/2 200 OK"
2026-08-21 14:44:14,750 [INFO] HTTP Request: POST https://wafeeknfpzjzngzuphoz.supabase.co/rest/v1/articles "HTTP/2 201 Created"
2026-08-21 14:44:14,767 [INFO] HTTP Request: GET https://wafeeknfpzjzngzuphoz.supabase.co/rest/v1/articles?select=article_id&original_url=eq.https%3A%2F%2Ftech.kakao.com%2Fposts%2F828 "HTTP/2 200 OK"
2026-08-21 14:44:14,787 [INFO] HTTP Request: POST https://wafeeknfpzjzngzuphoz.supabase.co/rest/v1/articles "HTTP/2 201 Created"
2026-08-21 14:44:14,805 [INFO] HTTP Request: GET https://wafeeknfpzjzngzuphoz.supabase.co/rest/v1/articles?select=article_id&original_url=eq.https%3A%2F%2Ftech.kakao.com%2Fposts%2F827 "HTTP/2 200 OK"
2026-08-21 14:44:14,826 [INFO] HTTP Request: POST https://wafeeknfpzjzngzuphoz.supabase.co/rest/v1/articles "HTTP/2 201 Created"
2026-08-21 14:44:14,843 [INFO] HTTP Request: GET https://wafeeknfpzjzngzuphoz.supabase.co/rest/v1/articles?select=article_id&original_url=eq.https%3A%2F%2Ftech.kakao.com%2Fposts%2F826 "HTTP/2 200 OK"
2026-08-21 14:44:14,862 [INFO] HTTP Request: POST https://wafeeknfpzjzngzuphoz.supabase.co/rest/v1/articles "HTTP/2 201 Created"
2026-08-21 14:44:14,881 [INFO] HTTP Request: GET https://wafeeknfpzjzngzuphoz.supabase.co/rest/v1/articles?select=article_id&original_url=eq.https%3A%2F%2Ftech.kakao.com%2Fposts%2F825 "HTTP/2 200 OK"
2026-08-21 14:44:14,902 [INFO] HTTP Request: POST https://wafeeknfpzjzngzuphoz.supabase.co/rest/v1/articles "HTTP/2 201 Created"
2026-08-21 14:44:14,919 [INFO] HTTP Request: GET https://wafeeknfpzjzngzuphoz.supabase.co/rest/v1/articles?select=article_id&original_url=eq.https%3A%2F%2Ftech.kakao.com%2Fposts%2F824 "HTTP/2 200 OK"
2026-08-21 14:44:14,938 [INFO] HTTP Request: POST https://wafeeknfpzjzngzuphoz.supabase.co/rest/v1/articles "HTTP/2 201 Created"
2026-08-21 14:44:14,956 [INFO] HTTP Request: GET https://wafeeknfpzjzngzuphoz.supabase.co/rest/v1/articles?select=article_id&original_url=eq.https%3A%2F%2Ftech.kakao.com%2Fposts%2F823 "HTTP/2 200 OK"
2026-08-21 14:44:14,975 [INFO] HTTP Request: POST https://wafeeknfpzjzngzuphoz.supabase.co/rest/v1/articles "HTTP/2 201 Created"
2026-08-21 14:44:14,994 [INFO] HTTP Request: GET https://wafeeknfpzjzngzuphoz.supabase.co/rest/v1/articles?select=article_id&original_url=eq.https%3A%2F%2Ftech.kakao.com%2Fposts%2F818 "HTTP/2 200 OK"
2026-08-21 14:44:15,016 [INFO] HTTP Request: POST https://wafeeknfpzjzngzuphoz.supabase.co/rest/v1/articles "HTTP/2 201 Created"
2026-08-21 14:44:15,037 [INFO] HTTP Request: GET https://wafeeknfpzjzngzuphoz.supabase.co/rest/v1/articles?select=article_id&original_url=eq.https%3A%2F%2Ftech.kakao.com%2Fposts%2F822 "HTTP/2 200 OK"
2026-08-21 14:44:15,057 [INFO] HTTP Request: POST https://wafeeknfpzjzngzuphoz.supabase.co/rest/v1/articles "HTTP/2 201 Created"
2026-08-21 14:44:15,074 [INFO] HTTP Request: GET https://wafeeknfpzjzngzuphoz.supabase.co/rest/v1/articles?select=article_id&original_url=eq.https%3A%2F%2Ftech.kakao.com%2Fposts%2F821 "HTTP/2 200 OK"
2026-08-21 14:44:15,114 [INFO] HTTP Request: POST https://wafeeknfpzjzngzuphoz.supabase.co/rest/v1/articles "HTTP/2 201 Created"
2026-08-21 14:44:15,115 [INFO] ✅ 총 70개 신규 기사 DB 저장 완료
2026-08-21 14:44:15,115 [INFO] 🔗 오늘자 웹페이지: https://your-domain.com/news/2026-08-21

2026-08-21 14:57:25,849 [INFO] ⚡ [--now] 옵션 감지: 즉시 수집 작업을 실행합니다.
2026-08-21 14:57:25,850 [INFO] 🚀 [Start] RSS 피드 수집 및 DB 저장 시작
2026-08-21 14:57:26,384 [INFO] HTTP Request: GET https://wafeeknfpzjzngzuphoz.supabase.co/rest/v1/articles?select=article_id&original_url=eq.https%3A%2F%2Fnews.hada.io%2Ftopic%3Fid%3D32720 "HTTP/2 200 OK"
2026-08-21 14:57:26,410 [INFO] HTTP Request: GET https://wafeeknfpzjzngzuphoz.supabase.co/rest/v1/articles?select=article_id&original_url=eq.https%3A%2F%2Fnews.hada.io%2Ftopic%3Fid%3D32719 "HTTP/2 200 OK"
2026-08-21 14:57:26,431 [INFO] HTTP Request: GET https://wafeeknfpzjzngzuphoz.supabase.co/rest/v1/articles?select=article_id&original_url=eq.https%3A%2F%2Fnews.hada.io%2Ftopic%3Fid%3D32717 "HTTP/2 200 OK"
2026-08-21 14:57:26,452 [INFO] HTTP Request: GET https://wafeeknfpzjzngzuphoz.supabase.co/rest/v1/articles?select=article_id&original_url=eq.https%3A%2F%2Fnews.hada.io%2Ftopic%3Fid%3D32716 "HTTP/2 200 OK"
2026-08-21 14:57:26,473 [INFO] HTTP Request: GET https://wafeeknfpzjzngzuphoz.supabase.co/rest/v1/articles?select=article_id&original_url=eq.https%3A%2F%2Fnews.hada.io%2Ftopic%3Fid%3D32715 "HTTP/2 200 OK"
2026-08-21 14:57:26,495 [INFO] HTTP Request: GET https://wafeeknfpzjzngzuphoz.supabase.co/rest/v1/articles?select=article_id&original_url=eq.https%3A%2F%2Fnews.hada.io%2Ftopic%3Fid%3D32714 "HTTP/2 200 OK"
2026-08-21 14:57:26,517 [INFO] HTTP Request: GET https://wafeeknfpzjzngzuphoz.supabase.co/rest/v1/articles?select=article_id&original_url=eq.https%3A%2F%2Fnews.hada.io%2Ftopic%3Fid%3D32713 "HTTP/2 200 OK"
2026-08-21 14:57:26,542 [INFO] HTTP Request: GET https://wafeeknfpzjzngzuphoz.supabase.co/rest/v1/articles?select=article_id&original_url=eq.https%3A%2F%2Fnews.hada.io%2Ftopic%3Fid%3D32712 "HTTP/2 200 OK"
2026-08-21 14:57:26,562 [INFO] HTTP Request: GET https://wafeeknfpzjzngzuphoz.supabase.co/rest/v1/articles?select=article_id&original_url=eq.https%3A%2F%2Fnews.hada.io%2Ftopic%3Fid%3D32711 "HTTP/2 200 OK"
2026-08-21 14:57:26,583 [INFO] HTTP Request: GET https://wafeeknfpzjzngzuphoz.supabase.co/rest/v1/articles?select=article_id&original_url=eq.https%3A%2F%2Fnews.hada.io%2Ftopic%3Fid%3D32710 "HTTP/2 200 OK"
2026-08-21 14:57:26,664 [INFO] HTTP Request: GET https://wafeeknfpzjzngzuphoz.supabase.co/rest/v1/articles?select=article_id&original_url=eq.https%3A%2F%2Fwww.aitimes.com%2Fnews%2FarticleView.html%3Fidxno%3D214206 "HTTP/2 200 OK"
2026-08-21 14:57:26,694 [INFO] HTTP Request: POST https://wafeeknfpzjzngzuphoz.supabase.co/rest/v1/articles "HTTP/2 201 Created"
2026-08-21 14:57:26,712 [INFO] HTTP Request: GET https://wafeeknfpzjzngzuphoz.supabase.co/rest/v1/articles?select=article_id&original_url=eq.https%3A%2F%2Fwww.aitimes.com%2Fnews%2FarticleView.html%3Fidxno%3D214215 "HTTP/2 200 OK"
2026-08-21 14:57:26,742 [INFO] HTTP Request: GET https://wafeeknfpzjzngzuphoz.supabase.co/rest/v1/articles?select=article_id&original_url=eq.https%3A%2F%2Fwww.aitimes.com%2Fnews%2FarticleView.html%3Fidxno%3D214212 "HTTP/2 200 OK"
2026-08-21 14:57:26,765 [INFO] HTTP Request: GET https://wafeeknfpzjzngzuphoz.supabase.co/rest/v1/articles?select=article_id&original_url=eq.https%3A%2F%2Fwww.aitimes.com%2Fnews%2FarticleView.html%3Fidxno%3D214209 "HTTP/2 200 OK"
2026-08-21 14:57:26,784 [INFO] HTTP Request: GET https://wafeeknfpzjzngzuphoz.supabase.co/rest/v1/articles?select=article_id&original_url=eq.https%3A%2F%2Fwww.aitimes.com%2Fnews%2FarticleView.html%3Fidxno%3D214204 "HTTP/2 200 OK"
2026-08-21 14:57:26,807 [INFO] HTTP Request: GET https://wafeeknfpzjzngzuphoz.supabase.co/rest/v1/articles?select=article_id&original_url=eq.https%3A%2F%2Fwww.aitimes.com%2Fnews%2FarticleView.html%3Fidxno%3D214203 "HTTP/2 200 OK"
2026-08-21 14:57:26,827 [INFO] HTTP Request: GET https://wafeeknfpzjzngzuphoz.supabase.co/rest/v1/articles?select=article_id&original_url=eq.https%3A%2F%2Fwww.aitimes.com%2Fnews%2FarticleView.html%3Fidxno%3D214200 "HTTP/2 200 OK"
2026-08-21 14:57:26,848 [INFO] HTTP Request: GET https://wafeeknfpzjzngzuphoz.supabase.co/rest/v1/articles?select=article_id&original_url=eq.https%3A%2F%2Fwww.aitimes.com%2Fnews%2FarticleView.html%3Fidxno%3D214192 "HTTP/2 200 OK"
2026-08-21 14:57:26,868 [INFO] HTTP Request: GET https://wafeeknfpzjzngzuphoz.supabase.co/rest/v1/articles?select=article_id&original_url=eq.https%3A%2F%2Fwww.aitimes.com%2Fnews%2FarticleView.html%3Fidxno%3D214191 "HTTP/2 200 OK"
2026-08-21 14:57:26,887 [INFO] HTTP Request: GET https://wafeeknfpzjzngzuphoz.supabase.co/rest/v1/articles?select=article_id&original_url=eq.https%3A%2F%2Fwww.aitimes.com%2Fnews%2FarticleView.html%3Fidxno%3D214183 "HTTP/2 200 OK"
2026-08-21 14:57:27,427 [INFO] HTTP Request: GET https://wafeeknfpzjzngzuphoz.supabase.co/rest/v1/articles?select=article_id&original_url=eq.https%3A%2F%2Fnews.google.com%2Frss%2Farticles%2FCBMiXEFVX3lxTE9DWXkyN3hhUDFHR0tCMXdpVkt3OTAyS1dBUUN6QXBKTEpMOF9SLWJSZkl3VW5FdzE2N1JiYk13NGtFQXNnbjFZZ3Vsd3BZNGJLWDJTdVladTk0bXRi%3Foc%3D5 "HTTP/2 200 OK"
2026-08-21 14:57:27,447 [INFO] HTTP Request: GET https://wafeeknfpzjzngzuphoz.supabase.co/rest/v1/articles?select=article_id&original_url=eq.https%3A%2F%2Fnews.google.com%2Frss%2Farticles%2FCBMiVkFVX3lxTFBlSVhEWDF6dU85X3puVUswSzlXLUx4OXg5b0JZMlJYeHFXcHFsM1FLNEQ4MHQxTjlfRzZMZVhiU0JVTm5nS1paWnhEVXM1RzRmV0hWeWNR%3Foc%3D5 "HTTP/2 200 OK"
2026-08-21 14:57:27,467 [INFO] HTTP Request: GET https://wafeeknfpzjzngzuphoz.supabase.co/rest/v1/articles?select=article_id&original_url=eq.https%3A%2F%2Fnews.google.com%2Frss%2Farticles%2FCBMijgFBVV95cUxPaXVvNUlaeE5USjVKOGE5WEpLRDA2Y0c4Z3hONXZLaXc3X2IySmlzMy1kSExBUzNRMlY5dmUyNWNnX295R0tucnRKUi1aUnJsMjkzUllJWGdzbHVtajMyVG5pWW81YUxVbzhRQUh1T3E4bTJaU3AtRlFzQ0RjUzFxc1BqMkZpNGRwVUhXTi1R%3Foc%3D5 "HTTP/2 200 OK"
2026-08-21 14:57:27,487 [INFO] HTTP Request: GET https://wafeeknfpzjzngzuphoz.supabase.co/rest/v1/articles?select=article_id&original_url=eq.https%3A%2F%2Fnews.google.com%2Frss%2Farticles%2FCBMiSEFVX3lxTE1mczBWYm0wOEU3a2NSanExQ0V5ZjNDWmZhNURubTVxcmJDRUNjLXZzT1JmT2JlbVYwUjlWY0dxNXgxRW5ueHdveA%3Foc%3D5 "HTTP/2 200 OK"
2026-08-21 14:57:27,511 [INFO] HTTP Request: GET https://wafeeknfpzjzngzuphoz.supabase.co/rest/v1/articles?select=article_id&original_url=eq.https%3A%2F%2Fnews.google.com%2Frss%2Farticles%2FCBMib0FVX3lxTE1GYWxwbEp6YTFrUExYQ3J0aW1aVkdtTFptSlNqZ3dsWEdlLXI2RnJyb3UwQVhHWURDamk2UXE5N1dIMzQxZkxOT0R0V1gyUHRkYWhqdWgycHU4WHNXa2QtTUVReFpLbWZoZWlmS09nWQ%3Foc%3D5 "HTTP/2 200 OK"
2026-08-21 14:57:27,530 [INFO] HTTP Request: GET https://wafeeknfpzjzngzuphoz.supabase.co/rest/v1/articles?select=article_id&original_url=eq.https%3A%2F%2Fnews.google.com%2Frss%2Farticles%2FCBMiT0FVX3lxTFAzaWZPNVkxUlpVVTkzeEkyZURXNHppRWFtYkVEeUFCaDhTeVJFS0VubHd5Tjd6U09KRGI3ZDZYTXFNWWRQeHk5Q1F2eTlzeDQ%3Foc%3D5 "HTTP/2 200 OK"
2026-08-21 14:57:27,552 [INFO] HTTP Request: GET https://wafeeknfpzjzngzuphoz.supabase.co/rest/v1/articles?select=article_id&original_url=eq.https%3A%2F%2Fnews.google.com%2Frss%2Farticles%2FCBMiZEFVX3lxTE9Pdk1TUFhhVkFtNWhIX2VSYWpDVmZJRGhSLXN1OUdjOHV3MUZkTEwxdXltekZ3QUJPWTJVdEhpX3NhekUyUE45MEsySUQ0Y3lvZmNpeEJSdDJmMDl5UWdmTW0yUmvSAWhBVV95cUxQY0pZWjNrQkk5dmc5T21vRVFRZ05KYVlnOGRCc1I2cU1QczFoWWF0eXRBQkFLa20xRENOb1B4cnRmMmZta2lTdlljYjF3bVNzelp4enhONU52Z2twUDAxcTk2SDlTZU5ZNw%3Foc%3D5 "HTTP/2 200 OK"
2026-08-21 14:57:27,571 [INFO] HTTP Request: GET https://wafeeknfpzjzngzuphoz.supabase.co/rest/v1/articles?select=article_id&original_url=eq.https%3A%2F%2Fnews.google.com%2Frss%2Farticles%2FCBMiiAFBVV95cUxPcUNMUVl5OG0ydkJSb2c3eVJiLXNNdFYzQno4XzkyYzl2d2lvLUNnYzBzb1lqaHBxNzZtSXBuNzc0dlpfSHZuTC1TeG16RU1OQUhBUDFHaDVRQjB5bVBWazRINWdMZm1hYXpfOURrZzlQV1Ayb3ViWTRLZUl3eGdvdDY3WVVMNExo%3Foc%3D5 "HTTP/2 200 OK"
2026-08-21 14:57:27,588 [INFO] HTTP Request: GET https://wafeeknfpzjzngzuphoz.supabase.co/rest/v1/articles?select=article_id&original_url=eq.https%3A%2F%2Fnews.google.com%2Frss%2Farticles%2FCBMiWEFVX3lxTFBvd3pDNkp0cF9pMEIwd3lGQTg4VDE1VUVKREgtdEZRVUVuamgtZk5pNTlDM25oSnZCYVh1eENCQ1A0djlaYWdJU3RGWXdyakFlV2E3b1NZUEHSAV5BVV95cUxOMk1seVBkRzVWbHJUaW1IRzY4bTIyS1NEQnlMbzM2V1pPdW00N0pnazJTRW1sRF9QV3h3ZExUb0RDWU1HVGVGR2hwYW1WTzN3ZGVPX2NweG00ZDVUX3pR%3Foc%3D5 "HTTP/2 200 OK"
2026-08-21 14:57:27,607 [INFO] HTTP Request: GET https://wafeeknfpzjzngzuphoz.supabase.co/rest/v1/articles?select=article_id&original_url=eq.https%3A%2F%2Fnews.google.com%2Frss%2Farticles%2FCBMic0FVX3lxTE1WUnZtUmtkcS1Ec0ppZVV4WjBnNWswaTlPY1JsOXJaWkVaai1kdjdsSXNFY2tTM2hybFJGT3pnLUZUSEp3eHYzVGtYbkhsZEYxdTRhb2JQTXd5Z1I2YXROYlhQN3d6QWJZNHNhZjZreWp3YmM%3Foc%3D5 "HTTP/2 200 OK"
2026-08-21 14:57:28,232 [INFO] HTTP Request: GET https://wafeeknfpzjzngzuphoz.supabase.co/rest/v1/articles?select=article_id&original_url=eq.https%3A%2F%2Fnews.google.com%2Frss%2Farticles%2FCBMiT0FVX3lxTE5pT2NxbXJmajNtcGRxTHZNcjlXazcwQ29IeGNUN0F3X2dUOWV2S1dDVHMyZUtrdWNoLWhXZHJ0SlJLRUNfcUNjMXR5MUpYTzQ%3Foc%3D5 "HTTP/2 200 OK"
2026-08-21 14:57:28,261 [INFO] HTTP Request: GET https://wafeeknfpzjzngzuphoz.supabase.co/rest/v1/articles?select=article_id&original_url=eq.https%3A%2F%2Fnews.google.com%2Frss%2Farticles%2FCBMiWkFVX3lxTE95SGFjUDdLYVhPYXBjSXRhelZMMndBZXdkQTR0dTNvRG82U1hRbTVweUJveVVyYUtnR3dOREt5WDFjOVdVQnd0VWlLU0k2cTVDdUprWENTaTREUdIBX0FVX3lxTE1ITGZzcjlrQkNDWDE3RnBpdXVPV2RtVXNKT3NUUzRVcWYzSk5mRW92cWs2X09aVVNNeTZyYlhkekY2OUQ1UWwzcUJFY1hiTFgwU2hVS0xLWXZlVXFheFhJ%3Foc%3D5 "HTTP/2 200 OK"
2026-08-21 14:57:28,279 [INFO] HTTP Request: GET https://wafeeknfpzjzngzuphoz.supabase.co/rest/v1/articles?select=article_id&original_url=eq.https%3A%2F%2Fnews.google.com%2Frss%2Farticles%2FCBMiWkFVX3lxTE1sa0hTYXF5WDhTS1pzWXBMWVVsYnpCNW1MTkpKc19lcmhuelEzdTJVSDlwNkVzMTIxWUdpRlBMSC1oNGN4R2xPSlN3V0poR2RGa0pvbUZvMVdhUdIBWEFVX3lxTE1OR2llcHJQMTBTaDBNVVVkT3cwd0xfQWJ4b2VRcmtFSnNNUE1JZjMtZUhld0lqRDdOYjM2b1JSVk5UT1JwM0F1OS1OaWZIbTdKQ3Ixck10LUc%3Foc%3D5 "HTTP/2 200 OK"
2026-08-21 14:57:28,298 [INFO] HTTP Request: GET https://wafeeknfpzjzngzuphoz.supabase.co/rest/v1/articles?select=article_id&original_url=eq.https%3A%2F%2Fnews.google.com%2Frss%2Farticles%2FCBMiXEFVX3lxTE9FTkJLTmFvLVJJem5NckxBWUJfVW5BWklBd1ExZjFhbF85NzFRR21HRTBCbHI3QWs0blN0aDhiVTNMX2xmN2ZVdER5dGV3LWNPUFFxMHJMM1RjRnJa%3Foc%3D5 "HTTP/2 200 OK"
2026-08-21 14:57:28,317 [INFO] HTTP Request: GET https://wafeeknfpzjzngzuphoz.supabase.co/rest/v1/articles?select=article_id&original_url=eq.https%3A%2F%2Fnews.google.com%2Frss%2Farticles%2FCBMiYkFVX3lxTE1FdWNubjI3UUxJLVFiMm13dGVzQ3NVUEdxRnUzTkpzSTRmQ3RySWtyYU9Nb05xbFJxUmNlazQ0VHdyNXg0d0toelUyZ2I1ODFBMGR4M09WSkY3Y3B5SEtEdTNB%3Foc%3D5 "HTTP/2 200 OK"
2026-08-21 14:57:28,336 [INFO] HTTP Request: GET https://wafeeknfpzjzngzuphoz.supabase.co/rest/v1/articles?select=article_id&original_url=eq.https%3A%2F%2Fnews.google.com%2Frss%2Farticles%2FCBMihAFBVV95cUxQOHc5V0xHTzhmMnc0bzNvbHdpU0Q1RjZPVjl6Z3hRTkpYYlRqWDEyZlQ5WnhORG56Ry1zNkQySWtQclFnTmlTeDZZcnFUckhka29Ed2RFTXZaaXhQX3FOQWJaOThFQUlTNzVwMTdzUFVRcml6b1hkS2R2M09NU2tuazFBaFA%3Foc%3D5 "HTTP/2 200 OK"
2026-08-21 14:57:28,356 [INFO] HTTP Request: GET https://wafeeknfpzjzngzuphoz.supabase.co/rest/v1/articles?select=article_id&original_url=eq.https%3A%2F%2Fnews.google.com%2Frss%2Farticles%2FCBMic0FVX3lxTE1kZmtaTGNLYUhmOEdnTXBqTm13b3ZKNXk1MS0xU3ZKWl9fTm5yc3hrNDRaeUF1TkF6WFFDU3QzZG0yTkNQbzZGbDNPMG1xU1ByeFZaSHhEOG9vZ09ZSDFtVXBILTVGd2dobFZfNnZzWk1kdUHSAXdBVV95cUxQcHR3Y092blBPc202b1JaOHh5ZFl1Vkw2NnRzdmNuRXBpYUpOQkc5NkpkMUFpWl9aN2VxVlZFSmZXSzdPOFhacHJjWXV6Unp2cGRVVUNCNFdJYjZ3bDZ1OTFDUXRFWXVHa0Uwa1dUUE43RlJvQ2Ztdw%3Foc%3D5 "HTTP/2 200 OK"
2026-08-21 14:57:28,377 [INFO] HTTP Request: GET https://wafeeknfpzjzngzuphoz.supabase.co/rest/v1/articles?select=article_id&original_url=eq.https%3A%2F%2Fnews.google.com%2Frss%2Farticles%2FCBMiaEFVX3lxTE9GdVM2T3VXYmhMWGxqSlFwREc5VzExOWpSWU1rNE5KY1VLTUlGcHJJZFVtdlBCSm0tclpMMWZINTJucnJObW05UXQxbDZ3aXJRNVBLVFgtUnFiWF9WRFh2YlphbUh4VGNP0gFsQVVfeXFMUFF2cUJROC1HMnpmNGNUVkJNa3htd2NsYk5CUzRTWjBGZkVwRXpKWWlFU2F5bVN3ZFNiai1aeU5SN1ZOWmZvRmJ6UTFrUzRqU2F6R0s0TEFtWl9CVXdzT3ZXdnRqU2hObS00enhK%3Foc%3D5 "HTTP/2 200 OK"
2026-08-21 14:57:28,396 [INFO] HTTP Request: GET https://wafeeknfpzjzngzuphoz.supabase.co/rest/v1/articles?select=article_id&original_url=eq.https%3A%2F%2Fnews.google.com%2Frss%2Farticles%2FCBMic0FVX3lxTE9EdUhvQV9xVlE2WER4QWV0NWx0ajRpbVBOR1VCclR2dkZpS21EakV2a1VFUVFuSmdjN2tLS0I4eWhXV2hIMjFFZ191Z09sNmFvZTY4ZFNYNzdBcmlWWmFhWHBuYlJ3eE03M245V19KMnFFRFk%3Foc%3D5 "HTTP/2 200 OK"
2026-08-21 14:57:28,418 [INFO] HTTP Request: GET https://wafeeknfpzjzngzuphoz.supabase.co/rest/v1/articles?select=article_id&original_url=eq.https%3A%2F%2Fnews.google.com%2Frss%2Farticles%2FCBMiZEFVX3lxTE8xaEVuWHhyODVkLWNFYlpFS0dldk50NUhRVUFkZnE4ZmM2ZmF5d2VtcWxoRWhUUk1qN2ZKOXgyakhPNVc3elVwV21iWWl6VXlEaDBGUmR3dVQ3XzgwM3V1SGtSb0s%3Foc%3D5 "HTTP/2 200 OK"
2026-08-21 14:57:28,545 [INFO] HTTP Request: GET https://wafeeknfpzjzngzuphoz.supabase.co/rest/v1/articles?select=article_id&original_url=eq.https%3A%2F%2Fyozm.wishket.com%2Fmagazine%2Fdetail%2F3909 "HTTP/2 200 OK"
2026-08-21 14:57:28,563 [INFO] HTTP Request: GET https://wafeeknfpzjzngzuphoz.supabase.co/rest/v1/articles?select=article_id&original_url=eq.https%3A%2F%2Fyozm.wishket.com%2Fmagazine%2Fdetail%2F3908 "HTTP/2 200 OK"
2026-08-21 14:57:28,582 [INFO] HTTP Request: GET https://wafeeknfpzjzngzuphoz.supabase.co/rest/v1/articles?select=article_id&original_url=eq.https%3A%2F%2Fyozm.wishket.com%2Fmagazine%2Fdetail%2F3907 "HTTP/2 200 OK"
2026-08-21 14:57:28,604 [INFO] HTTP Request: GET https://wafeeknfpzjzngzuphoz.supabase.co/rest/v1/articles?select=article_id&original_url=eq.https%3A%2F%2Fyozm.wishket.com%2Fmagazine%2Fdetail%2F3906 "HTTP/2 200 OK"
2026-08-21 14:57:28,622 [INFO] HTTP Request: GET https://wafeeknfpzjzngzuphoz.supabase.co/rest/v1/articles?select=article_id&original_url=eq.https%3A%2F%2Fyozm.wishket.com%2Fmagazine%2Fdetail%2F3905 "HTTP/2 200 OK"
2026-08-21 14:57:28,641 [INFO] HTTP Request: GET https://wafeeknfpzjzngzuphoz.supabase.co/rest/v1/articles?select=article_id&original_url=eq.https%3A%2F%2Fyozm.wishket.com%2Fmagazine%2Fdetail%2F3904 "HTTP/2 200 OK"
2026-08-21 14:57:28,662 [INFO] HTTP Request: GET https://wafeeknfpzjzngzuphoz.supabase.co/rest/v1/articles?select=article_id&original_url=eq.https%3A%2F%2Fyozm.wishket.com%2Fmagazine%2Fdetail%2F3903 "HTTP/2 200 OK"
2026-08-21 14:57:28,680 [INFO] HTTP Request: GET https://wafeeknfpzjzngzuphoz.supabase.co/rest/v1/articles?select=article_id&original_url=eq.https%3A%2F%2Fyozm.wishket.com%2Fmagazine%2Fdetail%2F3902 "HTTP/2 200 OK"
2026-08-21 14:57:28,699 [INFO] HTTP Request: GET https://wafeeknfpzjzngzuphoz.supabase.co/rest/v1/articles?select=article_id&original_url=eq.https%3A%2F%2Fyozm.wishket.com%2Fmagazine%2Fdetail%2F3901 "HTTP/2 200 OK"
2026-08-21 14:57:28,717 [INFO] HTTP Request: GET https://wafeeknfpzjzngzuphoz.supabase.co/rest/v1/articles?select=article_id&original_url=eq.https%3A%2F%2Fyozm.wishket.com%2Fmagazine%2Fdetail%2F3900 "HTTP/2 200 OK"
2026-08-21 14:57:29,078 [INFO] HTTP Request: GET https://wafeeknfpzjzngzuphoz.supabase.co/rest/v1/articles?select=article_id&original_url=eq.https%3A%2F%2Ftechblog.woowahan.com%2F26876%2F "HTTP/2 200 OK"
2026-08-21 14:57:29,098 [INFO] HTTP Request: GET https://wafeeknfpzjzngzuphoz.supabase.co/rest/v1/articles?select=article_id&original_url=eq.https%3A%2F%2Ftechblog.woowahan.com%2F26777%2F "HTTP/2 200 OK"
2026-08-21 14:57:29,118 [INFO] HTTP Request: GET https://wafeeknfpzjzngzuphoz.supabase.co/rest/v1/articles?select=article_id&original_url=eq.https%3A%2F%2Ftechblog.woowahan.com%2F26729%2F "HTTP/2 200 OK"
2026-08-21 14:57:29,137 [INFO] HTTP Request: GET https://wafeeknfpzjzngzuphoz.supabase.co/rest/v1/articles?select=article_id&original_url=eq.https%3A%2F%2Ftechblog.woowahan.com%2F26507%2F "HTTP/2 200 OK"
2026-08-21 14:57:29,156 [INFO] HTTP Request: GET https://wafeeknfpzjzngzuphoz.supabase.co/rest/v1/articles?select=article_id&original_url=eq.https%3A%2F%2Ftechblog.woowahan.com%2F26624%2F "HTTP/2 200 OK"
2026-08-21 14:57:29,179 [INFO] HTTP Request: GET https://wafeeknfpzjzngzuphoz.supabase.co/rest/v1/articles?select=article_id&original_url=eq.https%3A%2F%2Ftechblog.woowahan.com%2F26492%2F "HTTP/2 200 OK"
2026-08-21 14:57:29,208 [INFO] HTTP Request: GET https://wafeeknfpzjzngzuphoz.supabase.co/rest/v1/articles?select=article_id&original_url=eq.https%3A%2F%2Ftechblog.woowahan.com%2F26459%2F "HTTP/2 200 OK"
2026-08-21 14:57:29,225 [INFO] HTTP Request: GET https://wafeeknfpzjzngzuphoz.supabase.co/rest/v1/articles?select=article_id&original_url=eq.https%3A%2F%2Ftechblog.woowahan.com%2F26379%2F "HTTP/2 200 OK"
2026-08-21 14:57:29,243 [INFO] HTTP Request: GET https://wafeeknfpzjzngzuphoz.supabase.co/rest/v1/articles?select=article_id&original_url=eq.https%3A%2F%2Ftechblog.woowahan.com%2F26388%2F "HTTP/2 200 OK"
2026-08-21 14:57:29,261 [INFO] HTTP Request: GET https://wafeeknfpzjzngzuphoz.supabase.co/rest/v1/articles?select=article_id&original_url=eq.https%3A%2F%2Ftechblog.woowahan.com%2F26319%2F "HTTP/2 200 OK"
2026-08-21 14:57:29,391 [INFO] HTTP Request: GET https://wafeeknfpzjzngzuphoz.supabase.co/rest/v1/articles?select=article_id&original_url=eq.https%3A%2F%2Ftech.kakao.com%2Fposts%2F829 "HTTP/2 200 OK"
2026-08-21 14:57:29,408 [INFO] HTTP Request: GET https://wafeeknfpzjzngzuphoz.supabase.co/rest/v1/articles?select=article_id&original_url=eq.https%3A%2F%2Ftech.kakao.com%2Fposts%2F828 "HTTP/2 200 OK"
2026-08-21 14:57:29,426 [INFO] HTTP Request: GET https://wafeeknfpzjzngzuphoz.supabase.co/rest/v1/articles?select=article_id&original_url=eq.https%3A%2F%2Ftech.kakao.com%2Fposts%2F827 "HTTP/2 200 OK"
2026-08-21 14:57:29,444 [INFO] HTTP Request: GET https://wafeeknfpzjzngzuphoz.supabase.co/rest/v1/articles?select=article_id&original_url=eq.https%3A%2F%2Ftech.kakao.com%2Fposts%2F826 "HTTP/2 200 OK"
2026-08-21 14:57:29,462 [INFO] HTTP Request: GET https://wafeeknfpzjzngzuphoz.supabase.co/rest/v1/articles?select=article_id&original_url=eq.https%3A%2F%2Ftech.kakao.com%2Fposts%2F825 "HTTP/2 200 OK"
2026-08-21 14:57:29,480 [INFO] HTTP Request: GET https://wafeeknfpzjzngzuphoz.supabase.co/rest/v1/articles?select=article_id&original_url=eq.https%3A%2F%2Ftech.kakao.com%2Fposts%2F824 "HTTP/2 200 OK"
2026-08-21 14:57:29,499 [INFO] HTTP Request: GET https://wafeeknfpzjzngzuphoz.supabase.co/rest/v1/articles?select=article_id&original_url=eq.https%3A%2F%2Ftech.kakao.com%2Fposts%2F823 "HTTP/2 200 OK"
2026-08-21 14:57:29,518 [INFO] HTTP Request: GET https://wafeeknfpzjzngzuphoz.supabase.co/rest/v1/articles?select=article_id&original_url=eq.https%3A%2F%2Ftech.kakao.com%2Fposts%2F818 "HTTP/2 200 OK"
2026-08-21 14:57:29,535 [INFO] HTTP Request: GET https://wafeeknfpzjzngzuphoz.supabase.co/rest/v1/articles?select=article_id&original_url=eq.https%3A%2F%2Ftech.kakao.com%2Fposts%2F822 "HTTP/2 200 OK"
2026-08-21 14:57:29,553 [INFO] HTTP Request: GET https://wafeeknfpzjzngzuphoz.supabase.co/rest/v1/articles?select=article_id&original_url=eq.https%3A%2F%2Ftech.kakao.com%2Fposts%2F821 "HTTP/2 200 OK"
2026-08-21 14:57:29,553 [INFO] ✅ 총 1개 신규 기사 DB 저장 완료
2026-08-21 14:57:29,554 [INFO] 🔗 오늘자 웹페이지: http://localhost:3000/news/2026-08-21

2026-08-21 14:59:01,212 [INFO] ⚡ [--now] 옵션 감지: 즉시 수집 작업을 실행합니다.
2026-08-21 14:59:01,213 [INFO] 🚀 [Start] RSS 피드 수집 및 DB 저장 시작
2026-08-21 14:59:01,359 [INFO] HTTP Request: GET https://wafeeknfpzjzngzuphoz.supabase.co/rest/v1/articles?select=article_id&original_url=eq.https%3A%2F%2Fnews.hada.io%2Ftopic%3Fid%3D32720 "HTTP/2 200 OK"
2026-08-21 14:59:01,390 [INFO] HTTP Request: GET https://wafeeknfpzjzngzuphoz.supabase.co/rest/v1/articles?select=article_id&original_url=eq.https%3A%2F%2Fnews.hada.io%2Ftopic%3Fid%3D32719 "HTTP/2 200 OK"
2026-08-21 14:59:01,417 [INFO] HTTP Request: GET https://wafeeknfpzjzngzuphoz.supabase.co/rest/v1/articles?select=article_id&original_url=eq.https%3A%2F%2Fnews.hada.io%2Ftopic%3Fid%3D32717 "HTTP/2 200 OK"
2026-08-21 14:59:01,445 [INFO] HTTP Request: GET https://wafeeknfpzjzngzuphoz.supabase.co/rest/v1/articles?select=article_id&original_url=eq.https%3A%2F%2Fnews.hada.io%2Ftopic%3Fid%3D32716 "HTTP/2 200 OK"
2026-08-21 14:59:01,464 [INFO] HTTP Request: GET https://wafeeknfpzjzngzuphoz.supabase.co/rest/v1/articles?select=article_id&original_url=eq.https%3A%2F%2Fnews.hada.io%2Ftopic%3Fid%3D32715 "HTTP/2 200 OK"
2026-08-21 14:59:01,483 [INFO] HTTP Request: GET https://wafeeknfpzjzngzuphoz.supabase.co/rest/v1/articles?select=article_id&original_url=eq.https%3A%2F%2Fnews.hada.io%2Ftopic%3Fid%3D32714 "HTTP/2 200 OK"
2026-08-21 14:59:01,501 [INFO] HTTP Request: GET https://wafeeknfpzjzngzuphoz.supabase.co/rest/v1/articles?select=article_id&original_url=eq.https%3A%2F%2Fnews.hada.io%2Ftopic%3Fid%3D32713 "HTTP/2 200 OK"
2026-08-21 14:59:01,526 [INFO] HTTP Request: GET https://wafeeknfpzjzngzuphoz.supabase.co/rest/v1/articles?select=article_id&original_url=eq.https%3A%2F%2Fnews.hada.io%2Ftopic%3Fid%3D32712 "HTTP/2 200 OK"
2026-08-21 14:59:01,551 [INFO] HTTP Request: GET https://wafeeknfpzjzngzuphoz.supabase.co/rest/v1/articles?select=article_id&original_url=eq.https%3A%2F%2Fnews.hada.io%2Ftopic%3Fid%3D32711 "HTTP/2 200 OK"
2026-08-21 14:59:01,570 [INFO] HTTP Request: GET https://wafeeknfpzjzngzuphoz.supabase.co/rest/v1/articles?select=article_id&original_url=eq.https%3A%2F%2Fnews.hada.io%2Ftopic%3Fid%3D32710 "HTTP/2 200 OK"
2026-08-21 14:59:01,641 [INFO] HTTP Request: GET https://wafeeknfpzjzngzuphoz.supabase.co/rest/v1/articles?select=article_id&original_url=eq.https%3A%2F%2Fwww.aitimes.com%2Fnews%2FarticleView.html%3Fidxno%3D214206 "HTTP/2 200 OK"
2026-08-21 14:59:01,660 [INFO] HTTP Request: GET https://wafeeknfpzjzngzuphoz.supabase.co/rest/v1/articles?select=article_id&original_url=eq.https%3A%2F%2Fwww.aitimes.com%2Fnews%2FarticleView.html%3Fidxno%3D214215 "HTTP/2 200 OK"
2026-08-21 14:59:01,682 [INFO] HTTP Request: GET https://wafeeknfpzjzngzuphoz.supabase.co/rest/v1/articles?select=article_id&original_url=eq.https%3A%2F%2Fwww.aitimes.com%2Fnews%2FarticleView.html%3Fidxno%3D214212 "HTTP/2 200 OK"
2026-08-21 14:59:01,700 [INFO] HTTP Request: GET https://wafeeknfpzjzngzuphoz.supabase.co/rest/v1/articles?select=article_id&original_url=eq.https%3A%2F%2Fwww.aitimes.com%2Fnews%2FarticleView.html%3Fidxno%3D214209 "HTTP/2 200 OK"
2026-08-21 14:59:01,720 [INFO] HTTP Request: GET https://wafeeknfpzjzngzuphoz.supabase.co/rest/v1/articles?select=article_id&original_url=eq.https%3A%2F%2Fwww.aitimes.com%2Fnews%2FarticleView.html%3Fidxno%3D214204 "HTTP/2 200 OK"
2026-08-21 14:59:01,739 [INFO] HTTP Request: GET https://wafeeknfpzjzngzuphoz.supabase.co/rest/v1/articles?select=article_id&original_url=eq.https%3A%2F%2Fwww.aitimes.com%2Fnews%2FarticleView.html%3Fidxno%3D214203 "HTTP/2 200 OK"
2026-08-21 14:59:01,757 [INFO] HTTP Request: GET https://wafeeknfpzjzngzuphoz.supabase.co/rest/v1/articles?select=article_id&original_url=eq.https%3A%2F%2Fwww.aitimes.com%2Fnews%2FarticleView.html%3Fidxno%3D214200 "HTTP/2 200 OK"
2026-08-21 14:59:01,775 [INFO] HTTP Request: GET https://wafeeknfpzjzngzuphoz.supabase.co/rest/v1/articles?select=article_id&original_url=eq.https%3A%2F%2Fwww.aitimes.com%2Fnews%2FarticleView.html%3Fidxno%3D214192 "HTTP/2 200 OK"
2026-08-21 14:59:01,794 [INFO] HTTP Request: GET https://wafeeknfpzjzngzuphoz.supabase.co/rest/v1/articles?select=article_id&original_url=eq.https%3A%2F%2Fwww.aitimes.com%2Fnews%2FarticleView.html%3Fidxno%3D214191 "HTTP/2 200 OK"
2026-08-21 14:59:01,812 [INFO] HTTP Request: GET https://wafeeknfpzjzngzuphoz.supabase.co/rest/v1/articles?select=article_id&original_url=eq.https%3A%2F%2Fwww.aitimes.com%2Fnews%2FarticleView.html%3Fidxno%3D214183 "HTTP/2 200 OK"
2026-08-21 14:59:02,004 [INFO] HTTP Request: GET https://wafeeknfpzjzngzuphoz.supabase.co/rest/v1/articles?select=article_id&original_url=eq.https%3A%2F%2Fnews.google.com%2Frss%2Farticles%2FCBMiXEFVX3lxTE9DWXkyN3hhUDFHR0tCMXdpVkt3OTAyS1dBUUN6QXBKTEpMOF9SLWJSZkl3VW5FdzE2N1JiYk13NGtFQXNnbjFZZ3Vsd3BZNGJLWDJTdVladTk0bXRi%3Foc%3D5 "HTTP/2 200 OK"
2026-08-21 14:59:02,023 [INFO] HTTP Request: GET https://wafeeknfpzjzngzuphoz.supabase.co/rest/v1/articles?select=article_id&original_url=eq.https%3A%2F%2Fnews.google.com%2Frss%2Farticles%2FCBMiVkFVX3lxTFBlSVhEWDF6dU85X3puVUswSzlXLUx4OXg5b0JZMlJYeHFXcHFsM1FLNEQ4MHQxTjlfRzZMZVhiU0JVTm5nS1paWnhEVXM1RzRmV0hWeWNR%3Foc%3D5 "HTTP/2 200 OK"
2026-08-21 14:59:02,042 [INFO] HTTP Request: GET https://wafeeknfpzjzngzuphoz.supabase.co/rest/v1/articles?select=article_id&original_url=eq.https%3A%2F%2Fnews.google.com%2Frss%2Farticles%2FCBMijgFBVV95cUxPaXVvNUlaeE5USjVKOGE5WEpLRDA2Y0c4Z3hONXZLaXc3X2IySmlzMy1kSExBUzNRMlY5dmUyNWNnX295R0tucnRKUi1aUnJsMjkzUllJWGdzbHVtajMyVG5pWW81YUxVbzhRQUh1T3E4bTJaU3AtRlFzQ0RjUzFxc1BqMkZpNGRwVUhXTi1R%3Foc%3D5 "HTTP/2 200 OK"
2026-08-21 14:59:02,062 [INFO] HTTP Request: GET https://wafeeknfpzjzngzuphoz.supabase.co/rest/v1/articles?select=article_id&original_url=eq.https%3A%2F%2Fnews.google.com%2Frss%2Farticles%2FCBMiSEFVX3lxTE1mczBWYm0wOEU3a2NSanExQ0V5ZjNDWmZhNURubTVxcmJDRUNjLXZzT1JmT2JlbVYwUjlWY0dxNXgxRW5ueHdveA%3Foc%3D5 "HTTP/2 200 OK"
2026-08-21 14:59:02,080 [INFO] HTTP Request: GET https://wafeeknfpzjzngzuphoz.supabase.co/rest/v1/articles?select=article_id&original_url=eq.https%3A%2F%2Fnews.google.com%2Frss%2Farticles%2FCBMib0FVX3lxTE1GYWxwbEp6YTFrUExYQ3J0aW1aVkdtTFptSlNqZ3dsWEdlLXI2RnJyb3UwQVhHWURDamk2UXE5N1dIMzQxZkxOT0R0V1gyUHRkYWhqdWgycHU4WHNXa2QtTUVReFpLbWZoZWlmS09nWQ%3Foc%3D5 "HTTP/2 200 OK"
2026-08-21 14:59:02,098 [INFO] HTTP Request: GET https://wafeeknfpzjzngzuphoz.supabase.co/rest/v1/articles?select=article_id&original_url=eq.https%3A%2F%2Fnews.google.com%2Frss%2Farticles%2FCBMiT0FVX3lxTFAzaWZPNVkxUlpVVTkzeEkyZURXNHppRWFtYkVEeUFCaDhTeVJFS0VubHd5Tjd6U09KRGI3ZDZYTXFNWWRQeHk5Q1F2eTlzeDQ%3Foc%3D5 "HTTP/2 200 OK"
2026-08-21 14:59:02,117 [INFO] HTTP Request: GET https://wafeeknfpzjzngzuphoz.supabase.co/rest/v1/articles?select=article_id&original_url=eq.https%3A%2F%2Fnews.google.com%2Frss%2Farticles%2FCBMiZEFVX3lxTE9Pdk1TUFhhVkFtNWhIX2VSYWpDVmZJRGhSLXN1OUdjOHV3MUZkTEwxdXltekZ3QUJPWTJVdEhpX3NhekUyUE45MEsySUQ0Y3lvZmNpeEJSdDJmMDl5UWdmTW0yUmvSAWhBVV95cUxQY0pZWjNrQkk5dmc5T21vRVFRZ05KYVlnOGRCc1I2cU1QczFoWWF0eXRBQkFLa20xRENOb1B4cnRmMmZta2lTdlljYjF3bVNzelp4enhONU52Z2twUDAxcTk2SDlTZU5ZNw%3Foc%3D5 "HTTP/2 200 OK"
2026-08-21 14:59:02,148 [INFO] HTTP Request: GET https://wafeeknfpzjzngzuphoz.supabase.co/rest/v1/articles?select=article_id&original_url=eq.https%3A%2F%2Fnews.google.com%2Frss%2Farticles%2FCBMiiAFBVV95cUxPcUNMUVl5OG0ydkJSb2c3eVJiLXNNdFYzQno4XzkyYzl2d2lvLUNnYzBzb1lqaHBxNzZtSXBuNzc0dlpfSHZuTC1TeG16RU1OQUhBUDFHaDVRQjB5bVBWazRINWdMZm1hYXpfOURrZzlQV1Ayb3ViWTRLZUl3eGdvdDY3WVVMNExo%3Foc%3D5 "HTTP/2 200 OK"
2026-08-21 14:59:02,168 [INFO] HTTP Request: GET https://wafeeknfpzjzngzuphoz.supabase.co/rest/v1/articles?select=article_id&original_url=eq.https%3A%2F%2Fnews.google.com%2Frss%2Farticles%2FCBMiWEFVX3lxTFBvd3pDNkp0cF9pMEIwd3lGQTg4VDE1VUVKREgtdEZRVUVuamgtZk5pNTlDM25oSnZCYVh1eENCQ1A0djlaYWdJU3RGWXdyakFlV2E3b1NZUEHSAV5BVV95cUxOMk1seVBkRzVWbHJUaW1IRzY4bTIyS1NEQnlMbzM2V1pPdW00N0pnazJTRW1sRF9QV3h3ZExUb0RDWU1HVGVGR2hwYW1WTzN3ZGVPX2NweG00ZDVUX3pR%3Foc%3D5 "HTTP/2 200 OK"
2026-08-21 14:59:02,196 [INFO] HTTP Request: GET https://wafeeknfpzjzngzuphoz.supabase.co/rest/v1/articles?select=article_id&original_url=eq.https%3A%2F%2Fnews.google.com%2Frss%2Farticles%2FCBMic0FVX3lxTE1WUnZtUmtkcS1Ec0ppZVV4WjBnNWswaTlPY1JsOXJaWkVaai1kdjdsSXNFY2tTM2hybFJGT3pnLUZUSEp3eHYzVGtYbkhsZEYxdTRhb2JQTXd5Z1I2YXROYlhQN3d6QWJZNHNhZjZreWp3YmM%3Foc%3D5 "HTTP/2 200 OK"
2026-08-21 14:59:02,401 [INFO] HTTP Request: GET https://wafeeknfpzjzngzuphoz.supabase.co/rest/v1/articles?select=article_id&original_url=eq.https%3A%2F%2Fnews.google.com%2Frss%2Farticles%2FCBMiT0FVX3lxTE5pT2NxbXJmajNtcGRxTHZNcjlXazcwQ29IeGNUN0F3X2dUOWV2S1dDVHMyZUtrdWNoLWhXZHJ0SlJLRUNfcUNjMXR5MUpYTzQ%3Foc%3D5 "HTTP/2 200 OK"
2026-08-21 14:59:02,420 [INFO] HTTP Request: GET https://wafeeknfpzjzngzuphoz.supabase.co/rest/v1/articles?select=article_id&original_url=eq.https%3A%2F%2Fnews.google.com%2Frss%2Farticles%2FCBMiWkFVX3lxTE95SGFjUDdLYVhPYXBjSXRhelZMMndBZXdkQTR0dTNvRG82U1hRbTVweUJveVVyYUtnR3dOREt5WDFjOVdVQnd0VWlLU0k2cTVDdUprWENTaTREUdIBX0FVX3lxTE1ITGZzcjlrQkNDWDE3RnBpdXVPV2RtVXNKT3NUUzRVcWYzSk5mRW92cWs2X09aVVNNeTZyYlhkekY2OUQ1UWwzcUJFY1hiTFgwU2hVS0xLWXZlVXFheFhJ%3Foc%3D5 "HTTP/2 200 OK"
2026-08-21 14:59:02,437 [INFO] HTTP Request: GET https://wafeeknfpzjzngzuphoz.supabase.co/rest/v1/articles?select=article_id&original_url=eq.https%3A%2F%2Fnews.google.com%2Frss%2Farticles%2FCBMiWkFVX3lxTE1sa0hTYXF5WDhTS1pzWXBMWVVsYnpCNW1MTkpKc19lcmhuelEzdTJVSDlwNkVzMTIxWUdpRlBMSC1oNGN4R2xPSlN3V0poR2RGa0pvbUZvMVdhUdIBWEFVX3lxTE1OR2llcHJQMTBTaDBNVVVkT3cwd0xfQWJ4b2VRcmtFSnNNUE1JZjMtZUhld0lqRDdOYjM2b1JSVk5UT1JwM0F1OS1OaWZIbTdKQ3Ixck10LUc%3Foc%3D5 "HTTP/2 200 OK"
2026-08-21 14:59:02,469 [INFO] HTTP Request: GET https://wafeeknfpzjzngzuphoz.supabase.co/rest/v1/articles?select=article_id&original_url=eq.https%3A%2F%2Fnews.google.com%2Frss%2Farticles%2FCBMiXEFVX3lxTE9FTkJLTmFvLVJJem5NckxBWUJfVW5BWklBd1ExZjFhbF85NzFRR21HRTBCbHI3QWs0blN0aDhiVTNMX2xmN2ZVdER5dGV3LWNPUFFxMHJMM1RjRnJa%3Foc%3D5 "HTTP/2 200 OK"
2026-08-21 14:59:02,487 [INFO] HTTP Request: GET https://wafeeknfpzjzngzuphoz.supabase.co/rest/v1/articles?select=article_id&original_url=eq.https%3A%2F%2Fnews.google.com%2Frss%2Farticles%2FCBMiYkFVX3lxTE1FdWNubjI3UUxJLVFiMm13dGVzQ3NVUEdxRnUzTkpzSTRmQ3RySWtyYU9Nb05xbFJxUmNlazQ0VHdyNXg0d0toelUyZ2I1ODFBMGR4M09WSkY3Y3B5SEtEdTNB%3Foc%3D5 "HTTP/2 200 OK"
2026-08-21 14:59:02,505 [INFO] HTTP Request: GET https://wafeeknfpzjzngzuphoz.supabase.co/rest/v1/articles?select=article_id&original_url=eq.https%3A%2F%2Fnews.google.com%2Frss%2Farticles%2FCBMihAFBVV95cUxQOHc5V0xHTzhmMnc0bzNvbHdpU0Q1RjZPVjl6Z3hRTkpYYlRqWDEyZlQ5WnhORG56Ry1zNkQySWtQclFnTmlTeDZZcnFUckhka29Ed2RFTXZaaXhQX3FOQWJaOThFQUlTNzVwMTdzUFVRcml6b1hkS2R2M09NU2tuazFBaFA%3Foc%3D5 "HTTP/2 200 OK"
2026-08-21 14:59:02,529 [INFO] HTTP Request: GET https://wafeeknfpzjzngzuphoz.supabase.co/rest/v1/articles?select=article_id&original_url=eq.https%3A%2F%2Fnews.google.com%2Frss%2Farticles%2FCBMic0FVX3lxTE1kZmtaTGNLYUhmOEdnTXBqTm13b3ZKNXk1MS0xU3ZKWl9fTm5yc3hrNDRaeUF1TkF6WFFDU3QzZG0yTkNQbzZGbDNPMG1xU1ByeFZaSHhEOG9vZ09ZSDFtVXBILTVGd2dobFZfNnZzWk1kdUHSAXdBVV95cUxQcHR3Y092blBPc202b1JaOHh5ZFl1Vkw2NnRzdmNuRXBpYUpOQkc5NkpkMUFpWl9aN2VxVlZFSmZXSzdPOFhacHJjWXV6Unp2cGRVVUNCNFdJYjZ3bDZ1OTFDUXRFWXVHa0Uwa1dUUE43RlJvQ2Ztdw%3Foc%3D5 "HTTP/2 200 OK"
2026-08-21 14:59:02,556 [INFO] HTTP Request: GET https://wafeeknfpzjzngzuphoz.supabase.co/rest/v1/articles?select=article_id&original_url=eq.https%3A%2F%2Fnews.google.com%2Frss%2Farticles%2FCBMiaEFVX3lxTE9GdVM2T3VXYmhMWGxqSlFwREc5VzExOWpSWU1rNE5KY1VLTUlGcHJJZFVtdlBCSm0tclpMMWZINTJucnJObW05UXQxbDZ3aXJRNVBLVFgtUnFiWF9WRFh2YlphbUh4VGNP0gFsQVVfeXFMUFF2cUJROC1HMnpmNGNUVkJNa3htd2NsYk5CUzRTWjBGZkVwRXpKWWlFU2F5bVN3ZFNiai1aeU5SN1ZOWmZvRmJ6UTFrUzRqU2F6R0s0TEFtWl9CVXdzT3ZXdnRqU2hObS00enhK%3Foc%3D5 "HTTP/2 200 OK"
2026-08-21 14:59:02,574 [INFO] HTTP Request: GET https://wafeeknfpzjzngzuphoz.supabase.co/rest/v1/articles?select=article_id&original_url=eq.https%3A%2F%2Fnews.google.com%2Frss%2Farticles%2FCBMic0FVX3lxTE9EdUhvQV9xVlE2WER4QWV0NWx0ajRpbVBOR1VCclR2dkZpS21EakV2a1VFUVFuSmdjN2tLS0I4eWhXV2hIMjFFZ191Z09sNmFvZTY4ZFNYNzdBcmlWWmFhWHBuYlJ3eE03M245V19KMnFFRFk%3Foc%3D5 "HTTP/2 200 OK"
2026-08-21 14:59:02,591 [INFO] HTTP Request: GET https://wafeeknfpzjzngzuphoz.supabase.co/rest/v1/articles?select=article_id&original_url=eq.https%3A%2F%2Fnews.google.com%2Frss%2Farticles%2FCBMiZEFVX3lxTE8xaEVuWHhyODVkLWNFYlpFS0dldk50NUhRVUFkZnE4ZmM2ZmF5d2VtcWxoRWhUUk1qN2ZKOXgyakhPNVc3elVwV21iWWl6VXlEaDBGUmR3dVQ3XzgwM3V1SGtSb0s%3Foc%3D5 "HTTP/2 200 OK"
2026-08-21 14:59:02,716 [INFO] HTTP Request: GET https://wafeeknfpzjzngzuphoz.supabase.co/rest/v1/articles?select=article_id&original_url=eq.https%3A%2F%2Fyozm.wishket.com%2Fmagazine%2Fdetail%2F3909 "HTTP/2 200 OK"
2026-08-21 14:59:02,734 [INFO] HTTP Request: GET https://wafeeknfpzjzngzuphoz.supabase.co/rest/v1/articles?select=article_id&original_url=eq.https%3A%2F%2Fyozm.wishket.com%2Fmagazine%2Fdetail%2F3908 "HTTP/2 200 OK"
2026-08-21 14:59:02,754 [INFO] HTTP Request: GET https://wafeeknfpzjzngzuphoz.supabase.co/rest/v1/articles?select=article_id&original_url=eq.https%3A%2F%2Fyozm.wishket.com%2Fmagazine%2Fdetail%2F3907 "HTTP/2 200 OK"
2026-08-21 14:59:02,771 [INFO] HTTP Request: GET https://wafeeknfpzjzngzuphoz.supabase.co/rest/v1/articles?select=article_id&original_url=eq.https%3A%2F%2Fyozm.wishket.com%2Fmagazine%2Fdetail%2F3906 "HTTP/2 200 OK"
2026-08-21 14:59:02,797 [INFO] HTTP Request: GET https://wafeeknfpzjzngzuphoz.supabase.co/rest/v1/articles?select=article_id&original_url=eq.https%3A%2F%2Fyozm.wishket.com%2Fmagazine%2Fdetail%2F3905 "HTTP/2 200 OK"
2026-08-21 14:59:02,814 [INFO] HTTP Request: GET https://wafeeknfpzjzngzuphoz.supabase.co/rest/v1/articles?select=article_id&original_url=eq.https%3A%2F%2Fyozm.wishket.com%2Fmagazine%2Fdetail%2F3904 "HTTP/2 200 OK"
2026-08-21 14:59:02,831 [INFO] HTTP Request: GET https://wafeeknfpzjzngzuphoz.supabase.co/rest/v1/articles?select=article_id&original_url=eq.https%3A%2F%2Fyozm.wishket.com%2Fmagazine%2Fdetail%2F3903 "HTTP/2 200 OK"
2026-08-21 14:59:02,849 [INFO] HTTP Request: GET https://wafeeknfpzjzngzuphoz.supabase.co/rest/v1/articles?select=article_id&original_url=eq.https%3A%2F%2Fyozm.wishket.com%2Fmagazine%2Fdetail%2F3902 "HTTP/2 200 OK"
2026-08-21 14:59:02,868 [INFO] HTTP Request: GET https://wafeeknfpzjzngzuphoz.supabase.co/rest/v1/articles?select=article_id&original_url=eq.https%3A%2F%2Fyozm.wishket.com%2Fmagazine%2Fdetail%2F3901 "HTTP/2 200 OK"
2026-08-21 14:59:02,886 [INFO] HTTP Request: GET https://wafeeknfpzjzngzuphoz.supabase.co/rest/v1/articles?select=article_id&original_url=eq.https%3A%2F%2Fyozm.wishket.com%2Fmagazine%2Fdetail%2F3900 "HTTP/2 200 OK"
2026-08-21 14:59:03,197 [INFO] HTTP Request: GET https://wafeeknfpzjzngzuphoz.supabase.co/rest/v1/articles?select=article_id&original_url=eq.https%3A%2F%2Ftechblog.woowahan.com%2F26876%2F "HTTP/2 200 OK"
2026-08-21 14:59:03,213 [INFO] HTTP Request: GET https://wafeeknfpzjzngzuphoz.supabase.co/rest/v1/articles?select=article_id&original_url=eq.https%3A%2F%2Ftechblog.woowahan.com%2F26777%2F "HTTP/2 200 OK"
2026-08-21 14:59:03,235 [INFO] HTTP Request: GET https://wafeeknfpzjzngzuphoz.supabase.co/rest/v1/articles?select=article_id&original_url=eq.https%3A%2F%2Ftechblog.woowahan.com%2F26729%2F "HTTP/2 200 OK"
2026-08-21 14:59:03,254 [INFO] HTTP Request: GET https://wafeeknfpzjzngzuphoz.supabase.co/rest/v1/articles?select=article_id&original_url=eq.https%3A%2F%2Ftechblog.woowahan.com%2F26507%2F "HTTP/2 200 OK"
2026-08-21 14:59:03,271 [INFO] HTTP Request: GET https://wafeeknfpzjzngzuphoz.supabase.co/rest/v1/articles?select=article_id&original_url=eq.https%3A%2F%2Ftechblog.woowahan.com%2F26624%2F "HTTP/2 200 OK"
2026-08-21 14:59:03,288 [INFO] HTTP Request: GET https://wafeeknfpzjzngzuphoz.supabase.co/rest/v1/articles?select=article_id&original_url=eq.https%3A%2F%2Ftechblog.woowahan.com%2F26492%2F "HTTP/2 200 OK"
2026-08-21 14:59:03,307 [INFO] HTTP Request: GET https://wafeeknfpzjzngzuphoz.supabase.co/rest/v1/articles?select=article_id&original_url=eq.https%3A%2F%2Ftechblog.woowahan.com%2F26459%2F "HTTP/2 200 OK"
2026-08-21 14:59:03,325 [INFO] HTTP Request: GET https://wafeeknfpzjzngzuphoz.supabase.co/rest/v1/articles?select=article_id&original_url=eq.https%3A%2F%2Ftechblog.woowahan.com%2F26379%2F "HTTP/2 200 OK"
2026-08-21 14:59:03,350 [INFO] HTTP Request: GET https://wafeeknfpzjzngzuphoz.supabase.co/rest/v1/articles?select=article_id&original_url=eq.https%3A%2F%2Ftechblog.woowahan.com%2F26388%2F "HTTP/2 200 OK"
2026-08-21 14:59:03,372 [INFO] HTTP Request: GET https://wafeeknfpzjzngzuphoz.supabase.co/rest/v1/articles?select=article_id&original_url=eq.https%3A%2F%2Ftechblog.woowahan.com%2F26319%2F "HTTP/2 200 OK"
2026-08-21 14:59:03,517 [INFO] HTTP Request: GET https://wafeeknfpzjzngzuphoz.supabase.co/rest/v1/articles?select=article_id&original_url=eq.https%3A%2F%2Ftech.kakao.com%2Fposts%2F829 "HTTP/2 200 OK"
2026-08-21 14:59:03,537 [INFO] HTTP Request: GET https://wafeeknfpzjzngzuphoz.supabase.co/rest/v1/articles?select=article_id&original_url=eq.https%3A%2F%2Ftech.kakao.com%2Fposts%2F828 "HTTP/2 200 OK"
2026-08-21 14:59:03,558 [INFO] HTTP Request: GET https://wafeeknfpzjzngzuphoz.supabase.co/rest/v1/articles?select=article_id&original_url=eq.https%3A%2F%2Ftech.kakao.com%2Fposts%2F827 "HTTP/2 200 OK"
2026-08-21 14:59:03,582 [INFO] HTTP Request: GET https://wafeeknfpzjzngzuphoz.supabase.co/rest/v1/articles?select=article_id&original_url=eq.https%3A%2F%2Ftech.kakao.com%2Fposts%2F826 "HTTP/2 200 OK"
2026-08-21 14:59:03,601 [INFO] HTTP Request: GET https://wafeeknfpzjzngzuphoz.supabase.co/rest/v1/articles?select=article_id&original_url=eq.https%3A%2F%2Ftech.kakao.com%2Fposts%2F825 "HTTP/2 200 OK"
2026-08-21 14:59:03,620 [INFO] HTTP Request: GET https://wafeeknfpzjzngzuphoz.supabase.co/rest/v1/articles?select=article_id&original_url=eq.https%3A%2F%2Ftech.kakao.com%2Fposts%2F824 "HTTP/2 200 OK"
2026-08-21 14:59:03,639 [INFO] HTTP Request: GET https://wafeeknfpzjzngzuphoz.supabase.co/rest/v1/articles?select=article_id&original_url=eq.https%3A%2F%2Ftech.kakao.com%2Fposts%2F823 "HTTP/2 200 OK"
2026-08-21 14:59:03,658 [INFO] HTTP Request: GET https://wafeeknfpzjzngzuphoz.supabase.co/rest/v1/articles?select=article_id&original_url=eq.https%3A%2F%2Ftech.kakao.com%2Fposts%2F818 "HTTP/2 200 OK"
2026-08-21 14:59:03,680 [INFO] HTTP Request: GET https://wafeeknfpzjzngzuphoz.supabase.co/rest/v1/articles?select=article_id&original_url=eq.https%3A%2F%2Ftech.kakao.com%2Fposts%2F822 "HTTP/2 200 OK"
2026-08-21 14:59:03,703 [INFO] HTTP Request: GET https://wafeeknfpzjzngzuphoz.supabase.co/rest/v1/articles?select=article_id&original_url=eq.https%3A%2F%2Ftech.kakao.com%2Fposts%2F821 "HTTP/2 200 OK"
2026-08-21 14:59:39,417 [INFO] ⚡ [--now] 옵션 감지: 즉시 수집 작업을 실행합니다.
2026-08-21 14:59:39,418 [INFO] 🚀 [Start] RSS 피드 수집 및 DB 저장 시작
2026-08-21 14:59:39,820 [INFO] HTTP Request: GET https://wafeeknfpzjzngzuphoz.supabase.co/rest/v1/articles?select=article_id&original_url=eq.https%3A%2F%2Fnews.hada.io%2Ftopic%3Fid%3D32720 "HTTP/2 200 OK"
2026-08-21 14:59:39,845 [INFO] HTTP Request: GET https://wafeeknfpzjzngzuphoz.supabase.co/rest/v1/articles?select=article_id&original_url=eq.https%3A%2F%2Fnews.hada.io%2Ftopic%3Fid%3D32719 "HTTP/2 200 OK"
2026-08-21 14:59:39,872 [INFO] HTTP Request: GET https://wafeeknfpzjzngzuphoz.supabase.co/rest/v1/articles?select=article_id&original_url=eq.https%3A%2F%2Fnews.hada.io%2Ftopic%3Fid%3D32717 "HTTP/2 200 OK"
2026-08-21 14:59:39,894 [INFO] HTTP Request: GET https://wafeeknfpzjzngzuphoz.supabase.co/rest/v1/articles?select=article_id&original_url=eq.https%3A%2F%2Fnews.hada.io%2Ftopic%3Fid%3D32716 "HTTP/2 200 OK"
2026-08-21 14:59:39,918 [INFO] HTTP Request: GET https://wafeeknfpzjzngzuphoz.supabase.co/rest/v1/articles?select=article_id&original_url=eq.https%3A%2F%2Fnews.hada.io%2Ftopic%3Fid%3D32715 "HTTP/2 200 OK"
2026-08-21 14:59:39,942 [INFO] HTTP Request: GET https://wafeeknfpzjzngzuphoz.supabase.co/rest/v1/articles?select=article_id&original_url=eq.https%3A%2F%2Fnews.hada.io%2Ftopic%3Fid%3D32714 "HTTP/2 200 OK"
2026-08-21 14:59:39,969 [INFO] HTTP Request: GET https://wafeeknfpzjzngzuphoz.supabase.co/rest/v1/articles?select=article_id&original_url=eq.https%3A%2F%2Fnews.hada.io%2Ftopic%3Fid%3D32713 "HTTP/2 200 OK"
2026-08-21 14:59:39,993 [INFO] HTTP Request: GET https://wafeeknfpzjzngzuphoz.supabase.co/rest/v1/articles?select=article_id&original_url=eq.https%3A%2F%2Fnews.hada.io%2Ftopic%3Fid%3D32712 "HTTP/2 200 OK"
2026-08-21 14:59:40,014 [INFO] HTTP Request: GET https://wafeeknfpzjzngzuphoz.supabase.co/rest/v1/articles?select=article_id&original_url=eq.https%3A%2F%2Fnews.hada.io%2Ftopic%3Fid%3D32711 "HTTP/2 200 OK"
2026-08-21 14:59:40,040 [INFO] HTTP Request: GET https://wafeeknfpzjzngzuphoz.supabase.co/rest/v1/articles?select=article_id&original_url=eq.https%3A%2F%2Fnews.hada.io%2Ftopic%3Fid%3D32710 "HTTP/2 200 OK"
2026-08-21 14:59:40,117 [INFO] HTTP Request: GET https://wafeeknfpzjzngzuphoz.supabase.co/rest/v1/articles?select=article_id&original_url=eq.https%3A%2F%2Fwww.aitimes.com%2Fnews%2FarticleView.html%3Fidxno%3D214206 "HTTP/2 200 OK"
2026-08-21 14:59:40,141 [INFO] HTTP Request: GET https://wafeeknfpzjzngzuphoz.supabase.co/rest/v1/articles?select=article_id&original_url=eq.https%3A%2F%2Fwww.aitimes.com%2Fnews%2FarticleView.html%3Fidxno%3D214215 "HTTP/2 200 OK"
2026-08-21 14:59:40,163 [INFO] HTTP Request: GET https://wafeeknfpzjzngzuphoz.supabase.co/rest/v1/articles?select=article_id&original_url=eq.https%3A%2F%2Fwww.aitimes.com%2Fnews%2FarticleView.html%3Fidxno%3D214212 "HTTP/2 200 OK"
2026-08-21 14:59:40,186 [INFO] HTTP Request: GET https://wafeeknfpzjzngzuphoz.supabase.co/rest/v1/articles?select=article_id&original_url=eq.https%3A%2F%2Fwww.aitimes.com%2Fnews%2FarticleView.html%3Fidxno%3D214209 "HTTP/2 200 OK"
2026-08-21 14:59:40,210 [INFO] HTTP Request: GET https://wafeeknfpzjzngzuphoz.supabase.co/rest/v1/articles?select=article_id&original_url=eq.https%3A%2F%2Fwww.aitimes.com%2Fnews%2FarticleView.html%3Fidxno%3D214204 "HTTP/2 200 OK"
2026-08-21 14:59:40,232 [INFO] HTTP Request: GET https://wafeeknfpzjzngzuphoz.supabase.co/rest/v1/articles?select=article_id&original_url=eq.https%3A%2F%2Fwww.aitimes.com%2Fnews%2FarticleView.html%3Fidxno%3D214203 "HTTP/2 200 OK"
2026-08-21 14:59:40,254 [INFO] HTTP Request: GET https://wafeeknfpzjzngzuphoz.supabase.co/rest/v1/articles?select=article_id&original_url=eq.https%3A%2F%2Fwww.aitimes.com%2Fnews%2FarticleView.html%3Fidxno%3D214200 "HTTP/2 200 OK"
2026-08-21 14:59:40,276 [INFO] HTTP Request: GET https://wafeeknfpzjzngzuphoz.supabase.co/rest/v1/articles?select=article_id&original_url=eq.https%3A%2F%2Fwww.aitimes.com%2Fnews%2FarticleView.html%3Fidxno%3D214192 "HTTP/2 200 OK"
2026-08-21 14:59:40,302 [INFO] HTTP Request: GET https://wafeeknfpzjzngzuphoz.supabase.co/rest/v1/articles?select=article_id&original_url=eq.https%3A%2F%2Fwww.aitimes.com%2Fnews%2FarticleView.html%3Fidxno%3D214191 "HTTP/2 200 OK"
2026-08-21 14:59:40,332 [INFO] HTTP Request: GET https://wafeeknfpzjzngzuphoz.supabase.co/rest/v1/articles?select=article_id&original_url=eq.https%3A%2F%2Fwww.aitimes.com%2Fnews%2FarticleView.html%3Fidxno%3D214183 "HTTP/2 200 OK"
2026-08-21 14:59:40,806 [INFO] HTTP Request: GET https://wafeeknfpzjzngzuphoz.supabase.co/rest/v1/articles?select=article_id&original_url=eq.https%3A%2F%2Fnews.google.com%2Frss%2Farticles%2FCBMiXEFVX3lxTE9DWXkyN3hhUDFHR0tCMXdpVkt3OTAyS1dBUUN6QXBKTEpMOF9SLWJSZkl3VW5FdzE2N1JiYk13NGtFQXNnbjFZZ3Vsd3BZNGJLWDJTdVladTk0bXRi%3Foc%3D5 "HTTP/2 200 OK"
2026-08-21 14:59:40,829 [INFO] HTTP Request: GET https://wafeeknfpzjzngzuphoz.supabase.co/rest/v1/articles?select=article_id&original_url=eq.https%3A%2F%2Fnews.google.com%2Frss%2Farticles%2FCBMiVkFVX3lxTFBlSVhEWDF6dU85X3puVUswSzlXLUx4OXg5b0JZMlJYeHFXcHFsM1FLNEQ4MHQxTjlfRzZMZVhiU0JVTm5nS1paWnhEVXM1RzRmV0hWeWNR%3Foc%3D5 "HTTP/2 200 OK"
2026-08-21 14:59:40,852 [INFO] HTTP Request: GET https://wafeeknfpzjzngzuphoz.supabase.co/rest/v1/articles?select=article_id&original_url=eq.https%3A%2F%2Fnews.google.com%2Frss%2Farticles%2FCBMijgFBVV95cUxPaXVvNUlaeE5USjVKOGE5WEpLRDA2Y0c4Z3hONXZLaXc3X2IySmlzMy1kSExBUzNRMlY5dmUyNWNnX295R0tucnRKUi1aUnJsMjkzUllJWGdzbHVtajMyVG5pWW81YUxVbzhRQUh1T3E4bTJaU3AtRlFzQ0RjUzFxc1BqMkZpNGRwVUhXTi1R%3Foc%3D5 "HTTP/2 200 OK"
2026-08-21 14:59:40,875 [INFO] HTTP Request: GET https://wafeeknfpzjzngzuphoz.supabase.co/rest/v1/articles?select=article_id&original_url=eq.https%3A%2F%2Fnews.google.com%2Frss%2Farticles%2FCBMiSEFVX3lxTE1mczBWYm0wOEU3a2NSanExQ0V5ZjNDWmZhNURubTVxcmJDRUNjLXZzT1JmT2JlbVYwUjlWY0dxNXgxRW5ueHdveA%3Foc%3D5 "HTTP/2 200 OK"
2026-08-21 14:59:40,899 [INFO] HTTP Request: GET https://wafeeknfpzjzngzuphoz.supabase.co/rest/v1/articles?select=article_id&original_url=eq.https%3A%2F%2Fnews.google.com%2Frss%2Farticles%2FCBMib0FVX3lxTE1GYWxwbEp6YTFrUExYQ3J0aW1aVkdtTFptSlNqZ3dsWEdlLXI2RnJyb3UwQVhHWURDamk2UXE5N1dIMzQxZkxOT0R0V1gyUHRkYWhqdWgycHU4WHNXa2QtTUVReFpLbWZoZWlmS09nWQ%3Foc%3D5 "HTTP/2 200 OK"
2026-08-21 14:59:40,922 [INFO] HTTP Request: GET https://wafeeknfpzjzngzuphoz.supabase.co/rest/v1/articles?select=article_id&original_url=eq.https%3A%2F%2Fnews.google.com%2Frss%2Farticles%2FCBMiT0FVX3lxTFAzaWZPNVkxUlpVVTkzeEkyZURXNHppRWFtYkVEeUFCaDhTeVJFS0VubHd5Tjd6U09KRGI3ZDZYTXFNWWRQeHk5Q1F2eTlzeDQ%3Foc%3D5 "HTTP/2 200 OK"
2026-08-21 14:59:40,945 [INFO] HTTP Request: GET https://wafeeknfpzjzngzuphoz.supabase.co/rest/v1/articles?select=article_id&original_url=eq.https%3A%2F%2Fnews.google.com%2Frss%2Farticles%2FCBMiZEFVX3lxTE9Pdk1TUFhhVkFtNWhIX2VSYWpDVmZJRGhSLXN1OUdjOHV3MUZkTEwxdXltekZ3QUJPWTJVdEhpX3NhekUyUE45MEsySUQ0Y3lvZmNpeEJSdDJmMDl5UWdmTW0yUmvSAWhBVV95cUxQY0pZWjNrQkk5dmc5T21vRVFRZ05KYVlnOGRCc1I2cU1QczFoWWF0eXRBQkFLa20xRENOb1B4cnRmMmZta2lTdlljYjF3bVNzelp4enhONU52Z2twUDAxcTk2SDlTZU5ZNw%3Foc%3D5 "HTTP/2 200 OK"
2026-08-21 14:59:40,966 [INFO] HTTP Request: GET https://wafeeknfpzjzngzuphoz.supabase.co/rest/v1/articles?select=article_id&original_url=eq.https%3A%2F%2Fnews.google.com%2Frss%2Farticles%2FCBMiiAFBVV95cUxPcUNMUVl5OG0ydkJSb2c3eVJiLXNNdFYzQno4XzkyYzl2d2lvLUNnYzBzb1lqaHBxNzZtSXBuNzc0dlpfSHZuTC1TeG16RU1OQUhBUDFHaDVRQjB5bVBWazRINWdMZm1hYXpfOURrZzlQV1Ayb3ViWTRLZUl3eGdvdDY3WVVMNExo%3Foc%3D5 "HTTP/2 200 OK"
2026-08-21 14:59:40,988 [INFO] HTTP Request: GET https://wafeeknfpzjzngzuphoz.supabase.co/rest/v1/articles?select=article_id&original_url=eq.https%3A%2F%2Fnews.google.com%2Frss%2Farticles%2FCBMiWEFVX3lxTFBvd3pDNkp0cF9pMEIwd3lGQTg4VDE1VUVKREgtdEZRVUVuamgtZk5pNTlDM25oSnZCYVh1eENCQ1A0djlaYWdJU3RGWXdyakFlV2E3b1NZUEHSAV5BVV95cUxOMk1seVBkRzVWbHJUaW1IRzY4bTIyS1NEQnlMbzM2V1pPdW00N0pnazJTRW1sRF9QV3h3ZExUb0RDWU1HVGVGR2hwYW1WTzN3ZGVPX2NweG00ZDVUX3pR%3Foc%3D5 "HTTP/2 200 OK"
2026-08-21 14:59:41,010 [INFO] HTTP Request: GET https://wafeeknfpzjzngzuphoz.supabase.co/rest/v1/articles?select=article_id&original_url=eq.https%3A%2F%2Fnews.google.com%2Frss%2Farticles%2FCBMic0FVX3lxTE1WUnZtUmtkcS1Ec0ppZVV4WjBnNWswaTlPY1JsOXJaWkVaai1kdjdsSXNFY2tTM2hybFJGT3pnLUZUSEp3eHYzVGtYbkhsZEYxdTRhb2JQTXd5Z1I2YXROYlhQN3d6QWJZNHNhZjZreWp3YmM%3Foc%3D5 "HTTP/2 200 OK"
2026-08-21 14:59:41,732 [INFO] HTTP Request: GET https://wafeeknfpzjzngzuphoz.supabase.co/rest/v1/articles?select=article_id&original_url=eq.https%3A%2F%2Fnews.google.com%2Frss%2Farticles%2FCBMiT0FVX3lxTE5pT2NxbXJmajNtcGRxTHZNcjlXazcwQ29IeGNUN0F3X2dUOWV2S1dDVHMyZUtrdWNoLWhXZHJ0SlJLRUNfcUNjMXR5MUpYTzQ%3Foc%3D5 "HTTP/2 200 OK"
2026-08-21 14:59:41,759 [INFO] HTTP Request: GET https://wafeeknfpzjzngzuphoz.supabase.co/rest/v1/articles?select=article_id&original_url=eq.https%3A%2F%2Fnews.google.com%2Frss%2Farticles%2FCBMiWkFVX3lxTE95SGFjUDdLYVhPYXBjSXRhelZMMndBZXdkQTR0dTNvRG82U1hRbTVweUJveVVyYUtnR3dOREt5WDFjOVdVQnd0VWlLU0k2cTVDdUprWENTaTREUdIBX0FVX3lxTE1ITGZzcjlrQkNDWDE3RnBpdXVPV2RtVXNKT3NUUzRVcWYzSk5mRW92cWs2X09aVVNNeTZyYlhkekY2OUQ1UWwzcUJFY1hiTFgwU2hVS0xLWXZlVXFheFhJ%3Foc%3D5 "HTTP/2 200 OK"
2026-08-21 14:59:41,785 [INFO] HTTP Request: GET https://wafeeknfpzjzngzuphoz.supabase.co/rest/v1/articles?select=article_id&original_url=eq.https%3A%2F%2Fnews.google.com%2Frss%2Farticles%2FCBMiWkFVX3lxTE1sa0hTYXF5WDhTS1pzWXBMWVVsYnpCNW1MTkpKc19lcmhuelEzdTJVSDlwNkVzMTIxWUdpRlBMSC1oNGN4R2xPSlN3V0poR2RGa0pvbUZvMVdhUdIBWEFVX3lxTE1OR2llcHJQMTBTaDBNVVVkT3cwd0xfQWJ4b2VRcmtFSnNNUE1JZjMtZUhld0lqRDdOYjM2b1JSVk5UT1JwM0F1OS1OaWZIbTdKQ3Ixck10LUc%3Foc%3D5 "HTTP/2 200 OK"
2026-08-21 14:59:41,809 [INFO] HTTP Request: GET https://wafeeknfpzjzngzuphoz.supabase.co/rest/v1/articles?select=article_id&original_url=eq.https%3A%2F%2Fnews.google.com%2Frss%2Farticles%2FCBMiXEFVX3lxTE9FTkJLTmFvLVJJem5NckxBWUJfVW5BWklBd1ExZjFhbF85NzFRR21HRTBCbHI3QWs0blN0aDhiVTNMX2xmN2ZVdER5dGV3LWNPUFFxMHJMM1RjRnJa%3Foc%3D5 "HTTP/2 200 OK"
2026-08-21 14:59:41,837 [INFO] HTTP Request: GET https://wafeeknfpzjzngzuphoz.supabase.co/rest/v1/articles?select=article_id&original_url=eq.https%3A%2F%2Fnews.google.com%2Frss%2Farticles%2FCBMiYkFVX3lxTE1FdWNubjI3UUxJLVFiMm13dGVzQ3NVUEdxRnUzTkpzSTRmQ3RySWtyYU9Nb05xbFJxUmNlazQ0VHdyNXg0d0toelUyZ2I1ODFBMGR4M09WSkY3Y3B5SEtEdTNB%3Foc%3D5 "HTTP/2 200 OK"
2026-08-21 14:59:41,861 [INFO] HTTP Request: GET https://wafeeknfpzjzngzuphoz.supabase.co/rest/v1/articles?select=article_id&original_url=eq.https%3A%2F%2Fnews.google.com%2Frss%2Farticles%2FCBMihAFBVV95cUxQOHc5V0xHTzhmMnc0bzNvbHdpU0Q1RjZPVjl6Z3hRTkpYYlRqWDEyZlQ5WnhORG56Ry1zNkQySWtQclFnTmlTeDZZcnFUckhka29Ed2RFTXZaaXhQX3FOQWJaOThFQUlTNzVwMTdzUFVRcml6b1hkS2R2M09NU2tuazFBaFA%3Foc%3D5 "HTTP/2 200 OK"
2026-08-21 14:59:41,883 [INFO] HTTP Request: GET https://wafeeknfpzjzngzuphoz.supabase.co/rest/v1/articles?select=article_id&original_url=eq.https%3A%2F%2Fnews.google.com%2Frss%2Farticles%2FCBMic0FVX3lxTE1kZmtaTGNLYUhmOEdnTXBqTm13b3ZKNXk1MS0xU3ZKWl9fTm5yc3hrNDRaeUF1TkF6WFFDU3QzZG0yTkNQbzZGbDNPMG1xU1ByeFZaSHhEOG9vZ09ZSDFtVXBILTVGd2dobFZfNnZzWk1kdUHSAXdBVV95cUxQcHR3Y092blBPc202b1JaOHh5ZFl1Vkw2NnRzdmNuRXBpYUpOQkc5NkpkMUFpWl9aN2VxVlZFSmZXSzdPOFhacHJjWXV6Unp2cGRVVUNCNFdJYjZ3bDZ1OTFDUXRFWXVHa0Uwa1dUUE43RlJvQ2Ztdw%3Foc%3D5 "HTTP/2 200 OK"
2026-08-21 14:59:41,904 [INFO] HTTP Request: GET https://wafeeknfpzjzngzuphoz.supabase.co/rest/v1/articles?select=article_id&original_url=eq.https%3A%2F%2Fnews.google.com%2Frss%2Farticles%2FCBMiaEFVX3lxTE9GdVM2T3VXYmhMWGxqSlFwREc5VzExOWpSWU1rNE5KY1VLTUlGcHJJZFVtdlBCSm0tclpMMWZINTJucnJObW05UXQxbDZ3aXJRNVBLVFgtUnFiWF9WRFh2YlphbUh4VGNP0gFsQVVfeXFMUFF2cUJROC1HMnpmNGNUVkJNa3htd2NsYk5CUzRTWjBGZkVwRXpKWWlFU2F5bVN3ZFNiai1aeU5SN1ZOWmZvRmJ6UTFrUzRqU2F6R0s0TEFtWl9CVXdzT3ZXdnRqU2hObS00enhK%3Foc%3D5 "HTTP/2 200 OK"
2026-08-21 14:59:41,926 [INFO] HTTP Request: GET https://wafeeknfpzjzngzuphoz.supabase.co/rest/v1/articles?select=article_id&original_url=eq.https%3A%2F%2Fnews.google.com%2Frss%2Farticles%2FCBMic0FVX3lxTE9EdUhvQV9xVlE2WER4QWV0NWx0ajRpbVBOR1VCclR2dkZpS21EakV2a1VFUVFuSmdjN2tLS0I4eWhXV2hIMjFFZ191Z09sNmFvZTY4ZFNYNzdBcmlWWmFhWHBuYlJ3eE03M245V19KMnFFRFk%3Foc%3D5 "HTTP/2 200 OK"
2026-08-21 14:59:41,950 [INFO] HTTP Request: GET https://wafeeknfpzjzngzuphoz.supabase.co/rest/v1/articles?select=article_id&original_url=eq.https%3A%2F%2Fnews.google.com%2Frss%2Farticles%2FCBMiZEFVX3lxTE8xaEVuWHhyODVkLWNFYlpFS0dldk50NUhRVUFkZnE4ZmM2ZmF5d2VtcWxoRWhUUk1qN2ZKOXgyakhPNVc3elVwV21iWWl6VXlEaDBGUmR3dVQ3XzgwM3V1SGtSb0s%3Foc%3D5 "HTTP/2 200 OK"
2026-08-21 14:59:42,067 [INFO] HTTP Request: GET https://wafeeknfpzjzngzuphoz.supabase.co/rest/v1/articles?select=article_id&original_url=eq.https%3A%2F%2Fyozm.wishket.com%2Fmagazine%2Fdetail%2F3909 "HTTP/2 200 OK"
2026-08-21 14:59:42,087 [INFO] HTTP Request: GET https://wafeeknfpzjzngzuphoz.supabase.co/rest/v1/articles?select=article_id&original_url=eq.https%3A%2F%2Fyozm.wishket.com%2Fmagazine%2Fdetail%2F3908 "HTTP/2 200 OK"
2026-08-21 14:59:42,110 [INFO] HTTP Request: GET https://wafeeknfpzjzngzuphoz.supabase.co/rest/v1/articles?select=article_id&original_url=eq.https%3A%2F%2Fyozm.wishket.com%2Fmagazine%2Fdetail%2F3907 "HTTP/2 200 OK"
2026-08-21 14:59:42,139 [INFO] HTTP Request: GET https://wafeeknfpzjzngzuphoz.supabase.co/rest/v1/articles?select=article_id&original_url=eq.https%3A%2F%2Fyozm.wishket.com%2Fmagazine%2Fdetail%2F3906 "HTTP/2 200 OK"
2026-08-21 14:59:42,163 [INFO] HTTP Request: GET https://wafeeknfpzjzngzuphoz.supabase.co/rest/v1/articles?select=article_id&original_url=eq.https%3A%2F%2Fyozm.wishket.com%2Fmagazine%2Fdetail%2F3905 "HTTP/2 200 OK"
2026-08-21 14:59:42,184 [INFO] HTTP Request: GET https://wafeeknfpzjzngzuphoz.supabase.co/rest/v1/articles?select=article_id&original_url=eq.https%3A%2F%2Fyozm.wishket.com%2Fmagazine%2Fdetail%2F3904 "HTTP/2 200 OK"
2026-08-21 14:59:42,205 [INFO] HTTP Request: GET https://wafeeknfpzjzngzuphoz.supabase.co/rest/v1/articles?select=article_id&original_url=eq.https%3A%2F%2Fyozm.wishket.com%2Fmagazine%2Fdetail%2F3903 "HTTP/2 200 OK"
2026-08-21 14:59:42,228 [INFO] HTTP Request: GET https://wafeeknfpzjzngzuphoz.supabase.co/rest/v1/articles?select=article_id&original_url=eq.https%3A%2F%2Fyozm.wishket.com%2Fmagazine%2Fdetail%2F3902 "HTTP/2 200 OK"
2026-08-21 14:59:42,250 [INFO] HTTP Request: GET https://wafeeknfpzjzngzuphoz.supabase.co/rest/v1/articles?select=article_id&original_url=eq.https%3A%2F%2Fyozm.wishket.com%2Fmagazine%2Fdetail%2F3901 "HTTP/2 200 OK"
2026-08-21 14:59:42,274 [INFO] HTTP Request: GET https://wafeeknfpzjzngzuphoz.supabase.co/rest/v1/articles?select=article_id&original_url=eq.https%3A%2F%2Fyozm.wishket.com%2Fmagazine%2Fdetail%2F3900 "HTTP/2 200 OK"
2026-08-21 14:59:42,588 [INFO] HTTP Request: GET https://wafeeknfpzjzngzuphoz.supabase.co/rest/v1/articles?select=article_id&original_url=eq.https%3A%2F%2Ftechblog.woowahan.com%2F26876%2F "HTTP/2 200 OK"
2026-08-21 14:59:42,607 [INFO] HTTP Request: GET https://wafeeknfpzjzngzuphoz.supabase.co/rest/v1/articles?select=article_id&original_url=eq.https%3A%2F%2Ftechblog.woowahan.com%2F26777%2F "HTTP/2 200 OK"
2026-08-21 14:59:42,630 [INFO] HTTP Request: GET https://wafeeknfpzjzngzuphoz.supabase.co/rest/v1/articles?select=article_id&original_url=eq.https%3A%2F%2Ftechblog.woowahan.com%2F26729%2F "HTTP/2 200 OK"
2026-08-21 14:59:42,651 [INFO] HTTP Request: GET https://wafeeknfpzjzngzuphoz.supabase.co/rest/v1/articles?select=article_id&original_url=eq.https%3A%2F%2Ftechblog.woowahan.com%2F26507%2F "HTTP/2 200 OK"
2026-08-21 14:59:42,672 [INFO] HTTP Request: GET https://wafeeknfpzjzngzuphoz.supabase.co/rest/v1/articles?select=article_id&original_url=eq.https%3A%2F%2Ftechblog.woowahan.com%2F26624%2F "HTTP/2 200 OK"
2026-08-21 14:59:42,696 [INFO] HTTP Request: GET https://wafeeknfpzjzngzuphoz.supabase.co/rest/v1/articles?select=article_id&original_url=eq.https%3A%2F%2Ftechblog.woowahan.com%2F26492%2F "HTTP/2 200 OK"
2026-08-21 14:59:42,717 [INFO] HTTP Request: GET https://wafeeknfpzjzngzuphoz.supabase.co/rest/v1/articles?select=article_id&original_url=eq.https%3A%2F%2Ftechblog.woowahan.com%2F26459%2F "HTTP/2 200 OK"
2026-08-21 14:59:42,738 [INFO] HTTP Request: GET https://wafeeknfpzjzngzuphoz.supabase.co/rest/v1/articles?select=article_id&original_url=eq.https%3A%2F%2Ftechblog.woowahan.com%2F26379%2F "HTTP/2 200 OK"
2026-08-21 14:59:42,761 [INFO] HTTP Request: GET https://wafeeknfpzjzngzuphoz.supabase.co/rest/v1/articles?select=article_id&original_url=eq.https%3A%2F%2Ftechblog.woowahan.com%2F26388%2F "HTTP/2 200 OK"
2026-08-21 14:59:42,781 [INFO] HTTP Request: GET https://wafeeknfpzjzngzuphoz.supabase.co/rest/v1/articles?select=article_id&original_url=eq.https%3A%2F%2Ftechblog.woowahan.com%2F26319%2F "HTTP/2 200 OK"
2026-08-21 14:59:42,893 [INFO] HTTP Request: GET https://wafeeknfpzjzngzuphoz.supabase.co/rest/v1/articles?select=article_id&original_url=eq.https%3A%2F%2Ftech.kakao.com%2Fposts%2F829 "HTTP/2 200 OK"
2026-08-21 14:59:42,913 [INFO] HTTP Request: GET https://wafeeknfpzjzngzuphoz.supabase.co/rest/v1/articles?select=article_id&original_url=eq.https%3A%2F%2Ftech.kakao.com%2Fposts%2F828 "HTTP/2 200 OK"
2026-08-21 14:59:42,939 [INFO] HTTP Request: GET https://wafeeknfpzjzngzuphoz.supabase.co/rest/v1/articles?select=article_id&original_url=eq.https%3A%2F%2Ftech.kakao.com%2Fposts%2F827 "HTTP/2 200 OK"
2026-08-21 14:59:42,960 [INFO] HTTP Request: GET https://wafeeknfpzjzngzuphoz.supabase.co/rest/v1/articles?select=article_id&original_url=eq.https%3A%2F%2Ftech.kakao.com%2Fposts%2F826 "HTTP/2 200 OK"
2026-08-21 14:59:42,982 [INFO] HTTP Request: GET https://wafeeknfpzjzngzuphoz.supabase.co/rest/v1/articles?select=article_id&original_url=eq.https%3A%2F%2Ftech.kakao.com%2Fposts%2F825 "HTTP/2 200 OK"
2026-08-21 14:59:43,004 [INFO] HTTP Request: GET https://wafeeknfpzjzngzuphoz.supabase.co/rest/v1/articles?select=article_id&original_url=eq.https%3A%2F%2Ftech.kakao.com%2Fposts%2F824 "HTTP/2 200 OK"
2026-08-21 14:59:43,028 [INFO] HTTP Request: GET https://wafeeknfpzjzngzuphoz.supabase.co/rest/v1/articles?select=article_id&original_url=eq.https%3A%2F%2Ftech.kakao.com%2Fposts%2F823 "HTTP/2 200 OK"
2026-08-21 14:59:43,051 [INFO] HTTP Request: GET https://wafeeknfpzjzngzuphoz.supabase.co/rest/v1/articles?select=article_id&original_url=eq.https%3A%2F%2Ftech.kakao.com%2Fposts%2F818 "HTTP/2 200 OK"
2026-08-21 14:59:43,071 [INFO] HTTP Request: GET https://wafeeknfpzjzngzuphoz.supabase.co/rest/v1/articles?select=article_id&original_url=eq.https%3A%2F%2Ftech.kakao.com%2Fposts%2F822 "HTTP/2 200 OK"
2026-08-21 14:59:43,094 [INFO] HTTP Request: GET https://wafeeknfpzjzngzuphoz.supabase.co/rest/v1/articles?select=article_id&original_url=eq.https%3A%2F%2Ftech.kakao.com%2Fposts%2F821 "HTTP/2 200 OK"
2026-08-21 14:59:43,095 [INFO] 📄 HTML 파일 생성 완료: news/2026-08-21.html
2026-08-21 14:59:43,095 [INFO] ✅ 총 0개 신규 기사 DB 저장 완료
2026-08-21 14:59:43,095 [INFO] 🔗 오늘자 웹페이지 확인: http://localhost:3000/news/2026-08-21.html

2026-08-21 15:03:29,629 [INFO] ⚡ [--now] 옵션 감지: 즉시 수집 작업을 실행합니다.
2026-08-21 15:03:29,629 [INFO] 🚀 [Start] RSS 피드 수집 및 DB 저장 시작
2026-08-21 15:03:31,194 [INFO] HTTP Request: GET https://wafeeknfpzjzngzuphoz.supabase.co/rest/v1/articles?select=article_id&original_url=eq.https%3A%2F%2Fnews.hada.io%2Ftopic%3Fid%3D32720 "HTTP/2 200 OK"
2026-08-21 15:03:31,253 [INFO] HTTP Request: GET https://wafeeknfpzjzngzuphoz.supabase.co/rest/v1/articles?select=article_id&original_url=eq.https%3A%2F%2Fnews.hada.io%2Ftopic%3Fid%3D32719 "HTTP/2 200 OK"
2026-08-21 15:03:31,301 [INFO] HTTP Request: GET https://wafeeknfpzjzngzuphoz.supabase.co/rest/v1/articles?select=article_id&original_url=eq.https%3A%2F%2Fnews.hada.io%2Ftopic%3Fid%3D32717 "HTTP/2 200 OK"
2026-08-21 15:03:31,325 [INFO] HTTP Request: GET https://wafeeknfpzjzngzuphoz.supabase.co/rest/v1/articles?select=article_id&original_url=eq.https%3A%2F%2Fnews.hada.io%2Ftopic%3Fid%3D32716 "HTTP/2 200 OK"
2026-08-21 15:03:31,347 [INFO] HTTP Request: GET https://wafeeknfpzjzngzuphoz.supabase.co/rest/v1/articles?select=article_id&original_url=eq.https%3A%2F%2Fnews.hada.io%2Ftopic%3Fid%3D32715 "HTTP/2 200 OK"
2026-08-21 15:03:31,368 [INFO] HTTP Request: GET https://wafeeknfpzjzngzuphoz.supabase.co/rest/v1/articles?select=article_id&original_url=eq.https%3A%2F%2Fnews.hada.io%2Ftopic%3Fid%3D32714 "HTTP/2 200 OK"
2026-08-21 15:03:31,389 [INFO] HTTP Request: GET https://wafeeknfpzjzngzuphoz.supabase.co/rest/v1/articles?select=article_id&original_url=eq.https%3A%2F%2Fnews.hada.io%2Ftopic%3Fid%3D32713 "HTTP/2 200 OK"
2026-08-21 15:03:31,411 [INFO] HTTP Request: GET https://wafeeknfpzjzngzuphoz.supabase.co/rest/v1/articles?select=article_id&original_url=eq.https%3A%2F%2Fnews.hada.io%2Ftopic%3Fid%3D32712 "HTTP/2 200 OK"
2026-08-21 15:03:31,432 [INFO] HTTP Request: GET https://wafeeknfpzjzngzuphoz.supabase.co/rest/v1/articles?select=article_id&original_url=eq.https%3A%2F%2Fnews.hada.io%2Ftopic%3Fid%3D32711 "HTTP/2 200 OK"
2026-08-21 15:03:31,459 [INFO] HTTP Request: GET https://wafeeknfpzjzngzuphoz.supabase.co/rest/v1/articles?select=article_id&original_url=eq.https%3A%2F%2Fnews.hada.io%2Ftopic%3Fid%3D32710 "HTTP/2 200 OK"
2026-08-21 15:03:31,547 [INFO] HTTP Request: GET https://wafeeknfpzjzngzuphoz.supabase.co/rest/v1/articles?select=article_id&original_url=eq.https%3A%2F%2Fwww.aitimes.com%2Fnews%2FarticleView.html%3Fidxno%3D214206 "HTTP/2 200 OK"
2026-08-21 15:03:31,578 [INFO] HTTP Request: GET https://wafeeknfpzjzngzuphoz.supabase.co/rest/v1/articles?select=article_id&original_url=eq.https%3A%2F%2Fwww.aitimes.com%2Fnews%2FarticleView.html%3Fidxno%3D214215 "HTTP/2 200 OK"
2026-08-21 15:03:31,599 [INFO] HTTP Request: GET https://wafeeknfpzjzngzuphoz.supabase.co/rest/v1/articles?select=article_id&original_url=eq.https%3A%2F%2Fwww.aitimes.com%2Fnews%2FarticleView.html%3Fidxno%3D214212 "HTTP/2 200 OK"
2026-08-21 15:03:31,622 [INFO] HTTP Request: GET https://wafeeknfpzjzngzuphoz.supabase.co/rest/v1/articles?select=article_id&original_url=eq.https%3A%2F%2Fwww.aitimes.com%2Fnews%2FarticleView.html%3Fidxno%3D214209 "HTTP/2 200 OK"
2026-08-21 15:03:31,643 [INFO] HTTP Request: GET https://wafeeknfpzjzngzuphoz.supabase.co/rest/v1/articles?select=article_id&original_url=eq.https%3A%2F%2Fwww.aitimes.com%2Fnews%2FarticleView.html%3Fidxno%3D214204 "HTTP/2 200 OK"
2026-08-21 15:03:31,665 [INFO] HTTP Request: GET https://wafeeknfpzjzngzuphoz.supabase.co/rest/v1/articles?select=article_id&original_url=eq.https%3A%2F%2Fwww.aitimes.com%2Fnews%2FarticleView.html%3Fidxno%3D214203 "HTTP/2 200 OK"
2026-08-21 15:03:31,695 [INFO] HTTP Request: GET https://wafeeknfpzjzngzuphoz.supabase.co/rest/v1/articles?select=article_id&original_url=eq.https%3A%2F%2Fwww.aitimes.com%2Fnews%2FarticleView.html%3Fidxno%3D214200 "HTTP/2 200 OK"
2026-08-21 15:03:31,717 [INFO] HTTP Request: GET https://wafeeknfpzjzngzuphoz.supabase.co/rest/v1/articles?select=article_id&original_url=eq.https%3A%2F%2Fwww.aitimes.com%2Fnews%2FarticleView.html%3Fidxno%3D214192 "HTTP/2 200 OK"
2026-08-21 15:03:31,739 [INFO] HTTP Request: GET https://wafeeknfpzjzngzuphoz.supabase.co/rest/v1/articles?select=article_id&original_url=eq.https%3A%2F%2Fwww.aitimes.com%2Fnews%2FarticleView.html%3Fidxno%3D214191 "HTTP/2 200 OK"
2026-08-21 15:03:31,764 [INFO] HTTP Request: GET https://wafeeknfpzjzngzuphoz.supabase.co/rest/v1/articles?select=article_id&original_url=eq.https%3A%2F%2Fwww.aitimes.com%2Fnews%2FarticleView.html%3Fidxno%3D214183 "HTTP/2 200 OK"
2026-08-21 15:03:32,762 [INFO] HTTP Request: GET https://wafeeknfpzjzngzuphoz.supabase.co/rest/v1/articles?select=article_id&original_url=eq.https%3A%2F%2Fnews.google.com%2Frss%2Farticles%2FCBMiXEFVX3lxTE9DWXkyN3hhUDFHR0tCMXdpVkt3OTAyS1dBUUN6QXBKTEpMOF9SLWJSZkl3VW5FdzE2N1JiYk13NGtFQXNnbjFZZ3Vsd3BZNGJLWDJTdVladTk0bXRi%3Foc%3D5 "HTTP/2 200 OK"
2026-08-21 15:03:32,885 [INFO] HTTP Request: GET https://wafeeknfpzjzngzuphoz.supabase.co/rest/v1/articles?select=article_id&original_url=eq.https%3A%2F%2Fnews.google.com%2Frss%2Farticles%2FCBMiVkFVX3lxTFBlSVhEWDF6dU85X3puVUswSzlXLUx4OXg5b0JZMlJYeHFXcHFsM1FLNEQ4MHQxTjlfRzZMZVhiU0JVTm5nS1paWnhEVXM1RzRmV0hWeWNR%3Foc%3D5 "HTTP/2 200 OK"
2026-08-21 15:03:32,909 [INFO] HTTP Request: GET https://wafeeknfpzjzngzuphoz.supabase.co/rest/v1/articles?select=article_id&original_url=eq.https%3A%2F%2Fnews.google.com%2Frss%2Farticles%2FCBMijgFBVV95cUxPaXVvNUlaeE5USjVKOGE5WEpLRDA2Y0c4Z3hONXZLaXc3X2IySmlzMy1kSExBUzNRMlY5dmUyNWNnX295R0tucnRKUi1aUnJsMjkzUllJWGdzbHVtajMyVG5pWW81YUxVbzhRQUh1T3E4bTJaU3AtRlFzQ0RjUzFxc1BqMkZpNGRwVUhXTi1R%3Foc%3D5 "HTTP/2 200 OK"
2026-08-21 15:03:32,934 [INFO] HTTP Request: GET https://wafeeknfpzjzngzuphoz.supabase.co/rest/v1/articles?select=article_id&original_url=eq.https%3A%2F%2Fnews.google.com%2Frss%2Farticles%2FCBMiX0FVX3lxTE5IRW4zbDg2OG1sYmVhVGhPUmNGaFJ6ZVdGYjNTeEd0eUp5REtWSm1fQ05rdnZFNkVPQVFlcExzYnU2YURSOE9PeHdiMEtCZXdBNkM0OFlOVWxoR1RySU84%3Foc%3D5 "HTTP/2 200 OK"
2026-08-21 15:03:33,098 [INFO] HTTP Request: POST https://wafeeknfpzjzngzuphoz.supabase.co/rest/v1/articles "HTTP/2 201 Created"
2026-08-21 15:03:33,120 [INFO] HTTP Request: GET https://wafeeknfpzjzngzuphoz.supabase.co/rest/v1/articles?select=article_id&original_url=eq.https%3A%2F%2Fnews.google.com%2Frss%2Farticles%2FCBMiSEFVX3lxTE1mczBWYm0wOEU3a2NSanExQ0V5ZjNDWmZhNURubTVxcmJDRUNjLXZzT1JmT2JlbVYwUjlWY0dxNXgxRW5ueHdveA%3Foc%3D5 "HTTP/2 200 OK"
2026-08-21 15:03:33,146 [INFO] HTTP Request: GET https://wafeeknfpzjzngzuphoz.supabase.co/rest/v1/articles?select=article_id&original_url=eq.https%3A%2F%2Fnews.google.com%2Frss%2Farticles%2FCBMib0FVX3lxTE1GYWxwbEp6YTFrUExYQ3J0aW1aVkdtTFptSlNqZ3dsWEdlLXI2RnJyb3UwQVhHWURDamk2UXE5N1dIMzQxZkxOT0R0V1gyUHRkYWhqdWgycHU4WHNXa2QtTUVReFpLbWZoZWlmS09nWQ%3Foc%3D5 "HTTP/2 200 OK"
2026-08-21 15:03:33,174 [INFO] HTTP Request: GET https://wafeeknfpzjzngzuphoz.supabase.co/rest/v1/articles?select=article_id&original_url=eq.https%3A%2F%2Fnews.google.com%2Frss%2Farticles%2FCBMiT0FVX3lxTFAzaWZPNVkxUlpVVTkzeEkyZURXNHppRWFtYkVEeUFCaDhTeVJFS0VubHd5Tjd6U09KRGI3ZDZYTXFNWWRQeHk5Q1F2eTlzeDQ%3Foc%3D5 "HTTP/2 200 OK"
2026-08-21 15:03:33,199 [INFO] HTTP Request: GET https://wafeeknfpzjzngzuphoz.supabase.co/rest/v1/articles?select=article_id&original_url=eq.https%3A%2F%2Fnews.google.com%2Frss%2Farticles%2FCBMiiAFBVV95cUxPcUNMUVl5OG0ydkJSb2c3eVJiLXNNdFYzQno4XzkyYzl2d2lvLUNnYzBzb1lqaHBxNzZtSXBuNzc0dlpfSHZuTC1TeG16RU1OQUhBUDFHaDVRQjB5bVBWazRINWdMZm1hYXpfOURrZzlQV1Ayb3ViWTRLZUl3eGdvdDY3WVVMNExo%3Foc%3D5 "HTTP/2 200 OK"
2026-08-21 15:03:33,217 [INFO] HTTP Request: GET https://wafeeknfpzjzngzuphoz.supabase.co/rest/v1/articles?select=article_id&original_url=eq.https%3A%2F%2Fnews.google.com%2Frss%2Farticles%2FCBMiWEFVX3lxTFBvd3pDNkp0cF9pMEIwd3lGQTg4VDE1VUVKREgtdEZRVUVuamgtZk5pNTlDM25oSnZCYVh1eENCQ1A0djlaYWdJU3RGWXdyakFlV2E3b1NZUEHSAV5BVV95cUxOMk1seVBkRzVWbHJUaW1IRzY4bTIyS1NEQnlMbzM2V1pPdW00N0pnazJTRW1sRF9QV3h3ZExUb0RDWU1HVGVGR2hwYW1WTzN3ZGVPX2NweG00ZDVUX3pR%3Foc%3D5 "HTTP/2 200 OK"
2026-08-21 15:03:33,237 [INFO] HTTP Request: GET https://wafeeknfpzjzngzuphoz.supabase.co/rest/v1/articles?select=article_id&original_url=eq.https%3A%2F%2Fnews.google.com%2Frss%2Farticles%2FCBMibEFVX3lxTE1ZY01VdkJHWXZXTXcwR3Z0d05NTVJLcXQxQkE5VHU5aXpqaGVmbWRETWFsbWlld2NnU3k4NUNOdHlENzVuTENnVjZHSnE1bzhlMFR3THU5RVc3MjRkSVZMSzU1S1V6Q09QdHZUSw%3Foc%3D5 "HTTP/2 200 OK"
2026-08-21 15:03:33,271 [INFO] HTTP Request: POST https://wafeeknfpzjzngzuphoz.supabase.co/rest/v1/articles "HTTP/2 201 Created"
2026-08-21 15:03:33,917 [INFO] HTTP Request: GET https://wafeeknfpzjzngzuphoz.supabase.co/rest/v1/articles?select=article_id&original_url=eq.https%3A%2F%2Fnews.google.com%2Frss%2Farticles%2FCBMiT0FVX3lxTE5pT2NxbXJmajNtcGRxTHZNcjlXazcwQ29IeGNUN0F3X2dUOWV2S1dDVHMyZUtrdWNoLWhXZHJ0SlJLRUNfcUNjMXR5MUpYTzQ%3Foc%3D5 "HTTP/2 200 OK"
2026-08-21 15:03:33,942 [INFO] HTTP Request: GET https://wafeeknfpzjzngzuphoz.supabase.co/rest/v1/articles?select=article_id&original_url=eq.https%3A%2F%2Fnews.google.com%2Frss%2Farticles%2FCBMiWkFVX3lxTE95SGFjUDdLYVhPYXBjSXRhelZMMndBZXdkQTR0dTNvRG82U1hRbTVweUJveVVyYUtnR3dOREt5WDFjOVdVQnd0VWlLU0k2cTVDdUprWENTaTREUdIBX0FVX3lxTE1ITGZzcjlrQkNDWDE3RnBpdXVPV2RtVXNKT3NUUzRVcWYzSk5mRW92cWs2X09aVVNNeTZyYlhkekY2OUQ1UWwzcUJFY1hiTFgwU2hVS0xLWXZlVXFheFhJ%3Foc%3D5 "HTTP/2 200 OK"
2026-08-21 15:03:33,961 [INFO] HTTP Request: GET https://wafeeknfpzjzngzuphoz.supabase.co/rest/v1/articles?select=article_id&original_url=eq.https%3A%2F%2Fnews.google.com%2Frss%2Farticles%2FCBMiWkFVX3lxTE1sa0hTYXF5WDhTS1pzWXBMWVVsYnpCNW1MTkpKc19lcmhuelEzdTJVSDlwNkVzMTIxWUdpRlBMSC1oNGN4R2xPSlN3V0poR2RGa0pvbUZvMVdhUdIBWEFVX3lxTE1OR2llcHJQMTBTaDBNVVVkT3cwd0xfQWJ4b2VRcmtFSnNNUE1JZjMtZUhld0lqRDdOYjM2b1JSVk5UT1JwM0F1OS1OaWZIbTdKQ3Ixck10LUc%3Foc%3D5 "HTTP/2 200 OK"
2026-08-21 15:03:33,982 [INFO] HTTP Request: GET https://wafeeknfpzjzngzuphoz.supabase.co/rest/v1/articles?select=article_id&original_url=eq.https%3A%2F%2Fnews.google.com%2Frss%2Farticles%2FCBMiXEFVX3lxTE9FTkJLTmFvLVJJem5NckxBWUJfVW5BWklBd1ExZjFhbF85NzFRR21HRTBCbHI3QWs0blN0aDhiVTNMX2xmN2ZVdER5dGV3LWNPUFFxMHJMM1RjRnJa%3Foc%3D5 "HTTP/2 200 OK"
2026-08-21 15:03:34,000 [INFO] HTTP Request: GET https://wafeeknfpzjzngzuphoz.supabase.co/rest/v1/articles?select=article_id&original_url=eq.https%3A%2F%2Fnews.google.com%2Frss%2Farticles%2FCBMiYkFVX3lxTE1FdWNubjI3UUxJLVFiMm13dGVzQ3NVUEdxRnUzTkpzSTRmQ3RySWtyYU9Nb05xbFJxUmNlazQ0VHdyNXg0d0toelUyZ2I1ODFBMGR4M09WSkY3Y3B5SEtEdTNB%3Foc%3D5 "HTTP/2 200 OK"
2026-08-21 15:03:34,024 [INFO] HTTP Request: GET https://wafeeknfpzjzngzuphoz.supabase.co/rest/v1/articles?select=article_id&original_url=eq.https%3A%2F%2Fnews.google.com%2Frss%2Farticles%2FCBMihAFBVV95cUxQOHc5V0xHTzhmMnc0bzNvbHdpU0Q1RjZPVjl6Z3hRTkpYYlRqWDEyZlQ5WnhORG56Ry1zNkQySWtQclFnTmlTeDZZcnFUckhka29Ed2RFTXZaaXhQX3FOQWJaOThFQUlTNzVwMTdzUFVRcml6b1hkS2R2M09NU2tuazFBaFA%3Foc%3D5 "HTTP/2 200 OK"
2026-08-21 15:03:34,047 [INFO] HTTP Request: GET https://wafeeknfpzjzngzuphoz.supabase.co/rest/v1/articles?select=article_id&original_url=eq.https%3A%2F%2Fnews.google.com%2Frss%2Farticles%2FCBMic0FVX3lxTE1kZmtaTGNLYUhmOEdnTXBqTm13b3ZKNXk1MS0xU3ZKWl9fTm5yc3hrNDRaeUF1TkF6WFFDU3QzZG0yTkNQbzZGbDNPMG1xU1ByeFZaSHhEOG9vZ09ZSDFtVXBILTVGd2dobFZfNnZzWk1kdUHSAXdBVV95cUxQcHR3Y092blBPc202b1JaOHh5ZFl1Vkw2NnRzdmNuRXBpYUpOQkc5NkpkMUFpWl9aN2VxVlZFSmZXSzdPOFhacHJjWXV6Unp2cGRVVUNCNFdJYjZ3bDZ1OTFDUXRFWXVHa0Uwa1dUUE43RlJvQ2Ztdw%3Foc%3D5 "HTTP/2 200 OK"
2026-08-21 15:03:34,078 [INFO] HTTP Request: GET https://wafeeknfpzjzngzuphoz.supabase.co/rest/v1/articles?select=article_id&original_url=eq.https%3A%2F%2Fnews.google.com%2Frss%2Farticles%2FCBMiaEFVX3lxTE9GdVM2T3VXYmhMWGxqSlFwREc5VzExOWpSWU1rNE5KY1VLTUlGcHJJZFVtdlBCSm0tclpMMWZINTJucnJObW05UXQxbDZ3aXJRNVBLVFgtUnFiWF9WRFh2YlphbUh4VGNP0gFsQVVfeXFMUFF2cUJROC1HMnpmNGNUVkJNa3htd2NsYk5CUzRTWjBGZkVwRXpKWWlFU2F5bVN3ZFNiai1aeU5SN1ZOWmZvRmJ6UTFrUzRqU2F6R0s0TEFtWl9CVXdzT3ZXdnRqU2hObS00enhK%3Foc%3D5 "HTTP/2 200 OK"
2026-08-21 15:03:34,097 [INFO] HTTP Request: GET https://wafeeknfpzjzngzuphoz.supabase.co/rest/v1/articles?select=article_id&original_url=eq.https%3A%2F%2Fnews.google.com%2Frss%2Farticles%2FCBMic0FVX3lxTE9EdUhvQV9xVlE2WER4QWV0NWx0ajRpbVBOR1VCclR2dkZpS21EakV2a1VFUVFuSmdjN2tLS0I4eWhXV2hIMjFFZ191Z09sNmFvZTY4ZFNYNzdBcmlWWmFhWHBuYlJ3eE03M245V19KMnFFRFk%3Foc%3D5 "HTTP/2 200 OK"
2026-08-21 15:03:34,117 [INFO] HTTP Request: GET https://wafeeknfpzjzngzuphoz.supabase.co/rest/v1/articles?select=article_id&original_url=eq.https%3A%2F%2Fnews.google.com%2Frss%2Farticles%2FCBMiZEFVX3lxTE8xaEVuWHhyODVkLWNFYlpFS0dldk50NUhRVUFkZnE4ZmM2ZmF5d2VtcWxoRWhUUk1qN2ZKOXgyakhPNVc3elVwV21iWWl6VXlEaDBGUmR3dVQ3XzgwM3V1SGtSb0s%3Foc%3D5 "HTTP/2 200 OK"
2026-08-21 15:03:34,767 [INFO] HTTP Request: GET https://wafeeknfpzjzngzuphoz.supabase.co/rest/v1/articles?select=article_id&original_url=eq.https%3A%2F%2Fyozm.wishket.com%2Fmagazine%2Fdetail%2F3909 "HTTP/2 200 OK"
2026-08-21 15:03:34,788 [INFO] HTTP Request: GET https://wafeeknfpzjzngzuphoz.supabase.co/rest/v1/articles?select=article_id&original_url=eq.https%3A%2F%2Fyozm.wishket.com%2Fmagazine%2Fdetail%2F3908 "HTTP/2 200 OK"
2026-08-21 15:03:34,808 [INFO] HTTP Request: GET https://wafeeknfpzjzngzuphoz.supabase.co/rest/v1/articles?select=article_id&original_url=eq.https%3A%2F%2Fyozm.wishket.com%2Fmagazine%2Fdetail%2F3907 "HTTP/2 200 OK"
2026-08-21 15:03:34,828 [INFO] HTTP Request: GET https://wafeeknfpzjzngzuphoz.supabase.co/rest/v1/articles?select=article_id&original_url=eq.https%3A%2F%2Fyozm.wishket.com%2Fmagazine%2Fdetail%2F3906 "HTTP/2 200 OK"
2026-08-21 15:03:34,849 [INFO] HTTP Request: GET https://wafeeknfpzjzngzuphoz.supabase.co/rest/v1/articles?select=article_id&original_url=eq.https%3A%2F%2Fyozm.wishket.com%2Fmagazine%2Fdetail%2F3905 "HTTP/2 200 OK"
2026-08-21 15:03:34,872 [INFO] HTTP Request: GET https://wafeeknfpzjzngzuphoz.supabase.co/rest/v1/articles?select=article_id&original_url=eq.https%3A%2F%2Fyozm.wishket.com%2Fmagazine%2Fdetail%2F3904 "HTTP/2 200 OK"
2026-08-21 15:03:34,893 [INFO] HTTP Request: GET https://wafeeknfpzjzngzuphoz.supabase.co/rest/v1/articles?select=article_id&original_url=eq.https%3A%2F%2Fyozm.wishket.com%2Fmagazine%2Fdetail%2F3903 "HTTP/2 200 OK"
2026-08-21 15:03:34,914 [INFO] HTTP Request: GET https://wafeeknfpzjzngzuphoz.supabase.co/rest/v1/articles?select=article_id&original_url=eq.https%3A%2F%2Fyozm.wishket.com%2Fmagazine%2Fdetail%2F3902 "HTTP/2 200 OK"
2026-08-21 15:03:34,934 [INFO] HTTP Request: GET https://wafeeknfpzjzngzuphoz.supabase.co/rest/v1/articles?select=article_id&original_url=eq.https%3A%2F%2Fyozm.wishket.com%2Fmagazine%2Fdetail%2F3901 "HTTP/2 200 OK"
2026-08-21 15:03:34,955 [INFO] HTTP Request: GET https://wafeeknfpzjzngzuphoz.supabase.co/rest/v1/articles?select=article_id&original_url=eq.https%3A%2F%2Fyozm.wishket.com%2Fmagazine%2Fdetail%2F3900 "HTTP/2 200 OK"
2026-08-21 15:03:35,305 [INFO] HTTP Request: GET https://wafeeknfpzjzngzuphoz.supabase.co/rest/v1/articles?select=article_id&original_url=eq.https%3A%2F%2Ftechblog.woowahan.com%2F26876%2F "HTTP/2 200 OK"
2026-08-21 15:03:35,323 [INFO] HTTP Request: GET https://wafeeknfpzjzngzuphoz.supabase.co/rest/v1/articles?select=article_id&original_url=eq.https%3A%2F%2Ftechblog.woowahan.com%2F26777%2F "HTTP/2 200 OK"
2026-08-21 15:03:35,347 [INFO] HTTP Request: GET https://wafeeknfpzjzngzuphoz.supabase.co/rest/v1/articles?select=article_id&original_url=eq.https%3A%2F%2Ftechblog.woowahan.com%2F26729%2F "HTTP/2 200 OK"
2026-08-21 15:03:35,373 [INFO] HTTP Request: GET https://wafeeknfpzjzngzuphoz.supabase.co/rest/v1/articles?select=article_id&original_url=eq.https%3A%2F%2Ftechblog.woowahan.com%2F26507%2F "HTTP/2 200 OK"
2026-08-21 15:03:35,392 [INFO] HTTP Request: GET https://wafeeknfpzjzngzuphoz.supabase.co/rest/v1/articles?select=article_id&original_url=eq.https%3A%2F%2Ftechblog.woowahan.com%2F26624%2F "HTTP/2 200 OK"
2026-08-21 15:03:35,410 [INFO] HTTP Request: GET https://wafeeknfpzjzngzuphoz.supabase.co/rest/v1/articles?select=article_id&original_url=eq.https%3A%2F%2Ftechblog.woowahan.com%2F26492%2F "HTTP/2 200 OK"
2026-08-21 15:03:35,428 [INFO] HTTP Request: GET https://wafeeknfpzjzngzuphoz.supabase.co/rest/v1/articles?select=article_id&original_url=eq.https%3A%2F%2Ftechblog.woowahan.com%2F26459%2F "HTTP/2 200 OK"
2026-08-21 15:03:35,448 [INFO] HTTP Request: GET https://wafeeknfpzjzngzuphoz.supabase.co/rest/v1/articles?select=article_id&original_url=eq.https%3A%2F%2Ftechblog.woowahan.com%2F26379%2F "HTTP/2 200 OK"
2026-08-21 15:03:35,468 [INFO] HTTP Request: GET https://wafeeknfpzjzngzuphoz.supabase.co/rest/v1/articles?select=article_id&original_url=eq.https%3A%2F%2Ftechblog.woowahan.com%2F26388%2F "HTTP/2 200 OK"
2026-08-21 15:03:35,486 [INFO] HTTP Request: GET https://wafeeknfpzjzngzuphoz.supabase.co/rest/v1/articles?select=article_id&original_url=eq.https%3A%2F%2Ftechblog.woowahan.com%2F26319%2F "HTTP/2 200 OK"
2026-08-21 15:03:35,583 [INFO] HTTP Request: GET https://wafeeknfpzjzngzuphoz.supabase.co/rest/v1/articles?select=article_id&original_url=eq.https%3A%2F%2Ftech.kakao.com%2Fposts%2F829 "HTTP/2 200 OK"
2026-08-21 15:03:35,604 [INFO] HTTP Request: GET https://wafeeknfpzjzngzuphoz.supabase.co/rest/v1/articles?select=article_id&original_url=eq.https%3A%2F%2Ftech.kakao.com%2Fposts%2F828 "HTTP/2 200 OK"
2026-08-21 15:03:35,624 [INFO] HTTP Request: GET https://wafeeknfpzjzngzuphoz.supabase.co/rest/v1/articles?select=article_id&original_url=eq.https%3A%2F%2Ftech.kakao.com%2Fposts%2F827 "HTTP/2 200 OK"
2026-08-21 15:03:35,647 [INFO] HTTP Request: GET https://wafeeknfpzjzngzuphoz.supabase.co/rest/v1/articles?select=article_id&original_url=eq.https%3A%2F%2Ftech.kakao.com%2Fposts%2F826 "HTTP/2 200 OK"
2026-08-21 15:03:35,666 [INFO] HTTP Request: GET https://wafeeknfpzjzngzuphoz.supabase.co/rest/v1/articles?select=article_id&original_url=eq.https%3A%2F%2Ftech.kakao.com%2Fposts%2F825 "HTTP/2 200 OK"
2026-08-21 15:03:35,686 [INFO] HTTP Request: GET https://wafeeknfpzjzngzuphoz.supabase.co/rest/v1/articles?select=article_id&original_url=eq.https%3A%2F%2Ftech.kakao.com%2Fposts%2F824 "HTTP/2 200 OK"
2026-08-21 15:03:35,705 [INFO] HTTP Request: GET https://wafeeknfpzjzngzuphoz.supabase.co/rest/v1/articles?select=article_id&original_url=eq.https%3A%2F%2Ftech.kakao.com%2Fposts%2F823 "HTTP/2 200 OK"
2026-08-21 15:03:35,723 [INFO] HTTP Request: GET https://wafeeknfpzjzngzuphoz.supabase.co/rest/v1/articles?select=article_id&original_url=eq.https%3A%2F%2Ftech.kakao.com%2Fposts%2F818 "HTTP/2 200 OK"
2026-08-21 15:03:35,743 [INFO] HTTP Request: GET https://wafeeknfpzjzngzuphoz.supabase.co/rest/v1/articles?select=article_id&original_url=eq.https%3A%2F%2Ftech.kakao.com%2Fposts%2F822 "HTTP/2 200 OK"
2026-08-21 15:03:35,764 [INFO] HTTP Request: GET https://wafeeknfpzjzngzuphoz.supabase.co/rest/v1/articles?select=article_id&original_url=eq.https%3A%2F%2Ftech.kakao.com%2Fposts%2F821 "HTTP/2 200 OK"
2026-08-21 15:03:35,855 [INFO] HTTP Request: GET https://wafeeknfpzjzngzuphoz.supabase.co/rest/v1/articles?select=%2A%2Csources%28name%29&created_at=gte.2026-08-21T00%3A00%3A00 "HTTP/2 400 Bad Request"
2026-08-21 15:03:35,855 [ERROR] ❌ DB 조회 중 오류 발생: {'message': 'column articles.created_at does not exist', 'code': '42703', 'hint': None, 'details': None}
2026-08-21 15:03:35,857 [INFO] 📄 HTML 파일 생성 완료: news/2026-08-21.html
2026-08-21 15:03:35,857 [INFO] ✅ 총 2개 신규 기사 DB 저장 완료
2026-08-21 15:03:35,858 [INFO] 🔗 오늘자 웹페이지 확인: http://localhost:3000/news/2026-08-21.html

2026-08-21 15:07:45,234 [INFO] ⚡ [--now] 옵션 감지: 즉시 수집 작업을 실행합니다.
2026-08-21 15:07:45,234 [INFO] 🚀 [Start] RSS 피드 수집 및 DB 저장 시작
2026-08-21 15:07:45,953 [INFO] HTTP Request: GET https://wafeeknfpzjzngzuphoz.supabase.co/rest/v1/articles?select=article_id&original_url=eq.https%3A%2F%2Fnews.hada.io%2Ftopic%3Fid%3D32720 "HTTP/2 200 OK"
2026-08-21 15:07:45,992 [INFO] HTTP Request: GET https://wafeeknfpzjzngzuphoz.supabase.co/rest/v1/articles?select=article_id&original_url=eq.https%3A%2F%2Fnews.hada.io%2Ftopic%3Fid%3D32719 "HTTP/2 200 OK"
2026-08-21 15:07:46,029 [INFO] HTTP Request: GET https://wafeeknfpzjzngzuphoz.supabase.co/rest/v1/articles?select=article_id&original_url=eq.https%3A%2F%2Fnews.hada.io%2Ftopic%3Fid%3D32717 "HTTP/2 200 OK"
2026-08-21 15:07:46,049 [INFO] HTTP Request: GET https://wafeeknfpzjzngzuphoz.supabase.co/rest/v1/articles?select=article_id&original_url=eq.https%3A%2F%2Fnews.hada.io%2Ftopic%3Fid%3D32716 "HTTP/2 200 OK"
2026-08-21 15:07:46,069 [INFO] HTTP Request: GET https://wafeeknfpzjzngzuphoz.supabase.co/rest/v1/articles?select=article_id&original_url=eq.https%3A%2F%2Fnews.hada.io%2Ftopic%3Fid%3D32715 "HTTP/2 200 OK"
2026-08-21 15:07:46,088 [INFO] HTTP Request: GET https://wafeeknfpzjzngzuphoz.supabase.co/rest/v1/articles?select=article_id&original_url=eq.https%3A%2F%2Fnews.hada.io%2Ftopic%3Fid%3D32714 "HTTP/2 200 OK"
2026-08-21 15:07:46,107 [INFO] HTTP Request: GET https://wafeeknfpzjzngzuphoz.supabase.co/rest/v1/articles?select=article_id&original_url=eq.https%3A%2F%2Fnews.hada.io%2Ftopic%3Fid%3D32713 "HTTP/2 200 OK"
2026-08-21 15:07:46,129 [INFO] HTTP Request: GET https://wafeeknfpzjzngzuphoz.supabase.co/rest/v1/articles?select=article_id&original_url=eq.https%3A%2F%2Fnews.hada.io%2Ftopic%3Fid%3D32712 "HTTP/2 200 OK"
2026-08-21 15:07:46,149 [INFO] HTTP Request: GET https://wafeeknfpzjzngzuphoz.supabase.co/rest/v1/articles?select=article_id&original_url=eq.https%3A%2F%2Fnews.hada.io%2Ftopic%3Fid%3D32711 "HTTP/2 200 OK"
2026-08-21 15:07:46,167 [INFO] HTTP Request: GET https://wafeeknfpzjzngzuphoz.supabase.co/rest/v1/articles?select=article_id&original_url=eq.https%3A%2F%2Fnews.hada.io%2Ftopic%3Fid%3D32710 "HTTP/2 200 OK"
2026-08-21 15:07:46,243 [INFO] HTTP Request: GET https://wafeeknfpzjzngzuphoz.supabase.co/rest/v1/articles?select=article_id&original_url=eq.https%3A%2F%2Fwww.aitimes.com%2Fnews%2FarticleView.html%3Fidxno%3D214206 "HTTP/2 200 OK"
2026-08-21 15:07:46,268 [INFO] HTTP Request: GET https://wafeeknfpzjzngzuphoz.supabase.co/rest/v1/articles?select=article_id&original_url=eq.https%3A%2F%2Fwww.aitimes.com%2Fnews%2FarticleView.html%3Fidxno%3D214215 "HTTP/2 200 OK"
2026-08-21 15:07:46,289 [INFO] HTTP Request: GET https://wafeeknfpzjzngzuphoz.supabase.co/rest/v1/articles?select=article_id&original_url=eq.https%3A%2F%2Fwww.aitimes.com%2Fnews%2FarticleView.html%3Fidxno%3D214212 "HTTP/2 200 OK"
2026-08-21 15:07:46,309 [INFO] HTTP Request: GET https://wafeeknfpzjzngzuphoz.supabase.co/rest/v1/articles?select=article_id&original_url=eq.https%3A%2F%2Fwww.aitimes.com%2Fnews%2FarticleView.html%3Fidxno%3D214209 "HTTP/2 200 OK"
2026-08-21 15:07:46,330 [INFO] HTTP Request: GET https://wafeeknfpzjzngzuphoz.supabase.co/rest/v1/articles?select=article_id&original_url=eq.https%3A%2F%2Fwww.aitimes.com%2Fnews%2FarticleView.html%3Fidxno%3D214204 "HTTP/2 200 OK"
2026-08-21 15:07:46,349 [INFO] HTTP Request: GET https://wafeeknfpzjzngzuphoz.supabase.co/rest/v1/articles?select=article_id&original_url=eq.https%3A%2F%2Fwww.aitimes.com%2Fnews%2FarticleView.html%3Fidxno%3D214203 "HTTP/2 200 OK"
2026-08-21 15:07:46,368 [INFO] HTTP Request: GET https://wafeeknfpzjzngzuphoz.supabase.co/rest/v1/articles?select=article_id&original_url=eq.https%3A%2F%2Fwww.aitimes.com%2Fnews%2FarticleView.html%3Fidxno%3D214200 "HTTP/2 200 OK"
2026-08-21 15:07:46,387 [INFO] HTTP Request: GET https://wafeeknfpzjzngzuphoz.supabase.co/rest/v1/articles?select=article_id&original_url=eq.https%3A%2F%2Fwww.aitimes.com%2Fnews%2FarticleView.html%3Fidxno%3D214192 "HTTP/2 200 OK"
2026-08-21 15:07:46,407 [INFO] HTTP Request: GET https://wafeeknfpzjzngzuphoz.supabase.co/rest/v1/articles?select=article_id&original_url=eq.https%3A%2F%2Fwww.aitimes.com%2Fnews%2FarticleView.html%3Fidxno%3D214191 "HTTP/2 200 OK"
2026-08-21 15:07:46,436 [INFO] HTTP Request: GET https://wafeeknfpzjzngzuphoz.supabase.co/rest/v1/articles?select=article_id&original_url=eq.https%3A%2F%2Fwww.aitimes.com%2Fnews%2FarticleView.html%3Fidxno%3D214183 "HTTP/2 200 OK"
2026-08-21 15:07:47,461 [INFO] HTTP Request: GET https://wafeeknfpzjzngzuphoz.supabase.co/rest/v1/articles?select=article_id&original_url=eq.https%3A%2F%2Fnews.google.com%2Frss%2Farticles%2FCBMiXEFVX3lxTE9DWXkyN3hhUDFHR0tCMXdpVkt3OTAyS1dBUUN6QXBKTEpMOF9SLWJSZkl3VW5FdzE2N1JiYk13NGtFQXNnbjFZZ3Vsd3BZNGJLWDJTdVladTk0bXRi%3Foc%3D5 "HTTP/2 200 OK"
2026-08-21 15:07:47,481 [INFO] HTTP Request: GET https://wafeeknfpzjzngzuphoz.supabase.co/rest/v1/articles?select=article_id&original_url=eq.https%3A%2F%2Fnews.google.com%2Frss%2Farticles%2FCBMiVkFVX3lxTFBlSVhEWDF6dU85X3puVUswSzlXLUx4OXg5b0JZMlJYeHFXcHFsM1FLNEQ4MHQxTjlfRzZMZVhiU0JVTm5nS1paWnhEVXM1RzRmV0hWeWNR%3Foc%3D5 "HTTP/2 200 OK"
2026-08-21 15:07:47,505 [INFO] HTTP Request: GET https://wafeeknfpzjzngzuphoz.supabase.co/rest/v1/articles?select=article_id&original_url=eq.https%3A%2F%2Fnews.google.com%2Frss%2Farticles%2FCBMijgFBVV95cUxPaXVvNUlaeE5USjVKOGE5WEpLRDA2Y0c4Z3hONXZLaXc3X2IySmlzMy1kSExBUzNRMlY5dmUyNWNnX295R0tucnRKUi1aUnJsMjkzUllJWGdzbHVtajMyVG5pWW81YUxVbzhRQUh1T3E4bTJaU3AtRlFzQ0RjUzFxc1BqMkZpNGRwVUhXTi1R%3Foc%3D5 "HTTP/2 200 OK"
2026-08-21 15:07:47,525 [INFO] HTTP Request: GET https://wafeeknfpzjzngzuphoz.supabase.co/rest/v1/articles?select=article_id&original_url=eq.https%3A%2F%2Fnews.google.com%2Frss%2Farticles%2FCBMiSEFVX3lxTE1mczBWYm0wOEU3a2NSanExQ0V5ZjNDWmZhNURubTVxcmJDRUNjLXZzT1JmT2JlbVYwUjlWY0dxNXgxRW5ueHdveA%3Foc%3D5 "HTTP/2 200 OK"
2026-08-21 15:07:47,546 [INFO] HTTP Request: GET https://wafeeknfpzjzngzuphoz.supabase.co/rest/v1/articles?select=article_id&original_url=eq.https%3A%2F%2Fnews.google.com%2Frss%2Farticles%2FCBMib0FVX3lxTE1GYWxwbEp6YTFrUExYQ3J0aW1aVkdtTFptSlNqZ3dsWEdlLXI2RnJyb3UwQVhHWURDamk2UXE5N1dIMzQxZkxOT0R0V1gyUHRkYWhqdWgycHU4WHNXa2QtTUVReFpLbWZoZWlmS09nWQ%3Foc%3D5 "HTTP/2 200 OK"
2026-08-21 15:07:47,565 [INFO] HTTP Request: GET https://wafeeknfpzjzngzuphoz.supabase.co/rest/v1/articles?select=article_id&original_url=eq.https%3A%2F%2Fnews.google.com%2Frss%2Farticles%2FCBMiT0FVX3lxTFAzaWZPNVkxUlpVVTkzeEkyZURXNHppRWFtYkVEeUFCaDhTeVJFS0VubHd5Tjd6U09KRGI3ZDZYTXFNWWRQeHk5Q1F2eTlzeDQ%3Foc%3D5 "HTTP/2 200 OK"
2026-08-21 15:07:47,583 [INFO] HTTP Request: GET https://wafeeknfpzjzngzuphoz.supabase.co/rest/v1/articles?select=article_id&original_url=eq.https%3A%2F%2Fnews.google.com%2Frss%2Farticles%2FCBMiZEFVX3lxTE9Pdk1TUFhhVkFtNWhIX2VSYWpDVmZJRGhSLXN1OUdjOHV3MUZkTEwxdXltekZ3QUJPWTJVdEhpX3NhekUyUE45MEsySUQ0Y3lvZmNpeEJSdDJmMDl5UWdmTW0yUmvSAWhBVV95cUxQY0pZWjNrQkk5dmc5T21vRVFRZ05KYVlnOGRCc1I2cU1QczFoWWF0eXRBQkFLa20xRENOb1B4cnRmMmZta2lTdlljYjF3bVNzelp4enhONU52Z2twUDAxcTk2SDlTZU5ZNw%3Foc%3D5 "HTTP/2 200 OK"
2026-08-21 15:07:47,602 [INFO] HTTP Request: GET https://wafeeknfpzjzngzuphoz.supabase.co/rest/v1/articles?select=article_id&original_url=eq.https%3A%2F%2Fnews.google.com%2Frss%2Farticles%2FCBMiiAFBVV95cUxPcUNMUVl5OG0ydkJSb2c3eVJiLXNNdFYzQno4XzkyYzl2d2lvLUNnYzBzb1lqaHBxNzZtSXBuNzc0dlpfSHZuTC1TeG16RU1OQUhBUDFHaDVRQjB5bVBWazRINWdMZm1hYXpfOURrZzlQV1Ayb3ViWTRLZUl3eGdvdDY3WVVMNExo%3Foc%3D5 "HTTP/2 200 OK"
2026-08-21 15:07:47,621 [INFO] HTTP Request: GET https://wafeeknfpzjzngzuphoz.supabase.co/rest/v1/articles?select=article_id&original_url=eq.https%3A%2F%2Fnews.google.com%2Frss%2Farticles%2FCBMiWEFVX3lxTFBvd3pDNkp0cF9pMEIwd3lGQTg4VDE1VUVKREgtdEZRVUVuamgtZk5pNTlDM25oSnZCYVh1eENCQ1A0djlaYWdJU3RGWXdyakFlV2E3b1NZUEHSAV5BVV95cUxOMk1seVBkRzVWbHJUaW1IRzY4bTIyS1NEQnlMbzM2V1pPdW00N0pnazJTRW1sRF9QV3h3ZExUb0RDWU1HVGVGR2hwYW1WTzN3ZGVPX2NweG00ZDVUX3pR%3Foc%3D5 "HTTP/2 200 OK"
2026-08-21 15:07:47,639 [INFO] HTTP Request: GET https://wafeeknfpzjzngzuphoz.supabase.co/rest/v1/articles?select=article_id&original_url=eq.https%3A%2F%2Fnews.google.com%2Frss%2Farticles%2FCBMic0FVX3lxTE1WUnZtUmtkcS1Ec0ppZVV4WjBnNWswaTlPY1JsOXJaWkVaai1kdjdsSXNFY2tTM2hybFJGT3pnLUZUSEp3eHYzVGtYbkhsZEYxdTRhb2JQTXd5Z1I2YXROYlhQN3d6QWJZNHNhZjZreWp3YmM%3Foc%3D5 "HTTP/2 200 OK"
2026-08-21 15:07:48,279 [INFO] HTTP Request: GET https://wafeeknfpzjzngzuphoz.supabase.co/rest/v1/articles?select=article_id&original_url=eq.https%3A%2F%2Fnews.google.com%2Frss%2Farticles%2FCBMiT0FVX3lxTE5pT2NxbXJmajNtcGRxTHZNcjlXazcwQ29IeGNUN0F3X2dUOWV2S1dDVHMyZUtrdWNoLWhXZHJ0SlJLRUNfcUNjMXR5MUpYTzQ%3Foc%3D5 "HTTP/2 200 OK"
2026-08-21 15:07:48,299 [INFO] HTTP Request: GET https://wafeeknfpzjzngzuphoz.supabase.co/rest/v1/articles?select=article_id&original_url=eq.https%3A%2F%2Fnews.google.com%2Frss%2Farticles%2FCBMiWkFVX3lxTE95SGFjUDdLYVhPYXBjSXRhelZMMndBZXdkQTR0dTNvRG82U1hRbTVweUJveVVyYUtnR3dOREt5WDFjOVdVQnd0VWlLU0k2cTVDdUprWENTaTREUdIBX0FVX3lxTE1ITGZzcjlrQkNDWDE3RnBpdXVPV2RtVXNKT3NUUzRVcWYzSk5mRW92cWs2X09aVVNNeTZyYlhkekY2OUQ1UWwzcUJFY1hiTFgwU2hVS0xLWXZlVXFheFhJ%3Foc%3D5 "HTTP/2 200 OK"
2026-08-21 15:07:48,318 [INFO] HTTP Request: GET https://wafeeknfpzjzngzuphoz.supabase.co/rest/v1/articles?select=article_id&original_url=eq.https%3A%2F%2Fnews.google.com%2Frss%2Farticles%2FCBMiWkFVX3lxTE1sa0hTYXF5WDhTS1pzWXBMWVVsYnpCNW1MTkpKc19lcmhuelEzdTJVSDlwNkVzMTIxWUdpRlBMSC1oNGN4R2xPSlN3V0poR2RGa0pvbUZvMVdhUdIBWEFVX3lxTE1OR2llcHJQMTBTaDBNVVVkT3cwd0xfQWJ4b2VRcmtFSnNNUE1JZjMtZUhld0lqRDdOYjM2b1JSVk5UT1JwM0F1OS1OaWZIbTdKQ3Ixck10LUc%3Foc%3D5 "HTTP/2 200 OK"
2026-08-21 15:07:48,337 [INFO] HTTP Request: GET https://wafeeknfpzjzngzuphoz.supabase.co/rest/v1/articles?select=article_id&original_url=eq.https%3A%2F%2Fnews.google.com%2Frss%2Farticles%2FCBMiXEFVX3lxTE9FTkJLTmFvLVJJem5NckxBWUJfVW5BWklBd1ExZjFhbF85NzFRR21HRTBCbHI3QWs0blN0aDhiVTNMX2xmN2ZVdER5dGV3LWNPUFFxMHJMM1RjRnJa%3Foc%3D5 "HTTP/2 200 OK"
2026-08-21 15:07:48,356 [INFO] HTTP Request: GET https://wafeeknfpzjzngzuphoz.supabase.co/rest/v1/articles?select=article_id&original_url=eq.https%3A%2F%2Fnews.google.com%2Frss%2Farticles%2FCBMiYkFVX3lxTE1FdWNubjI3UUxJLVFiMm13dGVzQ3NVUEdxRnUzTkpzSTRmQ3RySWtyYU9Nb05xbFJxUmNlazQ0VHdyNXg0d0toelUyZ2I1ODFBMGR4M09WSkY3Y3B5SEtEdTNB%3Foc%3D5 "HTTP/2 200 OK"
2026-08-21 15:07:48,376 [INFO] HTTP Request: GET https://wafeeknfpzjzngzuphoz.supabase.co/rest/v1/articles?select=article_id&original_url=eq.https%3A%2F%2Fnews.google.com%2Frss%2Farticles%2FCBMihAFBVV95cUxQOHc5V0xHTzhmMnc0bzNvbHdpU0Q1RjZPVjl6Z3hRTkpYYlRqWDEyZlQ5WnhORG56Ry1zNkQySWtQclFnTmlTeDZZcnFUckhka29Ed2RFTXZaaXhQX3FOQWJaOThFQUlTNzVwMTdzUFVRcml6b1hkS2R2M09NU2tuazFBaFA%3Foc%3D5 "HTTP/2 200 OK"
2026-08-21 15:07:48,396 [INFO] HTTP Request: GET https://wafeeknfpzjzngzuphoz.supabase.co/rest/v1/articles?select=article_id&original_url=eq.https%3A%2F%2Fnews.google.com%2Frss%2Farticles%2FCBMic0FVX3lxTE1kZmtaTGNLYUhmOEdnTXBqTm13b3ZKNXk1MS0xU3ZKWl9fTm5yc3hrNDRaeUF1TkF6WFFDU3QzZG0yTkNQbzZGbDNPMG1xU1ByeFZaSHhEOG9vZ09ZSDFtVXBILTVGd2dobFZfNnZzWk1kdUHSAXdBVV95cUxQcHR3Y092blBPc202b1JaOHh5ZFl1Vkw2NnRzdmNuRXBpYUpOQkc5NkpkMUFpWl9aN2VxVlZFSmZXSzdPOFhacHJjWXV6Unp2cGRVVUNCNFdJYjZ3bDZ1OTFDUXRFWXVHa0Uwa1dUUE43RlJvQ2Ztdw%3Foc%3D5 "HTTP/2 200 OK"
2026-08-21 15:07:48,417 [INFO] HTTP Request: GET https://wafeeknfpzjzngzuphoz.supabase.co/rest/v1/articles?select=article_id&original_url=eq.https%3A%2F%2Fnews.google.com%2Frss%2Farticles%2FCBMiaEFVX3lxTE9GdVM2T3VXYmhMWGxqSlFwREc5VzExOWpSWU1rNE5KY1VLTUlGcHJJZFVtdlBCSm0tclpMMWZINTJucnJObW05UXQxbDZ3aXJRNVBLVFgtUnFiWF9WRFh2YlphbUh4VGNP0gFsQVVfeXFMUFF2cUJROC1HMnpmNGNUVkJNa3htd2NsYk5CUzRTWjBGZkVwRXpKWWlFU2F5bVN3ZFNiai1aeU5SN1ZOWmZvRmJ6UTFrUzRqU2F6R0s0TEFtWl9CVXdzT3ZXdnRqU2hObS00enhK%3Foc%3D5 "HTTP/2 200 OK"
2026-08-21 15:07:48,437 [INFO] HTTP Request: GET https://wafeeknfpzjzngzuphoz.supabase.co/rest/v1/articles?select=article_id&original_url=eq.https%3A%2F%2Fnews.google.com%2Frss%2Farticles%2FCBMic0FVX3lxTE9EdUhvQV9xVlE2WER4QWV0NWx0ajRpbVBOR1VCclR2dkZpS21EakV2a1VFUVFuSmdjN2tLS0I4eWhXV2hIMjFFZ191Z09sNmFvZTY4ZFNYNzdBcmlWWmFhWHBuYlJ3eE03M245V19KMnFFRFk%3Foc%3D5 "HTTP/2 200 OK"
2026-08-21 15:07:48,457 [INFO] HTTP Request: GET https://wafeeknfpzjzngzuphoz.supabase.co/rest/v1/articles?select=article_id&original_url=eq.https%3A%2F%2Fnews.google.com%2Frss%2Farticles%2FCBMiZEFVX3lxTE8xaEVuWHhyODVkLWNFYlpFS0dldk50NUhRVUFkZnE4ZmM2ZmF5d2VtcWxoRWhUUk1qN2ZKOXgyakhPNVc3elVwV21iWWl6VXlEaDBGUmR3dVQ3XzgwM3V1SGtSb0s%3Foc%3D5 "HTTP/2 200 OK"
2026-08-21 15:07:48,580 [INFO] HTTP Request: GET https://wafeeknfpzjzngzuphoz.supabase.co/rest/v1/articles?select=article_id&original_url=eq.https%3A%2F%2Fyozm.wishket.com%2Fmagazine%2Fdetail%2F3909 "HTTP/2 200 OK"
2026-08-21 15:07:48,597 [INFO] HTTP Request: GET https://wafeeknfpzjzngzuphoz.supabase.co/rest/v1/articles?select=article_id&original_url=eq.https%3A%2F%2Fyozm.wishket.com%2Fmagazine%2Fdetail%2F3908 "HTTP/2 200 OK"
2026-08-21 15:07:48,616 [INFO] HTTP Request: GET https://wafeeknfpzjzngzuphoz.supabase.co/rest/v1/articles?select=article_id&original_url=eq.https%3A%2F%2Fyozm.wishket.com%2Fmagazine%2Fdetail%2F3907 "HTTP/2 200 OK"
2026-08-21 15:07:48,634 [INFO] HTTP Request: GET https://wafeeknfpzjzngzuphoz.supabase.co/rest/v1/articles?select=article_id&original_url=eq.https%3A%2F%2Fyozm.wishket.com%2Fmagazine%2Fdetail%2F3906 "HTTP/2 200 OK"
2026-08-21 15:07:48,652 [INFO] HTTP Request: GET https://wafeeknfpzjzngzuphoz.supabase.co/rest/v1/articles?select=article_id&original_url=eq.https%3A%2F%2Fyozm.wishket.com%2Fmagazine%2Fdetail%2F3905 "HTTP/2 200 OK"
2026-08-21 15:07:48,668 [INFO] HTTP Request: GET https://wafeeknfpzjzngzuphoz.supabase.co/rest/v1/articles?select=article_id&original_url=eq.https%3A%2F%2Fyozm.wishket.com%2Fmagazine%2Fdetail%2F3904 "HTTP/2 200 OK"
2026-08-21 15:07:48,687 [INFO] HTTP Request: GET https://wafeeknfpzjzngzuphoz.supabase.co/rest/v1/articles?select=article_id&original_url=eq.https%3A%2F%2Fyozm.wishket.com%2Fmagazine%2Fdetail%2F3903 "HTTP/2 200 OK"
2026-08-21 15:07:48,705 [INFO] HTTP Request: GET https://wafeeknfpzjzngzuphoz.supabase.co/rest/v1/articles?select=article_id&original_url=eq.https%3A%2F%2Fyozm.wishket.com%2Fmagazine%2Fdetail%2F3902 "HTTP/2 200 OK"
2026-08-21 15:07:48,723 [INFO] HTTP Request: GET https://wafeeknfpzjzngzuphoz.supabase.co/rest/v1/articles?select=article_id&original_url=eq.https%3A%2F%2Fyozm.wishket.com%2Fmagazine%2Fdetail%2F3901 "HTTP/2 200 OK"
2026-08-21 15:07:48,740 [INFO] HTTP Request: GET https://wafeeknfpzjzngzuphoz.supabase.co/rest/v1/articles?select=article_id&original_url=eq.https%3A%2F%2Fyozm.wishket.com%2Fmagazine%2Fdetail%2F3900 "HTTP/2 200 OK"
2026-08-21 15:07:49,084 [INFO] HTTP Request: GET https://wafeeknfpzjzngzuphoz.supabase.co/rest/v1/articles?select=article_id&original_url=eq.https%3A%2F%2Ftechblog.woowahan.com%2F26876%2F "HTTP/2 200 OK"
2026-08-21 15:07:49,107 [INFO] HTTP Request: GET https://wafeeknfpzjzngzuphoz.supabase.co/rest/v1/articles?select=article_id&original_url=eq.https%3A%2F%2Ftechblog.woowahan.com%2F26777%2F "HTTP/2 200 OK"
2026-08-21 15:07:49,127 [INFO] HTTP Request: GET https://wafeeknfpzjzngzuphoz.supabase.co/rest/v1/articles?select=article_id&original_url=eq.https%3A%2F%2Ftechblog.woowahan.com%2F26729%2F "HTTP/2 200 OK"
2026-08-21 15:07:49,147 [INFO] HTTP Request: GET https://wafeeknfpzjzngzuphoz.supabase.co/rest/v1/articles?select=article_id&original_url=eq.https%3A%2F%2Ftechblog.woowahan.com%2F26507%2F "HTTP/2 200 OK"
2026-08-21 15:07:49,168 [INFO] HTTP Request: GET https://wafeeknfpzjzngzuphoz.supabase.co/rest/v1/articles?select=article_id&original_url=eq.https%3A%2F%2Ftechblog.woowahan.com%2F26624%2F "HTTP/2 200 OK"
2026-08-21 15:07:49,189 [INFO] HTTP Request: GET https://wafeeknfpzjzngzuphoz.supabase.co/rest/v1/articles?select=article_id&original_url=eq.https%3A%2F%2Ftechblog.woowahan.com%2F26492%2F "HTTP/2 200 OK"
2026-08-21 15:07:49,210 [INFO] HTTP Request: GET https://wafeeknfpzjzngzuphoz.supabase.co/rest/v1/articles?select=article_id&original_url=eq.https%3A%2F%2Ftechblog.woowahan.com%2F26459%2F "HTTP/2 200 OK"
2026-08-21 15:07:49,232 [INFO] HTTP Request: GET https://wafeeknfpzjzngzuphoz.supabase.co/rest/v1/articles?select=article_id&original_url=eq.https%3A%2F%2Ftechblog.woowahan.com%2F26379%2F "HTTP/2 200 OK"
2026-08-21 15:07:49,250 [INFO] HTTP Request: GET https://wafeeknfpzjzngzuphoz.supabase.co/rest/v1/articles?select=article_id&original_url=eq.https%3A%2F%2Ftechblog.woowahan.com%2F26388%2F "HTTP/2 200 OK"
2026-08-21 15:07:49,275 [INFO] HTTP Request: GET https://wafeeknfpzjzngzuphoz.supabase.co/rest/v1/articles?select=article_id&original_url=eq.https%3A%2F%2Ftechblog.woowahan.com%2F26319%2F "HTTP/2 200 OK"
2026-08-21 15:07:49,393 [INFO] HTTP Request: GET https://wafeeknfpzjzngzuphoz.supabase.co/rest/v1/articles?select=article_id&original_url=eq.https%3A%2F%2Ftech.kakao.com%2Fposts%2F829 "HTTP/2 200 OK"
2026-08-21 15:07:49,413 [INFO] HTTP Request: GET https://wafeeknfpzjzngzuphoz.supabase.co/rest/v1/articles?select=article_id&original_url=eq.https%3A%2F%2Ftech.kakao.com%2Fposts%2F828 "HTTP/2 200 OK"
2026-08-21 15:07:49,433 [INFO] HTTP Request: GET https://wafeeknfpzjzngzuphoz.supabase.co/rest/v1/articles?select=article_id&original_url=eq.https%3A%2F%2Ftech.kakao.com%2Fposts%2F827 "HTTP/2 200 OK"
2026-08-21 15:07:49,452 [INFO] HTTP Request: GET https://wafeeknfpzjzngzuphoz.supabase.co/rest/v1/articles?select=article_id&original_url=eq.https%3A%2F%2Ftech.kakao.com%2Fposts%2F826 "HTTP/2 200 OK"
2026-08-21 15:07:49,472 [INFO] HTTP Request: GET https://wafeeknfpzjzngzuphoz.supabase.co/rest/v1/articles?select=article_id&original_url=eq.https%3A%2F%2Ftech.kakao.com%2Fposts%2F825 "HTTP/2 200 OK"
2026-08-21 15:07:49,493 [INFO] HTTP Request: GET https://wafeeknfpzjzngzuphoz.supabase.co/rest/v1/articles?select=article_id&original_url=eq.https%3A%2F%2Ftech.kakao.com%2Fposts%2F824 "HTTP/2 200 OK"
2026-08-21 15:07:49,511 [INFO] HTTP Request: GET https://wafeeknfpzjzngzuphoz.supabase.co/rest/v1/articles?select=article_id&original_url=eq.https%3A%2F%2Ftech.kakao.com%2Fposts%2F823 "HTTP/2 200 OK"
2026-08-21 15:07:49,531 [INFO] HTTP Request: GET https://wafeeknfpzjzngzuphoz.supabase.co/rest/v1/articles?select=article_id&original_url=eq.https%3A%2F%2Ftech.kakao.com%2Fposts%2F818 "HTTP/2 200 OK"
2026-08-21 15:07:49,553 [INFO] HTTP Request: GET https://wafeeknfpzjzngzuphoz.supabase.co/rest/v1/articles?select=article_id&original_url=eq.https%3A%2F%2Ftech.kakao.com%2Fposts%2F822 "HTTP/2 200 OK"
2026-08-21 15:07:49,574 [INFO] HTTP Request: GET https://wafeeknfpzjzngzuphoz.supabase.co/rest/v1/articles?select=article_id&original_url=eq.https%3A%2F%2Ftech.kakao.com%2Fposts%2F821 "HTTP/2 200 OK"
2026-08-21 15:07:49,644 [INFO] HTTP Request: GET https://wafeeknfpzjzngzuphoz.supabase.co/rest/v1/articles?select=%2A%2Csources%28name%29&collected_at=gte.2026-08-21T00%3A00%3A00 "HTTP/2 200 OK"
2026-08-21 15:07:49,674 [INFO] 📄 HTML 파일 생성 완료: news/2026-08-21.html
2026-08-21 15:07:49,674 [INFO] ✅ 총 0개 신규 기사 DB 저장 완료
2026-08-21 15:07:49,674 [INFO] 🔗 오늘자 웹페이지 확인: http://localhost:3000/news/2026-08-21.html

2026-08-21 15:15:58,809 [INFO] ⚡ [--now] 옵션 감지: 즉시 수집 작업을 실행합니다.
2026-08-21 15:15:58,809 [INFO] 🚀 [Start] RSS 피드 수집 및 DB 저장 시작
2026-08-21 15:15:59,452 [INFO] HTTP Request: GET https://wafeeknfpzjzngzuphoz.supabase.co/rest/v1/sources?select=source_id%2Cname%2Curl&is_active=eq.True "HTTP/2 200 OK"
2026-08-21 15:16:00,055 [INFO] HTTP Request: GET https://wafeeknfpzjzngzuphoz.supabase.co/rest/v1/articles?select=article_id&original_url=eq.https%3A%2F%2Fopenai.com%2Findex%2Fintroducing-ai-futures "HTTP/2 200 OK"
2026-08-21 15:16:00,119 [INFO] HTTP Request: POST https://wafeeknfpzjzngzuphoz.supabase.co/rest/v1/articles "HTTP/2 201 Created"
2026-08-21 15:16:00,151 [INFO] HTTP Request: GET https://wafeeknfpzjzngzuphoz.supabase.co/rest/v1/articles?select=article_id&original_url=eq.https%3A%2F%2Fopenai.com%2Findex%2Fstampli "HTTP/2 200 OK"
2026-08-21 15:16:00,187 [INFO] HTTP Request: POST https://wafeeknfpzjzngzuphoz.supabase.co/rest/v1/articles "HTTP/2 201 Created"
2026-08-21 15:16:00,214 [INFO] HTTP Request: GET https://wafeeknfpzjzngzuphoz.supabase.co/rest/v1/articles?select=article_id&original_url=eq.https%3A%2F%2Fopenai.com%2Findex%2Foffering-zero-data-retention-for-frontier-models "HTTP/2 200 OK"
2026-08-21 15:16:00,237 [INFO] HTTP Request: POST https://wafeeknfpzjzngzuphoz.supabase.co/rest/v1/articles "HTTP/2 201 Created"
2026-08-21 15:16:00,263 [INFO] HTTP Request: GET https://wafeeknfpzjzngzuphoz.supabase.co/rest/v1/articles?select=article_id&original_url=eq.https%3A%2F%2Fopenai.com%2Findex%2Freplit "HTTP/2 200 OK"
2026-08-21 15:16:00,295 [INFO] HTTP Request: POST https://wafeeknfpzjzngzuphoz.supabase.co/rest/v1/articles "HTTP/2 201 Created"
2026-08-21 15:16:00,313 [INFO] HTTP Request: GET https://wafeeknfpzjzngzuphoz.supabase.co/rest/v1/articles?select=article_id&original_url=eq.https%3A%2F%2Fopenai.com%2Findex%2Fchatgpt-ads-expands-across-europe "HTTP/2 200 OK"
2026-08-21 15:16:00,343 [INFO] HTTP Request: POST https://wafeeknfpzjzngzuphoz.supabase.co/rest/v1/articles "HTTP/2 201 Created"
2026-08-21 15:16:00,376 [INFO] HTTP Request: GET https://wafeeknfpzjzngzuphoz.supabase.co/rest/v1/articles?select=article_id&original_url=eq.https%3A%2F%2Fopenai.com%2Findex%2Fstrengthening-democratic-oversight-in-national-security "HTTP/2 200 OK"
2026-08-21 15:16:00,404 [INFO] HTTP Request: POST https://wafeeknfpzjzngzuphoz.supabase.co/rest/v1/articles "HTTP/2 201 Created"
2026-08-21 15:16:00,422 [INFO] HTTP Request: GET https://wafeeknfpzjzngzuphoz.supabase.co/rest/v1/articles?select=article_id&original_url=eq.https%3A%2F%2Fopenai.com%2Findex%2Fpartnering-with-codeai "HTTP/2 200 OK"
2026-08-21 15:16:00,441 [INFO] HTTP Request: POST https://wafeeknfpzjzngzuphoz.supabase.co/rest/v1/articles "HTTP/2 201 Created"
2026-08-21 15:16:00,468 [INFO] HTTP Request: GET https://wafeeknfpzjzngzuphoz.supabase.co/rest/v1/articles?select=article_id&original_url=eq.https%3A%2F%2Fopenai.com%2Findex%2Fpacing-model-development-cyber-capabilities "HTTP/2 200 OK"
2026-08-21 15:16:00,486 [INFO] HTTP Request: POST https://wafeeknfpzjzngzuphoz.supabase.co/rest/v1/articles "HTTP/2 201 Created"
2026-08-21 15:16:00,503 [INFO] HTTP Request: GET https://wafeeknfpzjzngzuphoz.supabase.co/rest/v1/articles?select=article_id&original_url=eq.https%3A%2F%2Fopenai.com%2Findex%2Fchatgpt-for-teens "HTTP/2 200 OK"
2026-08-21 15:16:00,524 [INFO] HTTP Request: POST https://wafeeknfpzjzngzuphoz.supabase.co/rest/v1/articles "HTTP/2 201 Created"
2026-08-21 15:16:00,542 [INFO] HTTP Request: GET https://wafeeknfpzjzngzuphoz.supabase.co/rest/v1/articles?select=article_id&original_url=eq.https%3A%2F%2Fopenai.com%2Findex%2Fnvidia%2Fchatgpt-work "HTTP/2 200 OK"
2026-08-21 15:16:00,563 [INFO] HTTP Request: POST https://wafeeknfpzjzngzuphoz.supabase.co/rest/v1/articles "HTTP/2 201 Created"
2026-08-21 15:16:01,428 [INFO] HTTP Request: GET https://wafeeknfpzjzngzuphoz.supabase.co/rest/v1/articles?select=article_id&original_url=eq.https%3A%2F%2Fblog.google%2Fproducts-and-platforms%2Fproducts%2Fsearch%2Fback-to-school-study-tools%2F "HTTP/2 200 OK"
2026-08-21 15:16:01,449 [INFO] HTTP Request: POST https://wafeeknfpzjzngzuphoz.supabase.co/rest/v1/articles "HTTP/2 201 Created"
2026-08-21 15:16:01,466 [INFO] HTTP Request: GET https://wafeeknfpzjzngzuphoz.supabase.co/rest/v1/articles?select=article_id&original_url=eq.https%3A%2F%2Fblog.google%2Fproducts-and-platforms%2Fproducts%2Fgemini%2Fgoogle-gemini-pixel-football-club-partnerships%2F "HTTP/2 200 OK"
2026-08-21 15:16:01,487 [INFO] HTTP Request: POST https://wafeeknfpzjzngzuphoz.supabase.co/rest/v1/articles "HTTP/2 201 Created"
2026-08-21 15:16:01,505 [INFO] HTTP Request: GET https://wafeeknfpzjzngzuphoz.supabase.co/rest/v1/articles?select=article_id&original_url=eq.https%3A%2F%2Fblog.google%2Fproducts-and-platforms%2Fproducts%2Fworkspace%2Fsheets-canvas-for-google-sheets-spreadsheets%2F "HTTP/2 200 OK"
2026-08-21 15:16:01,522 [INFO] HTTP Request: POST https://wafeeknfpzjzngzuphoz.supabase.co/rest/v1/articles "HTTP/2 201 Created"
2026-08-21 15:16:01,541 [INFO] HTTP Request: GET https://wafeeknfpzjzngzuphoz.supabase.co/rest/v1/articles?select=article_id&original_url=eq.https%3A%2F%2Fblog.google%2Finnovation-and-ai%2Fmodels-and-research%2Fgoogle-research%2Famie-video-consultations%2F "HTTP/2 200 OK"
2026-08-21 15:16:01,558 [INFO] HTTP Request: POST https://wafeeknfpzjzngzuphoz.supabase.co/rest/v1/articles "HTTP/2 201 Created"
2026-08-21 15:16:01,577 [INFO] HTTP Request: GET https://wafeeknfpzjzngzuphoz.supabase.co/rest/v1/articles?select=article_id&original_url=eq.https%3A%2F%2Fblog.google%2Fproducts%2Fads-commerce%2Fgoogle-ads-analytics-ai-updates%2F "HTTP/2 200 OK"
2026-08-21 15:16:01,597 [INFO] HTTP Request: POST https://wafeeknfpzjzngzuphoz.supabase.co/rest/v1/articles "HTTP/2 201 Created"
2026-08-21 15:16:01,616 [INFO] HTTP Request: GET https://wafeeknfpzjzngzuphoz.supabase.co/rest/v1/articles?select=article_id&original_url=eq.https%3A%2F%2Fblog.google%2Finnovation-and-ai%2Ftechnology%2Fai%2Fgoogle-ai-updates-july-2026%2F "HTTP/2 200 OK"
2026-08-21 15:16:01,638 [INFO] HTTP Request: POST https://wafeeknfpzjzngzuphoz.supabase.co/rest/v1/articles "HTTP/2 201 Created"
2026-08-21 15:16:01,655 [INFO] HTTP Request: GET https://wafeeknfpzjzngzuphoz.supabase.co/rest/v1/articles?select=article_id&original_url=eq.https%3A%2F%2Fblog.google%2Finnovation-and-ai%2Ftechnology%2Fdevelopers-tools%2Fai-agents-intensive-recap-2026%2F "HTTP/2 200 OK"
2026-08-21 15:16:01,674 [INFO] HTTP Request: POST https://wafeeknfpzjzngzuphoz.supabase.co/rest/v1/articles "HTTP/2 201 Created"
2026-08-21 15:16:01,694 [INFO] HTTP Request: GET https://wafeeknfpzjzngzuphoz.supabase.co/rest/v1/articles?select=article_id&original_url=eq.https%3A%2F%2Fblog.google%2Finnovation-and-ai%2Ftechnology%2Fdevelopers-tools%2Fexpanding-managed-agents-gemini-api-3-6-flash-hooks%2F "HTTP/2 200 OK"
2026-08-21 15:16:01,715 [INFO] HTTP Request: POST https://wafeeknfpzjzngzuphoz.supabase.co/rest/v1/articles "HTTP/2 201 Created"
2026-08-21 15:16:01,733 [INFO] HTTP Request: GET https://wafeeknfpzjzngzuphoz.supabase.co/rest/v1/articles?select=article_id&original_url=eq.https%3A%2F%2Fblog.google%2Fproducts-and-platforms%2Fproducts%2Fsearch%2Fai-mode-real-world-tips%2F "HTTP/2 200 OK"
2026-08-21 15:16:01,752 [INFO] HTTP Request: POST https://wafeeknfpzjzngzuphoz.supabase.co/rest/v1/articles "HTTP/2 201 Created"
2026-08-21 15:16:01,771 [INFO] HTTP Request: GET https://wafeeknfpzjzngzuphoz.supabase.co/rest/v1/articles?select=article_id&original_url=eq.https%3A%2F%2Fblog.google%2Fproducts-and-platforms%2Fproducts%2Fsearch%2Fdinner-party-hosting-tips%2F "HTTP/2 200 OK"
2026-08-21 15:16:01,809 [INFO] HTTP Request: POST https://wafeeknfpzjzngzuphoz.supabase.co/rest/v1/articles "HTTP/2 201 Created"
2026-08-21 15:16:02,607 [INFO] HTTP Request: GET https://wafeeknfpzjzngzuphoz.supabase.co/rest/v1/articles?select=article_id&original_url=eq.https%3A%2F%2Fnews.hada.io%2Ftopic%3Fid%3D32720 "HTTP/2 200 OK"
2026-08-21 15:16:02,627 [INFO] HTTP Request: GET https://wafeeknfpzjzngzuphoz.supabase.co/rest/v1/articles?select=article_id&original_url=eq.https%3A%2F%2Fnews.hada.io%2Ftopic%3Fid%3D32719 "HTTP/2 200 OK"
2026-08-21 15:16:02,644 [INFO] HTTP Request: GET https://wafeeknfpzjzngzuphoz.supabase.co/rest/v1/articles?select=article_id&original_url=eq.https%3A%2F%2Fnews.hada.io%2Ftopic%3Fid%3D32717 "HTTP/2 200 OK"
2026-08-21 15:16:02,662 [INFO] HTTP Request: GET https://wafeeknfpzjzngzuphoz.supabase.co/rest/v1/articles?select=article_id&original_url=eq.https%3A%2F%2Fnews.hada.io%2Ftopic%3Fid%3D32716 "HTTP/2 200 OK"
2026-08-21 15:16:02,681 [INFO] HTTP Request: GET https://wafeeknfpzjzngzuphoz.supabase.co/rest/v1/articles?select=article_id&original_url=eq.https%3A%2F%2Fnews.hada.io%2Ftopic%3Fid%3D32715 "HTTP/2 200 OK"
2026-08-21 15:16:02,714 [INFO] HTTP Request: GET https://wafeeknfpzjzngzuphoz.supabase.co/rest/v1/articles?select=article_id&original_url=eq.https%3A%2F%2Fnews.hada.io%2Ftopic%3Fid%3D32714 "HTTP/2 200 OK"
2026-08-21 15:16:02,732 [INFO] HTTP Request: GET https://wafeeknfpzjzngzuphoz.supabase.co/rest/v1/articles?select=article_id&original_url=eq.https%3A%2F%2Fnews.hada.io%2Ftopic%3Fid%3D32713 "HTTP/2 200 OK"
2026-08-21 15:16:02,749 [INFO] HTTP Request: GET https://wafeeknfpzjzngzuphoz.supabase.co/rest/v1/articles?select=article_id&original_url=eq.https%3A%2F%2Fnews.hada.io%2Ftopic%3Fid%3D32712 "HTTP/2 200 OK"
2026-08-21 15:16:02,766 [INFO] HTTP Request: GET https://wafeeknfpzjzngzuphoz.supabase.co/rest/v1/articles?select=article_id&original_url=eq.https%3A%2F%2Fnews.hada.io%2Ftopic%3Fid%3D32711 "HTTP/2 200 OK"
2026-08-21 15:16:02,789 [INFO] HTTP Request: GET https://wafeeknfpzjzngzuphoz.supabase.co/rest/v1/articles?select=article_id&original_url=eq.https%3A%2F%2Fnews.hada.io%2Ftopic%3Fid%3D32710 "HTTP/2 200 OK"
2026-08-21 15:16:02,869 [INFO] HTTP Request: GET https://wafeeknfpzjzngzuphoz.supabase.co/rest/v1/articles?select=article_id&original_url=eq.https%3A%2F%2Fwww.aitimes.com%2Fnews%2FarticleView.html%3Fidxno%3D214218 "HTTP/2 200 OK"
2026-08-21 15:16:02,887 [INFO] HTTP Request: POST https://wafeeknfpzjzngzuphoz.supabase.co/rest/v1/articles "HTTP/2 201 Created"
2026-08-21 15:16:02,907 [INFO] HTTP Request: GET https://wafeeknfpzjzngzuphoz.supabase.co/rest/v1/articles?select=article_id&original_url=eq.https%3A%2F%2Fwww.aitimes.com%2Fnews%2FarticleView.html%3Fidxno%3D214211 "HTTP/2 200 OK"
2026-08-21 15:16:02,926 [INFO] HTTP Request: POST https://wafeeknfpzjzngzuphoz.supabase.co/rest/v1/articles "HTTP/2 201 Created"
2026-08-21 15:16:02,944 [INFO] HTTP Request: GET https://wafeeknfpzjzngzuphoz.supabase.co/rest/v1/articles?select=article_id&original_url=eq.https%3A%2F%2Fwww.aitimes.com%2Fnews%2FarticleView.html%3Fidxno%3D214206 "HTTP/2 200 OK"
2026-08-21 15:16:02,962 [INFO] HTTP Request: GET https://wafeeknfpzjzngzuphoz.supabase.co/rest/v1/articles?select=article_id&original_url=eq.https%3A%2F%2Fwww.aitimes.com%2Fnews%2FarticleView.html%3Fidxno%3D214215 "HTTP/2 200 OK"
2026-08-21 15:16:02,981 [INFO] HTTP Request: GET https://wafeeknfpzjzngzuphoz.supabase.co/rest/v1/articles?select=article_id&original_url=eq.https%3A%2F%2Fwww.aitimes.com%2Fnews%2FarticleView.html%3Fidxno%3D214212 "HTTP/2 200 OK"
2026-08-21 15:16:03,015 [INFO] HTTP Request: GET https://wafeeknfpzjzngzuphoz.supabase.co/rest/v1/articles?select=article_id&original_url=eq.https%3A%2F%2Fwww.aitimes.com%2Fnews%2FarticleView.html%3Fidxno%3D214209 "HTTP/2 200 OK"
2026-08-21 15:16:03,031 [INFO] HTTP Request: GET https://wafeeknfpzjzngzuphoz.supabase.co/rest/v1/articles?select=article_id&original_url=eq.https%3A%2F%2Fwww.aitimes.com%2Fnews%2FarticleView.html%3Fidxno%3D214204 "HTTP/2 200 OK"
2026-08-21 15:16:03,049 [INFO] HTTP Request: GET https://wafeeknfpzjzngzuphoz.supabase.co/rest/v1/articles?select=article_id&original_url=eq.https%3A%2F%2Fwww.aitimes.com%2Fnews%2FarticleView.html%3Fidxno%3D214203 "HTTP/2 200 OK"
2026-08-21 15:16:03,067 [INFO] HTTP Request: GET https://wafeeknfpzjzngzuphoz.supabase.co/rest/v1/articles?select=article_id&original_url=eq.https%3A%2F%2Fwww.aitimes.com%2Fnews%2FarticleView.html%3Fidxno%3D214200 "HTTP/2 200 OK"
2026-08-21 15:16:03,085 [INFO] HTTP Request: GET https://wafeeknfpzjzngzuphoz.supabase.co/rest/v1/articles?select=article_id&original_url=eq.https%3A%2F%2Fwww.aitimes.com%2Fnews%2FarticleView.html%3Fidxno%3D214192 "HTTP/2 200 OK"
2026-08-21 15:16:03,568 [INFO] HTTP Request: GET https://wafeeknfpzjzngzuphoz.supabase.co/rest/v1/articles?select=article_id&original_url=eq.https%3A%2F%2Fnews.google.com%2Frss%2Farticles%2FCBMiXEFVX3lxTE9DWXkyN3hhUDFHR0tCMXdpVkt3OTAyS1dBUUN6QXBKTEpMOF9SLWJSZkl3VW5FdzE2N1JiYk13NGtFQXNnbjFZZ3Vsd3BZNGJLWDJTdVladTk0bXRi%3Foc%3D5 "HTTP/2 200 OK"
2026-08-21 15:16:03,589 [INFO] HTTP Request: GET https://wafeeknfpzjzngzuphoz.supabase.co/rest/v1/articles?select=article_id&original_url=eq.https%3A%2F%2Fnews.google.com%2Frss%2Farticles%2FCBMiVkFVX3lxTFBlSVhEWDF6dU85X3puVUswSzlXLUx4OXg5b0JZMlJYeHFXcHFsM1FLNEQ4MHQxTjlfRzZMZVhiU0JVTm5nS1paWnhEVXM1RzRmV0hWeWNR%3Foc%3D5 "HTTP/2 200 OK"
2026-08-21 15:16:03,609 [INFO] HTTP Request: GET https://wafeeknfpzjzngzuphoz.supabase.co/rest/v1/articles?select=article_id&original_url=eq.https%3A%2F%2Fnews.google.com%2Frss%2Farticles%2FCBMijgFBVV95cUxPaXVvNUlaeE5USjVKOGE5WEpLRDA2Y0c4Z3hONXZLaXc3X2IySmlzMy1kSExBUzNRMlY5dmUyNWNnX295R0tucnRKUi1aUnJsMjkzUllJWGdzbHVtajMyVG5pWW81YUxVbzhRQUh1T3E4bTJaU3AtRlFzQ0RjUzFxc1BqMkZpNGRwVUhXTi1R%3Foc%3D5 "HTTP/2 200 OK"
2026-08-21 15:16:03,631 [INFO] HTTP Request: GET https://wafeeknfpzjzngzuphoz.supabase.co/rest/v1/articles?select=article_id&original_url=eq.https%3A%2F%2Fnews.google.com%2Frss%2Farticles%2FCBMiSEFVX3lxTE1mczBWYm0wOEU3a2NSanExQ0V5ZjNDWmZhNURubTVxcmJDRUNjLXZzT1JmT2JlbVYwUjlWY0dxNXgxRW5ueHdveA%3Foc%3D5 "HTTP/2 200 OK"
2026-08-21 15:16:03,650 [INFO] HTTP Request: GET https://wafeeknfpzjzngzuphoz.supabase.co/rest/v1/articles?select=article_id&original_url=eq.https%3A%2F%2Fnews.google.com%2Frss%2Farticles%2FCBMib0FVX3lxTE1GYWxwbEp6YTFrUExYQ3J0aW1aVkdtTFptSlNqZ3dsWEdlLXI2RnJyb3UwQVhHWURDamk2UXE5N1dIMzQxZkxOT0R0V1gyUHRkYWhqdWgycHU4WHNXa2QtTUVReFpLbWZoZWlmS09nWQ%3Foc%3D5 "HTTP/2 200 OK"
2026-08-21 15:16:03,670 [INFO] HTTP Request: GET https://wafeeknfpzjzngzuphoz.supabase.co/rest/v1/articles?select=article_id&original_url=eq.https%3A%2F%2Fnews.google.com%2Frss%2Farticles%2FCBMiT0FVX3lxTFAzaWZPNVkxUlpVVTkzeEkyZURXNHppRWFtYkVEeUFCaDhTeVJFS0VubHd5Tjd6U09KRGI3ZDZYTXFNWWRQeHk5Q1F2eTlzeDQ%3Foc%3D5 "HTTP/2 200 OK"
2026-08-21 15:16:03,691 [INFO] HTTP Request: GET https://wafeeknfpzjzngzuphoz.supabase.co/rest/v1/articles?select=article_id&original_url=eq.https%3A%2F%2Fnews.google.com%2Frss%2Farticles%2FCBMiZEFVX3lxTE9Pdk1TUFhhVkFtNWhIX2VSYWpDVmZJRGhSLXN1OUdjOHV3MUZkTEwxdXltekZ3QUJPWTJVdEhpX3NhekUyUE45MEsySUQ0Y3lvZmNpeEJSdDJmMDl5UWdmTW0yUmvSAWhBVV95cUxQY0pZWjNrQkk5dmc5T21vRVFRZ05KYVlnOGRCc1I2cU1QczFoWWF0eXRBQkFLa20xRENOb1B4cnRmMmZta2lTdlljYjF3bVNzelp4enhONU52Z2twUDAxcTk2SDlTZU5ZNw%3Foc%3D5 "HTTP/2 200 OK"
2026-08-21 15:16:03,710 [INFO] HTTP Request: GET https://wafeeknfpzjzngzuphoz.supabase.co/rest/v1/articles?select=article_id&original_url=eq.https%3A%2F%2Fnews.google.com%2Frss%2Farticles%2FCBMiiAFBVV95cUxPcUNMUVl5OG0ydkJSb2c3eVJiLXNNdFYzQno4XzkyYzl2d2lvLUNnYzBzb1lqaHBxNzZtSXBuNzc0dlpfSHZuTC1TeG16RU1OQUhBUDFHaDVRQjB5bVBWazRINWdMZm1hYXpfOURrZzlQV1Ayb3ViWTRLZUl3eGdvdDY3WVVMNExo%3Foc%3D5 "HTTP/2 200 OK"
2026-08-21 15:16:03,729 [INFO] HTTP Request: GET https://wafeeknfpzjzngzuphoz.supabase.co/rest/v1/articles?select=article_id&original_url=eq.https%3A%2F%2Fnews.google.com%2Frss%2Farticles%2FCBMiWEFVX3lxTFBvd3pDNkp0cF9pMEIwd3lGQTg4VDE1VUVKREgtdEZRVUVuamgtZk5pNTlDM25oSnZCYVh1eENCQ1A0djlaYWdJU3RGWXdyakFlV2E3b1NZUEHSAV5BVV95cUxOMk1seVBkRzVWbHJUaW1IRzY4bTIyS1NEQnlMbzM2V1pPdW00N0pnazJTRW1sRF9QV3h3ZExUb0RDWU1HVGVGR2hwYW1WTzN3ZGVPX2NweG00ZDVUX3pR%3Foc%3D5 "HTTP/2 200 OK"
2026-08-21 15:16:03,747 [INFO] HTTP Request: GET https://wafeeknfpzjzngzuphoz.supabase.co/rest/v1/articles?select=article_id&original_url=eq.https%3A%2F%2Fnews.google.com%2Frss%2Farticles%2FCBMic0FVX3lxTE1WUnZtUmtkcS1Ec0ppZVV4WjBnNWswaTlPY1JsOXJaWkVaai1kdjdsSXNFY2tTM2hybFJGT3pnLUZUSEp3eHYzVGtYbkhsZEYxdTRhb2JQTXd5Z1I2YXROYlhQN3d6QWJZNHNhZjZreWp3YmM%3Foc%3D5 "HTTP/2 200 OK"
2026-08-21 15:16:04,362 [INFO] HTTP Request: GET https://wafeeknfpzjzngzuphoz.supabase.co/rest/v1/articles?select=article_id&original_url=eq.https%3A%2F%2Fnews.google.com%2Frss%2Farticles%2FCBMiT0FVX3lxTE5pT2NxbXJmajNtcGRxTHZNcjlXazcwQ29IeGNUN0F3X2dUOWV2S1dDVHMyZUtrdWNoLWhXZHJ0SlJLRUNfcUNjMXR5MUpYTzQ%3Foc%3D5 "HTTP/2 200 OK"
2026-08-21 15:16:04,380 [INFO] HTTP Request: GET https://wafeeknfpzjzngzuphoz.supabase.co/rest/v1/articles?select=article_id&original_url=eq.https%3A%2F%2Fnews.google.com%2Frss%2Farticles%2FCBMiWkFVX3lxTE95SGFjUDdLYVhPYXBjSXRhelZMMndBZXdkQTR0dTNvRG82U1hRbTVweUJveVVyYUtnR3dOREt5WDFjOVdVQnd0VWlLU0k2cTVDdUprWENTaTREUdIBX0FVX3lxTE1ITGZzcjlrQkNDWDE3RnBpdXVPV2RtVXNKT3NUUzRVcWYzSk5mRW92cWs2X09aVVNNeTZyYlhkekY2OUQ1UWwzcUJFY1hiTFgwU2hVS0xLWXZlVXFheFhJ%3Foc%3D5 "HTTP/2 200 OK"
2026-08-21 15:16:04,400 [INFO] HTTP Request: GET https://wafeeknfpzjzngzuphoz.supabase.co/rest/v1/articles?select=article_id&original_url=eq.https%3A%2F%2Fnews.google.com%2Frss%2Farticles%2FCBMiWkFVX3lxTE1sa0hTYXF5WDhTS1pzWXBMWVVsYnpCNW1MTkpKc19lcmhuelEzdTJVSDlwNkVzMTIxWUdpRlBMSC1oNGN4R2xPSlN3V0poR2RGa0pvbUZvMVdhUdIBWEFVX3lxTE1OR2llcHJQMTBTaDBNVVVkT3cwd0xfQWJ4b2VRcmtFSnNNUE1JZjMtZUhld0lqRDdOYjM2b1JSVk5UT1JwM0F1OS1OaWZIbTdKQ3Ixck10LUc%3Foc%3D5 "HTTP/2 200 OK"
2026-08-21 15:16:04,418 [INFO] HTTP Request: GET https://wafeeknfpzjzngzuphoz.supabase.co/rest/v1/articles?select=article_id&original_url=eq.https%3A%2F%2Fnews.google.com%2Frss%2Farticles%2FCBMiXEFVX3lxTE9FTkJLTmFvLVJJem5NckxBWUJfVW5BWklBd1ExZjFhbF85NzFRR21HRTBCbHI3QWs0blN0aDhiVTNMX2xmN2ZVdER5dGV3LWNPUFFxMHJMM1RjRnJa%3Foc%3D5 "HTTP/2 200 OK"
2026-08-21 15:16:04,436 [INFO] HTTP Request: GET https://wafeeknfpzjzngzuphoz.supabase.co/rest/v1/articles?select=article_id&original_url=eq.https%3A%2F%2Fnews.google.com%2Frss%2Farticles%2FCBMiYkFVX3lxTE1FdWNubjI3UUxJLVFiMm13dGVzQ3NVUEdxRnUzTkpzSTRmQ3RySWtyYU9Nb05xbFJxUmNlazQ0VHdyNXg0d0toelUyZ2I1ODFBMGR4M09WSkY3Y3B5SEtEdTNB%3Foc%3D5 "HTTP/2 200 OK"
2026-08-21 15:16:04,454 [INFO] HTTP Request: GET https://wafeeknfpzjzngzuphoz.supabase.co/rest/v1/articles?select=article_id&original_url=eq.https%3A%2F%2Fnews.google.com%2Frss%2Farticles%2FCBMihAFBVV95cUxQOHc5V0xHTzhmMnc0bzNvbHdpU0Q1RjZPVjl6Z3hRTkpYYlRqWDEyZlQ5WnhORG56Ry1zNkQySWtQclFnTmlTeDZZcnFUckhka29Ed2RFTXZaaXhQX3FOQWJaOThFQUlTNzVwMTdzUFVRcml6b1hkS2R2M09NU2tuazFBaFA%3Foc%3D5 "HTTP/2 200 OK"
2026-08-21 15:16:04,473 [INFO] HTTP Request: GET https://wafeeknfpzjzngzuphoz.supabase.co/rest/v1/articles?select=article_id&original_url=eq.https%3A%2F%2Fnews.google.com%2Frss%2Farticles%2FCBMic0FVX3lxTE1kZmtaTGNLYUhmOEdnTXBqTm13b3ZKNXk1MS0xU3ZKWl9fTm5yc3hrNDRaeUF1TkF6WFFDU3QzZG0yTkNQbzZGbDNPMG1xU1ByeFZaSHhEOG9vZ09ZSDFtVXBILTVGd2dobFZfNnZzWk1kdUHSAXdBVV95cUxQcHR3Y092blBPc202b1JaOHh5ZFl1Vkw2NnRzdmNuRXBpYUpOQkc5NkpkMUFpWl9aN2VxVlZFSmZXSzdPOFhacHJjWXV6Unp2cGRVVUNCNFdJYjZ3bDZ1OTFDUXRFWXVHa0Uwa1dUUE43RlJvQ2Ztdw%3Foc%3D5 "HTTP/2 200 OK"
2026-08-21 15:16:04,491 [INFO] HTTP Request: GET https://wafeeknfpzjzngzuphoz.supabase.co/rest/v1/articles?select=article_id&original_url=eq.https%3A%2F%2Fnews.google.com%2Frss%2Farticles%2FCBMiaEFVX3lxTE9GdVM2T3VXYmhMWGxqSlFwREc5VzExOWpSWU1rNE5KY1VLTUlGcHJJZFVtdlBCSm0tclpMMWZINTJucnJObW05UXQxbDZ3aXJRNVBLVFgtUnFiWF9WRFh2YlphbUh4VGNP0gFsQVVfeXFMUFF2cUJROC1HMnpmNGNUVkJNa3htd2NsYk5CUzRTWjBGZkVwRXpKWWlFU2F5bVN3ZFNiai1aeU5SN1ZOWmZvRmJ6UTFrUzRqU2F6R0s0TEFtWl9CVXdzT3ZXdnRqU2hObS00enhK%3Foc%3D5 "HTTP/2 200 OK"
2026-08-21 15:16:04,509 [INFO] HTTP Request: GET https://wafeeknfpzjzngzuphoz.supabase.co/rest/v1/articles?select=article_id&original_url=eq.https%3A%2F%2Fnews.google.com%2Frss%2Farticles%2FCBMic0FVX3lxTE9EdUhvQV9xVlE2WER4QWV0NWx0ajRpbVBOR1VCclR2dkZpS21EakV2a1VFUVFuSmdjN2tLS0I4eWhXV2hIMjFFZ191Z09sNmFvZTY4ZFNYNzdBcmlWWmFhWHBuYlJ3eE03M245V19KMnFFRFk%3Foc%3D5 "HTTP/2 200 OK"
2026-08-21 15:16:04,527 [INFO] HTTP Request: GET https://wafeeknfpzjzngzuphoz.supabase.co/rest/v1/articles?select=article_id&original_url=eq.https%3A%2F%2Fnews.google.com%2Frss%2Farticles%2FCBMiZEFVX3lxTE8xaEVuWHhyODVkLWNFYlpFS0dldk50NUhRVUFkZnE4ZmM2ZmF5d2VtcWxoRWhUUk1qN2ZKOXgyakhPNVc3elVwV21iWWl6VXlEaDBGUmR3dVQ3XzgwM3V1SGtSb0s%3Foc%3D5 "HTTP/2 200 OK"
2026-08-21 15:16:04,650 [INFO] HTTP Request: GET https://wafeeknfpzjzngzuphoz.supabase.co/rest/v1/articles?select=article_id&original_url=eq.https%3A%2F%2Fyozm.wishket.com%2Fmagazine%2Fdetail%2F3909 "HTTP/2 200 OK"
2026-08-21 15:16:04,668 [INFO] HTTP Request: GET https://wafeeknfpzjzngzuphoz.supabase.co/rest/v1/articles?select=article_id&original_url=eq.https%3A%2F%2Fyozm.wishket.com%2Fmagazine%2Fdetail%2F3908 "HTTP/2 200 OK"
2026-08-21 15:16:04,686 [INFO] HTTP Request: GET https://wafeeknfpzjzngzuphoz.supabase.co/rest/v1/articles?select=article_id&original_url=eq.https%3A%2F%2Fyozm.wishket.com%2Fmagazine%2Fdetail%2F3907 "HTTP/2 200 OK"
2026-08-21 15:16:04,704 [INFO] HTTP Request: GET https://wafeeknfpzjzngzuphoz.supabase.co/rest/v1/articles?select=article_id&original_url=eq.https%3A%2F%2Fyozm.wishket.com%2Fmagazine%2Fdetail%2F3906 "HTTP/2 200 OK"
2026-08-21 15:16:04,722 [INFO] HTTP Request: GET https://wafeeknfpzjzngzuphoz.supabase.co/rest/v1/articles?select=article_id&original_url=eq.https%3A%2F%2Fyozm.wishket.com%2Fmagazine%2Fdetail%2F3905 "HTTP/2 200 OK"
2026-08-21 15:16:04,740 [INFO] HTTP Request: GET https://wafeeknfpzjzngzuphoz.supabase.co/rest/v1/articles?select=article_id&original_url=eq.https%3A%2F%2Fyozm.wishket.com%2Fmagazine%2Fdetail%2F3904 "HTTP/2 200 OK"
2026-08-21 15:16:04,758 [INFO] HTTP Request: GET https://wafeeknfpzjzngzuphoz.supabase.co/rest/v1/articles?select=article_id&original_url=eq.https%3A%2F%2Fyozm.wishket.com%2Fmagazine%2Fdetail%2F3903 "HTTP/2 200 OK"
2026-08-21 15:16:04,774 [INFO] HTTP Request: GET https://wafeeknfpzjzngzuphoz.supabase.co/rest/v1/articles?select=article_id&original_url=eq.https%3A%2F%2Fyozm.wishket.com%2Fmagazine%2Fdetail%2F3902 "HTTP/2 200 OK"
2026-08-21 15:16:04,792 [INFO] HTTP Request: GET https://wafeeknfpzjzngzuphoz.supabase.co/rest/v1/articles?select=article_id&original_url=eq.https%3A%2F%2Fyozm.wishket.com%2Fmagazine%2Fdetail%2F3901 "HTTP/2 200 OK"
2026-08-21 15:16:04,810 [INFO] HTTP Request: GET https://wafeeknfpzjzngzuphoz.supabase.co/rest/v1/articles?select=article_id&original_url=eq.https%3A%2F%2Fyozm.wishket.com%2Fmagazine%2Fdetail%2F3900 "HTTP/2 200 OK"
2026-08-21 15:16:05,201 [INFO] HTTP Request: GET https://wafeeknfpzjzngzuphoz.supabase.co/rest/v1/articles?select=article_id&original_url=eq.https%3A%2F%2Ftechblog.woowahan.com%2F26876%2F "HTTP/2 200 OK"
2026-08-21 15:16:05,220 [INFO] HTTP Request: GET https://wafeeknfpzjzngzuphoz.supabase.co/rest/v1/articles?select=article_id&original_url=eq.https%3A%2F%2Ftechblog.woowahan.com%2F26777%2F "HTTP/2 200 OK"
2026-08-21 15:16:05,237 [INFO] HTTP Request: GET https://wafeeknfpzjzngzuphoz.supabase.co/rest/v1/articles?select=article_id&original_url=eq.https%3A%2F%2Ftechblog.woowahan.com%2F26729%2F "HTTP/2 200 OK"
2026-08-21 15:16:05,258 [INFO] HTTP Request: GET https://wafeeknfpzjzngzuphoz.supabase.co/rest/v1/articles?select=article_id&original_url=eq.https%3A%2F%2Ftechblog.woowahan.com%2F26507%2F "HTTP/2 200 OK"
2026-08-21 15:16:05,280 [INFO] HTTP Request: GET https://wafeeknfpzjzngzuphoz.supabase.co/rest/v1/articles?select=article_id&original_url=eq.https%3A%2F%2Ftechblog.woowahan.com%2F26624%2F "HTTP/2 200 OK"
2026-08-21 15:16:05,302 [INFO] HTTP Request: GET https://wafeeknfpzjzngzuphoz.supabase.co/rest/v1/articles?select=article_id&original_url=eq.https%3A%2F%2Ftechblog.woowahan.com%2F26492%2F "HTTP/2 200 OK"
2026-08-21 15:16:05,322 [INFO] HTTP Request: GET https://wafeeknfpzjzngzuphoz.supabase.co/rest/v1/articles?select=article_id&original_url=eq.https%3A%2F%2Ftechblog.woowahan.com%2F26459%2F "HTTP/2 200 OK"
2026-08-21 15:16:05,341 [INFO] HTTP Request: GET https://wafeeknfpzjzngzuphoz.supabase.co/rest/v1/articles?select=article_id&original_url=eq.https%3A%2F%2Ftechblog.woowahan.com%2F26379%2F "HTTP/2 200 OK"
2026-08-21 15:16:05,358 [INFO] HTTP Request: GET https://wafeeknfpzjzngzuphoz.supabase.co/rest/v1/articles?select=article_id&original_url=eq.https%3A%2F%2Ftechblog.woowahan.com%2F26388%2F "HTTP/2 200 OK"
2026-08-21 15:16:05,375 [INFO] HTTP Request: GET https://wafeeknfpzjzngzuphoz.supabase.co/rest/v1/articles?select=article_id&original_url=eq.https%3A%2F%2Ftechblog.woowahan.com%2F26319%2F "HTTP/2 200 OK"
2026-08-21 15:16:05,502 [INFO] HTTP Request: GET https://wafeeknfpzjzngzuphoz.supabase.co/rest/v1/articles?select=article_id&original_url=eq.https%3A%2F%2Ftech.kakao.com%2Fposts%2F829 "HTTP/2 200 OK"
2026-08-21 15:16:05,520 [INFO] HTTP Request: GET https://wafeeknfpzjzngzuphoz.supabase.co/rest/v1/articles?select=article_id&original_url=eq.https%3A%2F%2Ftech.kakao.com%2Fposts%2F828 "HTTP/2 200 OK"
2026-08-21 15:16:05,538 [INFO] HTTP Request: GET https://wafeeknfpzjzngzuphoz.supabase.co/rest/v1/articles?select=article_id&original_url=eq.https%3A%2F%2Ftech.kakao.com%2Fposts%2F827 "HTTP/2 200 OK"
2026-08-21 15:16:05,556 [INFO] HTTP Request: GET https://wafeeknfpzjzngzuphoz.supabase.co/rest/v1/articles?select=article_id&original_url=eq.https%3A%2F%2Ftech.kakao.com%2Fposts%2F826 "HTTP/2 200 OK"
2026-08-21 15:16:05,575 [INFO] HTTP Request: GET https://wafeeknfpzjzngzuphoz.supabase.co/rest/v1/articles?select=article_id&original_url=eq.https%3A%2F%2Ftech.kakao.com%2Fposts%2F825 "HTTP/2 200 OK"
2026-08-21 15:16:05,592 [INFO] HTTP Request: GET https://wafeeknfpzjzngzuphoz.supabase.co/rest/v1/articles?select=article_id&original_url=eq.https%3A%2F%2Ftech.kakao.com%2Fposts%2F824 "HTTP/2 200 OK"
2026-08-21 15:16:05,616 [INFO] HTTP Request: GET https://wafeeknfpzjzngzuphoz.supabase.co/rest/v1/articles?select=article_id&original_url=eq.https%3A%2F%2Ftech.kakao.com%2Fposts%2F823 "HTTP/2 200 OK"
2026-08-21 15:16:05,633 [INFO] HTTP Request: GET https://wafeeknfpzjzngzuphoz.supabase.co/rest/v1/articles?select=article_id&original_url=eq.https%3A%2F%2Ftech.kakao.com%2Fposts%2F818 "HTTP/2 200 OK"
2026-08-21 15:16:05,654 [INFO] HTTP Request: GET https://wafeeknfpzjzngzuphoz.supabase.co/rest/v1/articles?select=article_id&original_url=eq.https%3A%2F%2Ftech.kakao.com%2Fposts%2F822 "HTTP/2 200 OK"
2026-08-21 15:16:05,670 [INFO] HTTP Request: GET https://wafeeknfpzjzngzuphoz.supabase.co/rest/v1/articles?select=article_id&original_url=eq.https%3A%2F%2Ftech.kakao.com%2Fposts%2F821 "HTTP/2 200 OK"
2026-08-21 15:16:05,749 [INFO] HTTP Request: GET https://wafeeknfpzjzngzuphoz.supabase.co/rest/v1/articles?select=%2A%2Csources%28name%29&collected_at=gte.2026-08-21T00%3A00%3A00 "HTTP/2 200 OK"
2026-08-21 15:16:05,781 [INFO] 📄 HTML 파일 생성 완료: news/2026-08-21.html
2026-08-21 15:16:05,781 [INFO] ✅ 총 22개 신규 기사 DB 저장 완료
2026-08-21 15:16:05,781 [INFO] 🔗 오늘자 웹페이지 확인: http://localhost:3000/news/2026-08-21.html

2026-08-21 15:16:48,246 [INFO] ⚡ [--now] 옵션 감지: 즉시 수집 작업을 실행합니다.
2026-08-21 15:16:48,247 [INFO] 🚀 [Start] RSS 피드 수집 및 DB 저장 시작
2026-08-21 15:16:48,349 [INFO] HTTP Request: GET https://wafeeknfpzjzngzuphoz.supabase.co/rest/v1/sources?select=source_id%2Cname%2Curl&is_active=eq.True "HTTP/2 200 OK"
2026-08-21 15:16:48,918 [INFO] HTTP Request: GET https://wafeeknfpzjzngzuphoz.supabase.co/rest/v1/articles?select=article_id&original_url=eq.https%3A%2F%2Fopenai.com%2Findex%2Fintroducing-ai-futures "HTTP/2 200 OK"
2026-08-21 15:16:48,957 [INFO] HTTP Request: POST https://wafeeknfpzjzngzuphoz.supabase.co/rest/v1/articles "HTTP/2 201 Created"
2026-08-21 15:16:48,981 [INFO] HTTP Request: GET https://wafeeknfpzjzngzuphoz.supabase.co/rest/v1/articles?select=article_id&original_url=eq.https%3A%2F%2Fopenai.com%2Findex%2Fstampli "HTTP/2 200 OK"
2026-08-21 15:16:49,007 [INFO] HTTP Request: POST https://wafeeknfpzjzngzuphoz.supabase.co/rest/v1/articles "HTTP/2 201 Created"
2026-08-21 15:16:49,051 [INFO] HTTP Request: GET https://wafeeknfpzjzngzuphoz.supabase.co/rest/v1/articles?select=article_id&original_url=eq.https%3A%2F%2Fopenai.com%2Findex%2Foffering-zero-data-retention-for-frontier-models "HTTP/2 200 OK"
2026-08-21 15:16:49,081 [INFO] HTTP Request: POST https://wafeeknfpzjzngzuphoz.supabase.co/rest/v1/articles "HTTP/2 201 Created"
2026-08-21 15:16:49,108 [INFO] HTTP Request: GET https://wafeeknfpzjzngzuphoz.supabase.co/rest/v1/articles?select=article_id&original_url=eq.https%3A%2F%2Fopenai.com%2Findex%2Freplit "HTTP/2 200 OK"
2026-08-21 15:16:49,136 [INFO] HTTP Request: POST https://wafeeknfpzjzngzuphoz.supabase.co/rest/v1/articles "HTTP/2 201 Created"
2026-08-21 15:16:49,160 [INFO] HTTP Request: GET https://wafeeknfpzjzngzuphoz.supabase.co/rest/v1/articles?select=article_id&original_url=eq.https%3A%2F%2Fopenai.com%2Findex%2Fchatgpt-ads-expands-across-europe "HTTP/2 200 OK"
2026-08-21 15:16:49,184 [INFO] HTTP Request: POST https://wafeeknfpzjzngzuphoz.supabase.co/rest/v1/articles "HTTP/2 201 Created"
2026-08-21 15:16:49,209 [INFO] HTTP Request: GET https://wafeeknfpzjzngzuphoz.supabase.co/rest/v1/articles?select=article_id&original_url=eq.https%3A%2F%2Fopenai.com%2Findex%2Fstrengthening-democratic-oversight-in-national-security "HTTP/2 200 OK"
2026-08-21 15:16:49,239 [INFO] HTTP Request: POST https://wafeeknfpzjzngzuphoz.supabase.co/rest/v1/articles "HTTP/2 201 Created"
2026-08-21 15:16:49,260 [INFO] HTTP Request: GET https://wafeeknfpzjzngzuphoz.supabase.co/rest/v1/articles?select=article_id&original_url=eq.https%3A%2F%2Fopenai.com%2Findex%2Fpartnering-with-codeai "HTTP/2 200 OK"
2026-08-21 15:16:49,287 [INFO] HTTP Request: POST https://wafeeknfpzjzngzuphoz.supabase.co/rest/v1/articles "HTTP/2 201 Created"
2026-08-21 15:16:49,312 [INFO] HTTP Request: GET https://wafeeknfpzjzngzuphoz.supabase.co/rest/v1/articles?select=article_id&original_url=eq.https%3A%2F%2Fopenai.com%2Findex%2Fpacing-model-development-cyber-capabilities "HTTP/2 200 OK"
2026-08-21 15:16:49,357 [INFO] HTTP Request: POST https://wafeeknfpzjzngzuphoz.supabase.co/rest/v1/articles "HTTP/2 201 Created"
2026-08-21 15:16:49,381 [INFO] HTTP Request: GET https://wafeeknfpzjzngzuphoz.supabase.co/rest/v1/articles?select=article_id&original_url=eq.https%3A%2F%2Fopenai.com%2Findex%2Fchatgpt-for-teens "HTTP/2 200 OK"
2026-08-21 15:16:49,408 [INFO] HTTP Request: POST https://wafeeknfpzjzngzuphoz.supabase.co/rest/v1/articles "HTTP/2 201 Created"
2026-08-21 15:16:49,435 [INFO] HTTP Request: GET https://wafeeknfpzjzngzuphoz.supabase.co/rest/v1/articles?select=article_id&original_url=eq.https%3A%2F%2Fopenai.com%2Findex%2Fnvidia%2Fchatgpt-work "HTTP/2 200 OK"
2026-08-21 15:16:49,460 [INFO] HTTP Request: POST https://wafeeknfpzjzngzuphoz.supabase.co/rest/v1/articles "HTTP/2 201 Created"
2026-08-21 15:16:50,270 [INFO] HTTP Request: GET https://wafeeknfpzjzngzuphoz.supabase.co/rest/v1/articles?select=article_id&original_url=eq.https%3A%2F%2Fblog.google%2Fproducts-and-platforms%2Fproducts%2Fsearch%2Fback-to-school-study-tools%2F "HTTP/2 200 OK"
2026-08-21 15:16:50,304 [INFO] HTTP Request: POST https://wafeeknfpzjzngzuphoz.supabase.co/rest/v1/articles "HTTP/2 201 Created"
2026-08-21 15:16:50,330 [INFO] HTTP Request: GET https://wafeeknfpzjzngzuphoz.supabase.co/rest/v1/articles?select=article_id&original_url=eq.https%3A%2F%2Fblog.google%2Fproducts-and-platforms%2Fproducts%2Fgemini%2Fgoogle-gemini-pixel-football-club-partnerships%2F "HTTP/2 200 OK"
2026-08-21 15:16:50,362 [INFO] HTTP Request: POST https://wafeeknfpzjzngzuphoz.supabase.co/rest/v1/articles "HTTP/2 201 Created"
2026-08-21 15:16:50,387 [INFO] HTTP Request: GET https://wafeeknfpzjzngzuphoz.supabase.co/rest/v1/articles?select=article_id&original_url=eq.https%3A%2F%2Fblog.google%2Fproducts-and-platforms%2Fproducts%2Fworkspace%2Fsheets-canvas-for-google-sheets-spreadsheets%2F "HTTP/2 200 OK"
2026-08-21 15:16:50,414 [INFO] HTTP Request: POST https://wafeeknfpzjzngzuphoz.supabase.co/rest/v1/articles "HTTP/2 201 Created"
2026-08-21 15:16:50,441 [INFO] HTTP Request: GET https://wafeeknfpzjzngzuphoz.supabase.co/rest/v1/articles?select=article_id&original_url=eq.https%3A%2F%2Fblog.google%2Finnovation-and-ai%2Fmodels-and-research%2Fgoogle-research%2Famie-video-consultations%2F "HTTP/2 200 OK"
2026-08-21 15:16:50,472 [INFO] HTTP Request: POST https://wafeeknfpzjzngzuphoz.supabase.co/rest/v1/articles "HTTP/2 201 Created"
2026-08-21 15:16:50,504 [INFO] HTTP Request: GET https://wafeeknfpzjzngzuphoz.supabase.co/rest/v1/articles?select=article_id&original_url=eq.https%3A%2F%2Fblog.google%2Fproducts%2Fads-commerce%2Fgoogle-ads-analytics-ai-updates%2F "HTTP/2 200 OK"
2026-08-21 15:16:50,531 [INFO] HTTP Request: POST https://wafeeknfpzjzngzuphoz.supabase.co/rest/v1/articles "HTTP/2 201 Created"
2026-08-21 15:16:50,560 [INFO] HTTP Request: GET https://wafeeknfpzjzngzuphoz.supabase.co/rest/v1/articles?select=article_id&original_url=eq.https%3A%2F%2Fblog.google%2Finnovation-and-ai%2Ftechnology%2Fai%2Fgoogle-ai-updates-july-2026%2F "HTTP/2 200 OK"
2026-08-21 15:16:50,593 [INFO] HTTP Request: POST https://wafeeknfpzjzngzuphoz.supabase.co/rest/v1/articles "HTTP/2 201 Created"
2026-08-21 15:16:50,619 [INFO] HTTP Request: GET https://wafeeknfpzjzngzuphoz.supabase.co/rest/v1/articles?select=article_id&original_url=eq.https%3A%2F%2Fblog.google%2Finnovation-and-ai%2Ftechnology%2Fdevelopers-tools%2Fai-agents-intensive-recap-2026%2F "HTTP/2 200 OK"
2026-08-21 15:16:50,648 [INFO] HTTP Request: POST https://wafeeknfpzjzngzuphoz.supabase.co/rest/v1/articles "HTTP/2 201 Created"
2026-08-21 15:16:50,682 [INFO] HTTP Request: GET https://wafeeknfpzjzngzuphoz.supabase.co/rest/v1/articles?select=article_id&original_url=eq.https%3A%2F%2Fblog.google%2Finnovation-and-ai%2Ftechnology%2Fdevelopers-tools%2Fexpanding-managed-agents-gemini-api-3-6-flash-hooks%2F "HTTP/2 200 OK"
2026-08-21 15:16:50,713 [INFO] HTTP Request: POST https://wafeeknfpzjzngzuphoz.supabase.co/rest/v1/articles "HTTP/2 201 Created"
2026-08-21 15:16:50,739 [INFO] HTTP Request: GET https://wafeeknfpzjzngzuphoz.supabase.co/rest/v1/articles?select=article_id&original_url=eq.https%3A%2F%2Fblog.google%2Fproducts-and-platforms%2Fproducts%2Fsearch%2Fai-mode-real-world-tips%2F "HTTP/2 200 OK"
2026-08-21 15:16:50,766 [INFO] HTTP Request: POST https://wafeeknfpzjzngzuphoz.supabase.co/rest/v1/articles "HTTP/2 201 Created"
2026-08-21 15:16:50,790 [INFO] HTTP Request: GET https://wafeeknfpzjzngzuphoz.supabase.co/rest/v1/articles?select=article_id&original_url=eq.https%3A%2F%2Fblog.google%2Fproducts-and-platforms%2Fproducts%2Fsearch%2Fdinner-party-hosting-tips%2F "HTTP/2 200 OK"
2026-08-21 15:16:50,816 [INFO] HTTP Request: POST https://wafeeknfpzjzngzuphoz.supabase.co/rest/v1/articles "HTTP/2 201 Created"
2026-08-21 15:16:51,647 [INFO] HTTP Request: GET https://wafeeknfpzjzngzuphoz.supabase.co/rest/v1/articles?select=article_id&original_url=eq.https%3A%2F%2Fnews.hada.io%2Ftopic%3Fid%3D32720 "HTTP/2 200 OK"
2026-08-21 15:16:51,672 [INFO] HTTP Request: POST https://wafeeknfpzjzngzuphoz.supabase.co/rest/v1/articles "HTTP/2 201 Created"
2026-08-21 15:16:51,700 [INFO] HTTP Request: GET https://wafeeknfpzjzngzuphoz.supabase.co/rest/v1/articles?select=article_id&original_url=eq.https%3A%2F%2Fnews.hada.io%2Ftopic%3Fid%3D32719 "HTTP/2 200 OK"
2026-08-21 15:16:51,725 [INFO] HTTP Request: POST https://wafeeknfpzjzngzuphoz.supabase.co/rest/v1/articles "HTTP/2 201 Created"
2026-08-21 15:16:51,752 [INFO] HTTP Request: GET https://wafeeknfpzjzngzuphoz.supabase.co/rest/v1/articles?select=article_id&original_url=eq.https%3A%2F%2Fnews.hada.io%2Ftopic%3Fid%3D32717 "HTTP/2 200 OK"
2026-08-21 15:16:51,782 [INFO] HTTP Request: POST https://wafeeknfpzjzngzuphoz.supabase.co/rest/v1/articles "HTTP/2 201 Created"
2026-08-21 15:16:51,810 [INFO] HTTP Request: GET https://wafeeknfpzjzngzuphoz.supabase.co/rest/v1/articles?select=article_id&original_url=eq.https%3A%2F%2Fnews.hada.io%2Ftopic%3Fid%3D32716 "HTTP/2 200 OK"
2026-08-21 15:16:51,837 [INFO] HTTP Request: POST https://wafeeknfpzjzngzuphoz.supabase.co/rest/v1/articles "HTTP/2 201 Created"
2026-08-21 15:16:51,864 [INFO] HTTP Request: GET https://wafeeknfpzjzngzuphoz.supabase.co/rest/v1/articles?select=article_id&original_url=eq.https%3A%2F%2Fnews.hada.io%2Ftopic%3Fid%3D32715 "HTTP/2 200 OK"
2026-08-21 15:16:51,892 [INFO] HTTP Request: POST https://wafeeknfpzjzngzuphoz.supabase.co/rest/v1/articles "HTTP/2 201 Created"
2026-08-21 15:16:51,921 [INFO] HTTP Request: GET https://wafeeknfpzjzngzuphoz.supabase.co/rest/v1/articles?select=article_id&original_url=eq.https%3A%2F%2Fnews.hada.io%2Ftopic%3Fid%3D32714 "HTTP/2 200 OK"
2026-08-21 15:16:51,948 [INFO] HTTP Request: POST https://wafeeknfpzjzngzuphoz.supabase.co/rest/v1/articles "HTTP/2 201 Created"
2026-08-21 15:16:51,975 [INFO] HTTP Request: GET https://wafeeknfpzjzngzuphoz.supabase.co/rest/v1/articles?select=article_id&original_url=eq.https%3A%2F%2Fnews.hada.io%2Ftopic%3Fid%3D32713 "HTTP/2 200 OK"
2026-08-21 15:16:52,005 [INFO] HTTP Request: POST https://wafeeknfpzjzngzuphoz.supabase.co/rest/v1/articles "HTTP/2 201 Created"
2026-08-21 15:16:52,033 [INFO] HTTP Request: GET https://wafeeknfpzjzngzuphoz.supabase.co/rest/v1/articles?select=article_id&original_url=eq.https%3A%2F%2Fnews.hada.io%2Ftopic%3Fid%3D32712 "HTTP/2 200 OK"
2026-08-21 15:16:52,058 [INFO] HTTP Request: POST https://wafeeknfpzjzngzuphoz.supabase.co/rest/v1/articles "HTTP/2 201 Created"
2026-08-21 15:16:52,085 [INFO] HTTP Request: GET https://wafeeknfpzjzngzuphoz.supabase.co/rest/v1/articles?select=article_id&original_url=eq.https%3A%2F%2Fnews.hada.io%2Ftopic%3Fid%3D32711 "HTTP/2 200 OK"
2026-08-21 15:16:52,112 [INFO] HTTP Request: POST https://wafeeknfpzjzngzuphoz.supabase.co/rest/v1/articles "HTTP/2 201 Created"
2026-08-21 15:16:52,137 [INFO] HTTP Request: GET https://wafeeknfpzjzngzuphoz.supabase.co/rest/v1/articles?select=article_id&original_url=eq.https%3A%2F%2Fnews.hada.io%2Ftopic%3Fid%3D32710 "HTTP/2 200 OK"
2026-08-21 15:16:52,166 [INFO] HTTP Request: POST https://wafeeknfpzjzngzuphoz.supabase.co/rest/v1/articles "HTTP/2 201 Created"
2026-08-21 15:16:52,263 [INFO] HTTP Request: GET https://wafeeknfpzjzngzuphoz.supabase.co/rest/v1/articles?select=article_id&original_url=eq.https%3A%2F%2Fwww.aitimes.com%2Fnews%2FarticleView.html%3Fidxno%3D214218 "HTTP/2 200 OK"
2026-08-21 15:16:52,292 [INFO] HTTP Request: POST https://wafeeknfpzjzngzuphoz.supabase.co/rest/v1/articles "HTTP/2 201 Created"
2026-08-21 15:16:52,319 [INFO] HTTP Request: GET https://wafeeknfpzjzngzuphoz.supabase.co/rest/v1/articles?select=article_id&original_url=eq.https%3A%2F%2Fwww.aitimes.com%2Fnews%2FarticleView.html%3Fidxno%3D214211 "HTTP/2 200 OK"
2026-08-21 15:16:52,350 [INFO] HTTP Request: POST https://wafeeknfpzjzngzuphoz.supabase.co/rest/v1/articles "HTTP/2 201 Created"
2026-08-21 15:16:52,387 [INFO] HTTP Request: GET https://wafeeknfpzjzngzuphoz.supabase.co/rest/v1/articles?select=article_id&original_url=eq.https%3A%2F%2Fwww.aitimes.com%2Fnews%2FarticleView.html%3Fidxno%3D214206 "HTTP/2 200 OK"
2026-08-21 15:16:52,415 [INFO] HTTP Request: POST https://wafeeknfpzjzngzuphoz.supabase.co/rest/v1/articles "HTTP/2 201 Created"
2026-08-21 15:16:52,441 [INFO] HTTP Request: GET https://wafeeknfpzjzngzuphoz.supabase.co/rest/v1/articles?select=article_id&original_url=eq.https%3A%2F%2Fwww.aitimes.com%2Fnews%2FarticleView.html%3Fidxno%3D214215 "HTTP/2 200 OK"
2026-08-21 15:16:52,470 [INFO] HTTP Request: POST https://wafeeknfpzjzngzuphoz.supabase.co/rest/v1/articles "HTTP/2 201 Created"
2026-08-21 15:16:52,495 [INFO] HTTP Request: GET https://wafeeknfpzjzngzuphoz.supabase.co/rest/v1/articles?select=article_id&original_url=eq.https%3A%2F%2Fwww.aitimes.com%2Fnews%2FarticleView.html%3Fidxno%3D214212 "HTTP/2 200 OK"
2026-08-21 15:16:52,524 [INFO] HTTP Request: POST https://wafeeknfpzjzngzuphoz.supabase.co/rest/v1/articles "HTTP/2 201 Created"
2026-08-21 15:16:52,552 [INFO] HTTP Request: GET https://wafeeknfpzjzngzuphoz.supabase.co/rest/v1/articles?select=article_id&original_url=eq.https%3A%2F%2Fwww.aitimes.com%2Fnews%2FarticleView.html%3Fidxno%3D214209 "HTTP/2 200 OK"
2026-08-21 15:16:52,581 [INFO] HTTP Request: POST https://wafeeknfpzjzngzuphoz.supabase.co/rest/v1/articles "HTTP/2 201 Created"
2026-08-21 15:16:52,621 [INFO] HTTP Request: GET https://wafeeknfpzjzngzuphoz.supabase.co/rest/v1/articles?select=article_id&original_url=eq.https%3A%2F%2Fwww.aitimes.com%2Fnews%2FarticleView.html%3Fidxno%3D214204 "HTTP/2 200 OK"
2026-08-21 15:16:52,659 [INFO] HTTP Request: POST https://wafeeknfpzjzngzuphoz.supabase.co/rest/v1/articles "HTTP/2 201 Created"
2026-08-21 15:16:52,691 [INFO] HTTP Request: GET https://wafeeknfpzjzngzuphoz.supabase.co/rest/v1/articles?select=article_id&original_url=eq.https%3A%2F%2Fwww.aitimes.com%2Fnews%2FarticleView.html%3Fidxno%3D214203 "HTTP/2 200 OK"
2026-08-21 15:16:52,719 [INFO] HTTP Request: POST https://wafeeknfpzjzngzuphoz.supabase.co/rest/v1/articles "HTTP/2 201 Created"
2026-08-21 15:16:52,751 [INFO] HTTP Request: GET https://wafeeknfpzjzngzuphoz.supabase.co/rest/v1/articles?select=article_id&original_url=eq.https%3A%2F%2Fwww.aitimes.com%2Fnews%2FarticleView.html%3Fidxno%3D214200 "HTTP/2 200 OK"
2026-08-21 15:16:52,781 [INFO] HTTP Request: POST https://wafeeknfpzjzngzuphoz.supabase.co/rest/v1/articles "HTTP/2 201 Created"
2026-08-21 15:16:52,811 [INFO] HTTP Request: GET https://wafeeknfpzjzngzuphoz.supabase.co/rest/v1/articles?select=article_id&original_url=eq.https%3A%2F%2Fwww.aitimes.com%2Fnews%2FarticleView.html%3Fidxno%3D214192 "HTTP/2 200 OK"
2026-08-21 15:16:52,840 [INFO] HTTP Request: POST https://wafeeknfpzjzngzuphoz.supabase.co/rest/v1/articles "HTTP/2 201 Created"
2026-08-21 15:16:53,046 [INFO] HTTP Request: GET https://wafeeknfpzjzngzuphoz.supabase.co/rest/v1/articles?select=article_id&original_url=eq.https%3A%2F%2Fnews.google.com%2Frss%2Farticles%2FCBMiXEFVX3lxTE9DWXkyN3hhUDFHR0tCMXdpVkt3OTAyS1dBUUN6QXBKTEpMOF9SLWJSZkl3VW5FdzE2N1JiYk13NGtFQXNnbjFZZ3Vsd3BZNGJLWDJTdVladTk0bXRi%3Foc%3D5 "HTTP/2 200 OK"
2026-08-21 15:16:53,072 [INFO] HTTP Request: POST https://wafeeknfpzjzngzuphoz.supabase.co/rest/v1/articles "HTTP/2 201 Created"
2026-08-21 15:16:53,099 [INFO] HTTP Request: GET https://wafeeknfpzjzngzuphoz.supabase.co/rest/v1/articles?select=article_id&original_url=eq.https%3A%2F%2Fnews.google.com%2Frss%2Farticles%2FCBMiVkFVX3lxTFBlSVhEWDF6dU85X3puVUswSzlXLUx4OXg5b0JZMlJYeHFXcHFsM1FLNEQ4MHQxTjlfRzZMZVhiU0JVTm5nS1paWnhEVXM1RzRmV0hWeWNR%3Foc%3D5 "HTTP/2 200 OK"
2026-08-21 15:16:53,123 [INFO] HTTP Request: POST https://wafeeknfpzjzngzuphoz.supabase.co/rest/v1/articles "HTTP/2 201 Created"
2026-08-21 15:16:53,150 [INFO] HTTP Request: GET https://wafeeknfpzjzngzuphoz.supabase.co/rest/v1/articles?select=article_id&original_url=eq.https%3A%2F%2Fnews.google.com%2Frss%2Farticles%2FCBMijgFBVV95cUxPaXVvNUlaeE5USjVKOGE5WEpLRDA2Y0c4Z3hONXZLaXc3X2IySmlzMy1kSExBUzNRMlY5dmUyNWNnX295R0tucnRKUi1aUnJsMjkzUllJWGdzbHVtajMyVG5pWW81YUxVbzhRQUh1T3E4bTJaU3AtRlFzQ0RjUzFxc1BqMkZpNGRwVUhXTi1R%3Foc%3D5 "HTTP/2 200 OK"
2026-08-21 15:16:53,176 [INFO] HTTP Request: POST https://wafeeknfpzjzngzuphoz.supabase.co/rest/v1/articles "HTTP/2 201 Created"
2026-08-21 15:16:53,200 [INFO] HTTP Request: GET https://wafeeknfpzjzngzuphoz.supabase.co/rest/v1/articles?select=article_id&original_url=eq.https%3A%2F%2Fnews.google.com%2Frss%2Farticles%2FCBMiSEFVX3lxTE1mczBWYm0wOEU3a2NSanExQ0V5ZjNDWmZhNURubTVxcmJDRUNjLXZzT1JmT2JlbVYwUjlWY0dxNXgxRW5ueHdveA%3Foc%3D5 "HTTP/2 200 OK"
2026-08-21 15:16:53,226 [INFO] HTTP Request: POST https://wafeeknfpzjzngzuphoz.supabase.co/rest/v1/articles "HTTP/2 201 Created"
2026-08-21 15:16:53,251 [INFO] HTTP Request: GET https://wafeeknfpzjzngzuphoz.supabase.co/rest/v1/articles?select=article_id&original_url=eq.https%3A%2F%2Fnews.google.com%2Frss%2Farticles%2FCBMib0FVX3lxTE1GYWxwbEp6YTFrUExYQ3J0aW1aVkdtTFptSlNqZ3dsWEdlLXI2RnJyb3UwQVhHWURDamk2UXE5N1dIMzQxZkxOT0R0V1gyUHRkYWhqdWgycHU4WHNXa2QtTUVReFpLbWZoZWlmS09nWQ%3Foc%3D5 "HTTP/2 200 OK"
2026-08-21 15:16:53,272 [INFO] HTTP Request: POST https://wafeeknfpzjzngzuphoz.supabase.co/rest/v1/articles "HTTP/2 201 Created"
2026-08-21 15:16:53,296 [INFO] HTTP Request: GET https://wafeeknfpzjzngzuphoz.supabase.co/rest/v1/articles?select=article_id&original_url=eq.https%3A%2F%2Fnews.google.com%2Frss%2Farticles%2FCBMiT0FVX3lxTFAzaWZPNVkxUlpVVTkzeEkyZURXNHppRWFtYkVEeUFCaDhTeVJFS0VubHd5Tjd6U09KRGI3ZDZYTXFNWWRQeHk5Q1F2eTlzeDQ%3Foc%3D5 "HTTP/2 200 OK"
2026-08-21 15:16:53,318 [INFO] HTTP Request: POST https://wafeeknfpzjzngzuphoz.supabase.co/rest/v1/articles "HTTP/2 201 Created"
2026-08-21 15:16:53,365 [INFO] HTTP Request: GET https://wafeeknfpzjzngzuphoz.supabase.co/rest/v1/articles?select=article_id&original_url=eq.https%3A%2F%2Fnews.google.com%2Frss%2Farticles%2FCBMiZEFVX3lxTE9Pdk1TUFhhVkFtNWhIX2VSYWpDVmZJRGhSLXN1OUdjOHV3MUZkTEwxdXltekZ3QUJPWTJVdEhpX3NhekUyUE45MEsySUQ0Y3lvZmNpeEJSdDJmMDl5UWdmTW0yUmvSAWhBVV95cUxQY0pZWjNrQkk5dmc5T21vRVFRZ05KYVlnOGRCc1I2cU1QczFoWWF0eXRBQkFLa20xRENOb1B4cnRmMmZta2lTdlljYjF3bVNzelp4enhONU52Z2twUDAxcTk2SDlTZU5ZNw%3Foc%3D5 "HTTP/2 200 OK"
2026-08-21 15:16:53,392 [INFO] HTTP Request: POST https://wafeeknfpzjzngzuphoz.supabase.co/rest/v1/articles "HTTP/2 201 Created"
2026-08-21 15:16:53,416 [INFO] HTTP Request: GET https://wafeeknfpzjzngzuphoz.supabase.co/rest/v1/articles?select=article_id&original_url=eq.https%3A%2F%2Fnews.google.com%2Frss%2Farticles%2FCBMiiAFBVV95cUxPcUNMUVl5OG0ydkJSb2c3eVJiLXNNdFYzQno4XzkyYzl2d2lvLUNnYzBzb1lqaHBxNzZtSXBuNzc0dlpfSHZuTC1TeG16RU1OQUhBUDFHaDVRQjB5bVBWazRINWdMZm1hYXpfOURrZzlQV1Ayb3ViWTRLZUl3eGdvdDY3WVVMNExo%3Foc%3D5 "HTTP/2 200 OK"
2026-08-21 15:16:53,436 [INFO] HTTP Request: POST https://wafeeknfpzjzngzuphoz.supabase.co/rest/v1/articles "HTTP/2 201 Created"
2026-08-21 15:16:53,459 [INFO] HTTP Request: GET https://wafeeknfpzjzngzuphoz.supabase.co/rest/v1/articles?select=article_id&original_url=eq.https%3A%2F%2Fnews.google.com%2Frss%2Farticles%2FCBMiWEFVX3lxTFBvd3pDNkp0cF9pMEIwd3lGQTg4VDE1VUVKREgtdEZRVUVuamgtZk5pNTlDM25oSnZCYVh1eENCQ1A0djlaYWdJU3RGWXdyakFlV2E3b1NZUEHSAV5BVV95cUxOMk1seVBkRzVWbHJUaW1IRzY4bTIyS1NEQnlMbzM2V1pPdW00N0pnazJTRW1sRF9QV3h3ZExUb0RDWU1HVGVGR2hwYW1WTzN3ZGVPX2NweG00ZDVUX3pR%3Foc%3D5 "HTTP/2 200 OK"
2026-08-21 15:16:53,493 [INFO] HTTP Request: POST https://wafeeknfpzjzngzuphoz.supabase.co/rest/v1/articles "HTTP/2 201 Created"
2026-08-21 15:16:53,517 [INFO] HTTP Request: GET https://wafeeknfpzjzngzuphoz.supabase.co/rest/v1/articles?select=article_id&original_url=eq.https%3A%2F%2Fnews.google.com%2Frss%2Farticles%2FCBMic0FVX3lxTE1WUnZtUmtkcS1Ec0ppZVV4WjBnNWswaTlPY1JsOXJaWkVaai1kdjdsSXNFY2tTM2hybFJGT3pnLUZUSEp3eHYzVGtYbkhsZEYxdTRhb2JQTXd5Z1I2YXROYlhQN3d6QWJZNHNhZjZreWp3YmM%3Foc%3D5 "HTTP/2 200 OK"
2026-08-21 15:16:53,541 [INFO] HTTP Request: POST https://wafeeknfpzjzngzuphoz.supabase.co/rest/v1/articles "HTTP/2 201 Created"
2026-08-21 15:16:53,767 [INFO] HTTP Request: GET https://wafeeknfpzjzngzuphoz.supabase.co/rest/v1/articles?select=article_id&original_url=eq.https%3A%2F%2Fnews.google.com%2Frss%2Farticles%2FCBMiT0FVX3lxTE5pT2NxbXJmajNtcGRxTHZNcjlXazcwQ29IeGNUN0F3X2dUOWV2S1dDVHMyZUtrdWNoLWhXZHJ0SlJLRUNfcUNjMXR5MUpYTzQ%3Foc%3D5 "HTTP/2 200 OK"
2026-08-21 15:16:53,792 [INFO] HTTP Request: POST https://wafeeknfpzjzngzuphoz.supabase.co/rest/v1/articles "HTTP/2 201 Created"
2026-08-21 15:16:53,816 [INFO] HTTP Request: GET https://wafeeknfpzjzngzuphoz.supabase.co/rest/v1/articles?select=article_id&original_url=eq.https%3A%2F%2Fnews.google.com%2Frss%2Farticles%2FCBMiWkFVX3lxTE95SGFjUDdLYVhPYXBjSXRhelZMMndBZXdkQTR0dTNvRG82U1hRbTVweUJveVVyYUtnR3dOREt5WDFjOVdVQnd0VWlLU0k2cTVDdUprWENTaTREUdIBX0FVX3lxTE1ITGZzcjlrQkNDWDE3RnBpdXVPV2RtVXNKT3NUUzRVcWYzSk5mRW92cWs2X09aVVNNeTZyYlhkekY2OUQ1UWwzcUJFY1hiTFgwU2hVS0xLWXZlVXFheFhJ%3Foc%3D5 "HTTP/2 200 OK"
2026-08-21 15:16:53,838 [INFO] HTTP Request: POST https://wafeeknfpzjzngzuphoz.supabase.co/rest/v1/articles "HTTP/2 201 Created"
2026-08-21 15:16:53,862 [INFO] HTTP Request: GET https://wafeeknfpzjzngzuphoz.supabase.co/rest/v1/articles?select=article_id&original_url=eq.https%3A%2F%2Fnews.google.com%2Frss%2Farticles%2FCBMiWkFVX3lxTE1sa0hTYXF5WDhTS1pzWXBMWVVsYnpCNW1MTkpKc19lcmhuelEzdTJVSDlwNkVzMTIxWUdpRlBMSC1oNGN4R2xPSlN3V0poR2RGa0pvbUZvMVdhUdIBWEFVX3lxTE1OR2llcHJQMTBTaDBNVVVkT3cwd0xfQWJ4b2VRcmtFSnNNUE1JZjMtZUhld0lqRDdOYjM2b1JSVk5UT1JwM0F1OS1OaWZIbTdKQ3Ixck10LUc%3Foc%3D5 "HTTP/2 200 OK"
2026-08-21 15:16:53,887 [INFO] HTTP Request: POST https://wafeeknfpzjzngzuphoz.supabase.co/rest/v1/articles "HTTP/2 201 Created"
2026-08-21 15:16:53,911 [INFO] HTTP Request: GET https://wafeeknfpzjzngzuphoz.supabase.co/rest/v1/articles?select=article_id&original_url=eq.https%3A%2F%2Fnews.google.com%2Frss%2Farticles%2FCBMiXEFVX3lxTE9FTkJLTmFvLVJJem5NckxBWUJfVW5BWklBd1ExZjFhbF85NzFRR21HRTBCbHI3QWs0blN0aDhiVTNMX2xmN2ZVdER5dGV3LWNPUFFxMHJMM1RjRnJa%3Foc%3D5 "HTTP/2 200 OK"
2026-08-21 15:16:53,933 [INFO] HTTP Request: POST https://wafeeknfpzjzngzuphoz.supabase.co/rest/v1/articles "HTTP/2 201 Created"
2026-08-21 15:16:53,955 [INFO] HTTP Request: GET https://wafeeknfpzjzngzuphoz.supabase.co/rest/v1/articles?select=article_id&original_url=eq.https%3A%2F%2Fnews.google.com%2Frss%2Farticles%2FCBMiYkFVX3lxTE1FdWNubjI3UUxJLVFiMm13dGVzQ3NVUEdxRnUzTkpzSTRmQ3RySWtyYU9Nb05xbFJxUmNlazQ0VHdyNXg0d0toelUyZ2I1ODFBMGR4M09WSkY3Y3B5SEtEdTNB%3Foc%3D5 "HTTP/2 200 OK"
2026-08-21 15:16:53,977 [INFO] HTTP Request: POST https://wafeeknfpzjzngzuphoz.supabase.co/rest/v1/articles "HTTP/2 201 Created"
2026-08-21 15:16:54,000 [INFO] HTTP Request: GET https://wafeeknfpzjzngzuphoz.supabase.co/rest/v1/articles?select=article_id&original_url=eq.https%3A%2F%2Fnews.google.com%2Frss%2Farticles%2FCBMihAFBVV95cUxQOHc5V0xHTzhmMnc0bzNvbHdpU0Q1RjZPVjl6Z3hRTkpYYlRqWDEyZlQ5WnhORG56Ry1zNkQySWtQclFnTmlTeDZZcnFUckhka29Ed2RFTXZaaXhQX3FOQWJaOThFQUlTNzVwMTdzUFVRcml6b1hkS2R2M09NU2tuazFBaFA%3Foc%3D5 "HTTP/2 200 OK"
2026-08-21 15:16:54,043 [INFO] HTTP Request: POST https://wafeeknfpzjzngzuphoz.supabase.co/rest/v1/articles "HTTP/2 201 Created"
2026-08-21 15:16:54,067 [INFO] HTTP Request: GET https://wafeeknfpzjzngzuphoz.supabase.co/rest/v1/articles?select=article_id&original_url=eq.https%3A%2F%2Fnews.google.com%2Frss%2Farticles%2FCBMic0FVX3lxTE1kZmtaTGNLYUhmOEdnTXBqTm13b3ZKNXk1MS0xU3ZKWl9fTm5yc3hrNDRaeUF1TkF6WFFDU3QzZG0yTkNQbzZGbDNPMG1xU1ByeFZaSHhEOG9vZ09ZSDFtVXBILTVGd2dobFZfNnZzWk1kdUHSAXdBVV95cUxQcHR3Y092blBPc202b1JaOHh5ZFl1Vkw2NnRzdmNuRXBpYUpOQkc5NkpkMUFpWl9aN2VxVlZFSmZXSzdPOFhacHJjWXV6Unp2cGRVVUNCNFdJYjZ3bDZ1OTFDUXRFWXVHa0Uwa1dUUE43RlJvQ2Ztdw%3Foc%3D5 "HTTP/2 200 OK"
2026-08-21 15:16:54,092 [INFO] HTTP Request: POST https://wafeeknfpzjzngzuphoz.supabase.co/rest/v1/articles "HTTP/2 201 Created"
2026-08-21 15:16:54,119 [INFO] HTTP Request: GET https://wafeeknfpzjzngzuphoz.supabase.co/rest/v1/articles?select=article_id&original_url=eq.https%3A%2F%2Fnews.google.com%2Frss%2Farticles%2FCBMiaEFVX3lxTE9GdVM2T3VXYmhMWGxqSlFwREc5VzExOWpSWU1rNE5KY1VLTUlGcHJJZFVtdlBCSm0tclpMMWZINTJucnJObW05UXQxbDZ3aXJRNVBLVFgtUnFiWF9WRFh2YlphbUh4VGNP0gFsQVVfeXFMUFF2cUJROC1HMnpmNGNUVkJNa3htd2NsYk5CUzRTWjBGZkVwRXpKWWlFU2F5bVN3ZFNiai1aeU5SN1ZOWmZvRmJ6UTFrUzRqU2F6R0s0TEFtWl9CVXdzT3ZXdnRqU2hObS00enhK%3Foc%3D5 "HTTP/2 200 OK"
2026-08-21 15:16:54,142 [INFO] HTTP Request: POST https://wafeeknfpzjzngzuphoz.supabase.co/rest/v1/articles "HTTP/2 201 Created"
2026-08-21 15:16:54,166 [INFO] HTTP Request: GET https://wafeeknfpzjzngzuphoz.supabase.co/rest/v1/articles?select=article_id&original_url=eq.https%3A%2F%2Fnews.google.com%2Frss%2Farticles%2FCBMic0FVX3lxTE9EdUhvQV9xVlE2WER4QWV0NWx0ajRpbVBOR1VCclR2dkZpS21EakV2a1VFUVFuSmdjN2tLS0I4eWhXV2hIMjFFZ191Z09sNmFvZTY4ZFNYNzdBcmlWWmFhWHBuYlJ3eE03M245V19KMnFFRFk%3Foc%3D5 "HTTP/2 200 OK"
2026-08-21 15:16:54,190 [INFO] HTTP Request: POST https://wafeeknfpzjzngzuphoz.supabase.co/rest/v1/articles "HTTP/2 201 Created"
2026-08-21 15:16:54,215 [INFO] HTTP Request: GET https://wafeeknfpzjzngzuphoz.supabase.co/rest/v1/articles?select=article_id&original_url=eq.https%3A%2F%2Fnews.google.com%2Frss%2Farticles%2FCBMiZEFVX3lxTE8xaEVuWHhyODVkLWNFYlpFS0dldk50NUhRVUFkZnE4ZmM2ZmF5d2VtcWxoRWhUUk1qN2ZKOXgyakhPNVc3elVwV21iWWl6VXlEaDBGUmR3dVQ3XzgwM3V1SGtSb0s%3Foc%3D5 "HTTP/2 200 OK"
2026-08-21 15:16:54,240 [INFO] HTTP Request: POST https://wafeeknfpzjzngzuphoz.supabase.co/rest/v1/articles "HTTP/2 201 Created"
2026-08-21 15:16:54,359 [INFO] HTTP Request: GET https://wafeeknfpzjzngzuphoz.supabase.co/rest/v1/articles?select=article_id&original_url=eq.https%3A%2F%2Fyozm.wishket.com%2Fmagazine%2Fdetail%2F3909 "HTTP/2 200 OK"
2026-08-21 15:16:54,383 [INFO] HTTP Request: POST https://wafeeknfpzjzngzuphoz.supabase.co/rest/v1/articles "HTTP/2 201 Created"
2026-08-21 15:16:54,406 [INFO] HTTP Request: GET https://wafeeknfpzjzngzuphoz.supabase.co/rest/v1/articles?select=article_id&original_url=eq.https%3A%2F%2Fyozm.wishket.com%2Fmagazine%2Fdetail%2F3908 "HTTP/2 200 OK"
2026-08-21 15:16:54,427 [INFO] HTTP Request: POST https://wafeeknfpzjzngzuphoz.supabase.co/rest/v1/articles "HTTP/2 201 Created"
2026-08-21 15:16:54,448 [INFO] HTTP Request: GET https://wafeeknfpzjzngzuphoz.supabase.co/rest/v1/articles?select=article_id&original_url=eq.https%3A%2F%2Fyozm.wishket.com%2Fmagazine%2Fdetail%2F3907 "HTTP/2 200 OK"
2026-08-21 15:16:54,472 [INFO] HTTP Request: POST https://wafeeknfpzjzngzuphoz.supabase.co/rest/v1/articles "HTTP/2 201 Created"
2026-08-21 15:16:54,495 [INFO] HTTP Request: GET https://wafeeknfpzjzngzuphoz.supabase.co/rest/v1/articles?select=article_id&original_url=eq.https%3A%2F%2Fyozm.wishket.com%2Fmagazine%2Fdetail%2F3906 "HTTP/2 200 OK"
2026-08-21 15:16:54,518 [INFO] HTTP Request: POST https://wafeeknfpzjzngzuphoz.supabase.co/rest/v1/articles "HTTP/2 201 Created"
2026-08-21 15:16:54,540 [INFO] HTTP Request: GET https://wafeeknfpzjzngzuphoz.supabase.co/rest/v1/articles?select=article_id&original_url=eq.https%3A%2F%2Fyozm.wishket.com%2Fmagazine%2Fdetail%2F3905 "HTTP/2 200 OK"
2026-08-21 15:16:54,562 [INFO] HTTP Request: POST https://wafeeknfpzjzngzuphoz.supabase.co/rest/v1/articles "HTTP/2 201 Created"
2026-08-21 15:16:54,585 [INFO] HTTP Request: GET https://wafeeknfpzjzngzuphoz.supabase.co/rest/v1/articles?select=article_id&original_url=eq.https%3A%2F%2Fyozm.wishket.com%2Fmagazine%2Fdetail%2F3904 "HTTP/2 200 OK"
2026-08-21 15:16:54,609 [INFO] HTTP Request: POST https://wafeeknfpzjzngzuphoz.supabase.co/rest/v1/articles "HTTP/2 201 Created"
2026-08-21 15:16:54,632 [INFO] HTTP Request: GET https://wafeeknfpzjzngzuphoz.supabase.co/rest/v1/articles?select=article_id&original_url=eq.https%3A%2F%2Fyozm.wishket.com%2Fmagazine%2Fdetail%2F3903 "HTTP/2 200 OK"
2026-08-21 15:16:54,656 [INFO] HTTP Request: POST https://wafeeknfpzjzngzuphoz.supabase.co/rest/v1/articles "HTTP/2 201 Created"
2026-08-21 15:16:54,687 [INFO] HTTP Request: GET https://wafeeknfpzjzngzuphoz.supabase.co/rest/v1/articles?select=article_id&original_url=eq.https%3A%2F%2Fyozm.wishket.com%2Fmagazine%2Fdetail%2F3902 "HTTP/2 200 OK"
2026-08-21 15:16:54,710 [INFO] HTTP Request: POST https://wafeeknfpzjzngzuphoz.supabase.co/rest/v1/articles "HTTP/2 201 Created"
2026-08-21 15:16:54,731 [INFO] HTTP Request: GET https://wafeeknfpzjzngzuphoz.supabase.co/rest/v1/articles?select=article_id&original_url=eq.https%3A%2F%2Fyozm.wishket.com%2Fmagazine%2Fdetail%2F3901 "HTTP/2 200 OK"
2026-08-21 15:16:54,754 [INFO] HTTP Request: POST https://wafeeknfpzjzngzuphoz.supabase.co/rest/v1/articles "HTTP/2 201 Created"
2026-08-21 15:16:54,779 [INFO] HTTP Request: GET https://wafeeknfpzjzngzuphoz.supabase.co/rest/v1/articles?select=article_id&original_url=eq.https%3A%2F%2Fyozm.wishket.com%2Fmagazine%2Fdetail%2F3900 "HTTP/2 200 OK"
2026-08-21 15:16:54,803 [INFO] HTTP Request: POST https://wafeeknfpzjzngzuphoz.supabase.co/rest/v1/articles "HTTP/2 201 Created"
2026-08-21 15:16:55,117 [INFO] HTTP Request: GET https://wafeeknfpzjzngzuphoz.supabase.co/rest/v1/articles?select=article_id&original_url=eq.https%3A%2F%2Ftechblog.woowahan.com%2F26876%2F "HTTP/2 200 OK"
2026-08-21 15:16:55,141 [INFO] HTTP Request: POST https://wafeeknfpzjzngzuphoz.supabase.co/rest/v1/articles "HTTP/2 201 Created"
2026-08-21 15:16:55,166 [INFO] HTTP Request: GET https://wafeeknfpzjzngzuphoz.supabase.co/rest/v1/articles?select=article_id&original_url=eq.https%3A%2F%2Ftechblog.woowahan.com%2F26777%2F "HTTP/2 200 OK"
2026-08-21 15:16:55,190 [INFO] HTTP Request: POST https://wafeeknfpzjzngzuphoz.supabase.co/rest/v1/articles "HTTP/2 201 Created"
2026-08-21 15:16:55,214 [INFO] HTTP Request: GET https://wafeeknfpzjzngzuphoz.supabase.co/rest/v1/articles?select=article_id&original_url=eq.https%3A%2F%2Ftechblog.woowahan.com%2F26729%2F "HTTP/2 200 OK"
2026-08-21 15:16:55,238 [INFO] HTTP Request: POST https://wafeeknfpzjzngzuphoz.supabase.co/rest/v1/articles "HTTP/2 201 Created"
2026-08-21 15:16:55,261 [INFO] HTTP Request: GET https://wafeeknfpzjzngzuphoz.supabase.co/rest/v1/articles?select=article_id&original_url=eq.https%3A%2F%2Ftechblog.woowahan.com%2F26507%2F "HTTP/2 200 OK"
2026-08-21 15:16:55,285 [INFO] HTTP Request: POST https://wafeeknfpzjzngzuphoz.supabase.co/rest/v1/articles "HTTP/2 201 Created"
2026-08-21 15:16:55,314 [INFO] HTTP Request: GET https://wafeeknfpzjzngzuphoz.supabase.co/rest/v1/articles?select=article_id&original_url=eq.https%3A%2F%2Ftechblog.woowahan.com%2F26624%2F "HTTP/2 200 OK"
2026-08-21 15:16:55,338 [INFO] HTTP Request: POST https://wafeeknfpzjzngzuphoz.supabase.co/rest/v1/articles "HTTP/2 201 Created"
2026-08-21 15:16:55,368 [INFO] HTTP Request: GET https://wafeeknfpzjzngzuphoz.supabase.co/rest/v1/articles?select=article_id&original_url=eq.https%3A%2F%2Ftechblog.woowahan.com%2F26492%2F "HTTP/2 200 OK"
2026-08-21 15:16:55,406 [INFO] HTTP Request: POST https://wafeeknfpzjzngzuphoz.supabase.co/rest/v1/articles "HTTP/2 201 Created"
2026-08-21 15:16:55,430 [INFO] HTTP Request: GET https://wafeeknfpzjzngzuphoz.supabase.co/rest/v1/articles?select=article_id&original_url=eq.https%3A%2F%2Ftechblog.woowahan.com%2F26459%2F "HTTP/2 200 OK"
2026-08-21 15:16:55,456 [INFO] HTTP Request: POST https://wafeeknfpzjzngzuphoz.supabase.co/rest/v1/articles "HTTP/2 201 Created"
2026-08-21 15:16:55,477 [INFO] HTTP Request: GET https://wafeeknfpzjzngzuphoz.supabase.co/rest/v1/articles?select=article_id&original_url=eq.https%3A%2F%2Ftechblog.woowahan.com%2F26379%2F "HTTP/2 200 OK"
2026-08-21 15:16:55,502 [INFO] HTTP Request: POST https://wafeeknfpzjzngzuphoz.supabase.co/rest/v1/articles "HTTP/2 201 Created"
2026-08-21 15:16:55,540 [INFO] HTTP Request: GET https://wafeeknfpzjzngzuphoz.supabase.co/rest/v1/articles?select=article_id&original_url=eq.https%3A%2F%2Ftechblog.woowahan.com%2F26388%2F "HTTP/2 200 OK"
2026-08-21 15:16:55,568 [INFO] HTTP Request: POST https://wafeeknfpzjzngzuphoz.supabase.co/rest/v1/articles "HTTP/2 201 Created"
2026-08-21 15:16:55,590 [INFO] HTTP Request: GET https://wafeeknfpzjzngzuphoz.supabase.co/rest/v1/articles?select=article_id&original_url=eq.https%3A%2F%2Ftechblog.woowahan.com%2F26319%2F "HTTP/2 200 OK"
2026-08-21 15:16:55,613 [INFO] HTTP Request: POST https://wafeeknfpzjzngzuphoz.supabase.co/rest/v1/articles "HTTP/2 201 Created"
2026-08-21 15:16:55,733 [INFO] HTTP Request: GET https://wafeeknfpzjzngzuphoz.supabase.co/rest/v1/articles?select=article_id&original_url=eq.https%3A%2F%2Ftech.kakao.com%2Fposts%2F829 "HTTP/2 200 OK"
2026-08-21 15:16:55,755 [INFO] HTTP Request: POST https://wafeeknfpzjzngzuphoz.supabase.co/rest/v1/articles "HTTP/2 201 Created"
2026-08-21 15:16:55,776 [INFO] HTTP Request: GET https://wafeeknfpzjzngzuphoz.supabase.co/rest/v1/articles?select=article_id&original_url=eq.https%3A%2F%2Ftech.kakao.com%2Fposts%2F828 "HTTP/2 200 OK"
2026-08-21 15:16:55,800 [INFO] HTTP Request: POST https://wafeeknfpzjzngzuphoz.supabase.co/rest/v1/articles "HTTP/2 201 Created"
2026-08-21 15:16:55,825 [INFO] HTTP Request: GET https://wafeeknfpzjzngzuphoz.supabase.co/rest/v1/articles?select=article_id&original_url=eq.https%3A%2F%2Ftech.kakao.com%2Fposts%2F827 "HTTP/2 200 OK"
2026-08-21 15:16:55,851 [INFO] HTTP Request: POST https://wafeeknfpzjzngzuphoz.supabase.co/rest/v1/articles "HTTP/2 201 Created"
2026-08-21 15:16:55,873 [INFO] HTTP Request: GET https://wafeeknfpzjzngzuphoz.supabase.co/rest/v1/articles?select=article_id&original_url=eq.https%3A%2F%2Ftech.kakao.com%2Fposts%2F826 "HTTP/2 200 OK"
2026-08-21 15:16:55,897 [INFO] HTTP Request: POST https://wafeeknfpzjzngzuphoz.supabase.co/rest/v1/articles "HTTP/2 201 Created"
2026-08-21 15:16:55,926 [INFO] HTTP Request: GET https://wafeeknfpzjzngzuphoz.supabase.co/rest/v1/articles?select=article_id&original_url=eq.https%3A%2F%2Ftech.kakao.com%2Fposts%2F825 "HTTP/2 200 OK"
2026-08-21 15:16:55,950 [INFO] HTTP Request: POST https://wafeeknfpzjzngzuphoz.supabase.co/rest/v1/articles "HTTP/2 201 Created"
2026-08-21 15:16:55,972 [INFO] HTTP Request: GET https://wafeeknfpzjzngzuphoz.supabase.co/rest/v1/articles?select=article_id&original_url=eq.https%3A%2F%2Ftech.kakao.com%2Fposts%2F824 "HTTP/2 200 OK"
2026-08-21 15:16:55,999 [INFO] HTTP Request: POST https://wafeeknfpzjzngzuphoz.supabase.co/rest/v1/articles "HTTP/2 201 Created"
2026-08-21 15:16:56,024 [INFO] HTTP Request: GET https://wafeeknfpzjzngzuphoz.supabase.co/rest/v1/articles?select=article_id&original_url=eq.https%3A%2F%2Ftech.kakao.com%2Fposts%2F823 "HTTP/2 200 OK"
2026-08-21 15:16:56,052 [INFO] HTTP Request: POST https://wafeeknfpzjzngzuphoz.supabase.co/rest/v1/articles "HTTP/2 201 Created"
2026-08-21 15:16:56,078 [INFO] HTTP Request: GET https://wafeeknfpzjzngzuphoz.supabase.co/rest/v1/articles?select=article_id&original_url=eq.https%3A%2F%2Ftech.kakao.com%2Fposts%2F818 "HTTP/2 200 OK"
2026-08-21 15:16:56,117 [INFO] HTTP Request: POST https://wafeeknfpzjzngzuphoz.supabase.co/rest/v1/articles "HTTP/2 201 Created"
2026-08-21 15:16:56,149 [INFO] HTTP Request: GET https://wafeeknfpzjzngzuphoz.supabase.co/rest/v1/articles?select=article_id&original_url=eq.https%3A%2F%2Ftech.kakao.com%2Fposts%2F822 "HTTP/2 200 OK"
2026-08-21 15:16:56,173 [INFO] HTTP Request: POST https://wafeeknfpzjzngzuphoz.supabase.co/rest/v1/articles "HTTP/2 201 Created"
2026-08-21 15:16:56,198 [INFO] HTTP Request: GET https://wafeeknfpzjzngzuphoz.supabase.co/rest/v1/articles?select=article_id&original_url=eq.https%3A%2F%2Ftech.kakao.com%2Fposts%2F821 "HTTP/2 200 OK"
2026-08-21 15:16:56,226 [INFO] HTTP Request: POST https://wafeeknfpzjzngzuphoz.supabase.co/rest/v1/articles "HTTP/2 201 Created"
2026-08-21 15:16:56,268 [INFO] HTTP Request: GET https://wafeeknfpzjzngzuphoz.supabase.co/rest/v1/articles?select=%2A%2Csources%28name%29&collected_at=gte.2026-08-21T00%3A00%3A00 "HTTP/2 200 OK"
2026-08-21 15:16:56,274 [INFO] 📄 HTML 파일 생성 완료: news/2026-08-21.html
2026-08-21 15:16:56,274 [INFO] ✅ 총 90개 신규 기사 DB 저장 완료
2026-08-21 15:16:56,274 [INFO] 🔗 오늘자 웹페이지 확인: http://localhost:3000/news/2026-08-21.html

2026-08-21 15:47:51,706 [INFO] ⚡ [--now] 옵션 감지: 즉시 수집 작업을 실행합니다.
2026-08-21 15:47:51,706 [INFO] 🚀 [Start] RSS 피드 수집 및 DB 저장 시작
2026-08-21 15:47:52,211 [INFO] HTTP Request: GET https://wafeeknfpzjzngzuphoz.supabase.co/rest/v1/sources?select=source_id%2Cname%2Curl&is_active=eq.True "HTTP/2 200 OK"
2026-08-21 15:47:52,282 [INFO] HTTP Request: GET https://wafeeknfpzjzngzuphoz.supabase.co/rest/v1/categories?select=category_id%2Cname&is_active=eq.True "HTTP/2 200 OK"
2026-08-21 15:47:53,021 [INFO] HTTP Request: GET https://wafeeknfpzjzngzuphoz.supabase.co/rest/v1/articles?select=article_id&original_url=eq.https%3A%2F%2Fopenai.com%2Findex%2Fintroducing-ai-futures "HTTP/2 200 OK"
2026-08-21 15:47:53,068 [INFO] HTTP Request: POST https://wafeeknfpzjzngzuphoz.supabase.co/rest/v1/articles "HTTP/2 201 Created"
2026-08-21 15:47:53,101 [INFO] HTTP Request: GET https://wafeeknfpzjzngzuphoz.supabase.co/rest/v1/articles?select=article_id&original_url=eq.https%3A%2F%2Fopenai.com%2Findex%2Fstampli "HTTP/2 200 OK"
2026-08-21 15:47:53,140 [INFO] HTTP Request: POST https://wafeeknfpzjzngzuphoz.supabase.co/rest/v1/articles "HTTP/2 201 Created"
2026-08-21 15:47:53,170 [INFO] HTTP Request: GET https://wafeeknfpzjzngzuphoz.supabase.co/rest/v1/articles?select=article_id&original_url=eq.https%3A%2F%2Fopenai.com%2Findex%2Foffering-zero-data-retention-for-frontier-models "HTTP/2 200 OK"
2026-08-21 15:47:53,200 [INFO] HTTP Request: POST https://wafeeknfpzjzngzuphoz.supabase.co/rest/v1/articles "HTTP/2 201 Created"
2026-08-21 15:47:53,220 [INFO] HTTP Request: GET https://wafeeknfpzjzngzuphoz.supabase.co/rest/v1/articles?select=article_id&original_url=eq.https%3A%2F%2Fopenai.com%2Findex%2Freplit "HTTP/2 200 OK"
2026-08-21 15:47:53,254 [INFO] HTTP Request: POST https://wafeeknfpzjzngzuphoz.supabase.co/rest/v1/articles "HTTP/2 201 Created"
2026-08-21 15:47:53,290 [INFO] HTTP Request: GET https://wafeeknfpzjzngzuphoz.supabase.co/rest/v1/articles?select=article_id&original_url=eq.https%3A%2F%2Fopenai.com%2Findex%2Fchatgpt-ads-expands-across-europe "HTTP/2 200 OK"
2026-08-21 15:47:53,311 [INFO] HTTP Request: POST https://wafeeknfpzjzngzuphoz.supabase.co/rest/v1/articles "HTTP/2 201 Created"
2026-08-21 15:47:53,334 [INFO] HTTP Request: GET https://wafeeknfpzjzngzuphoz.supabase.co/rest/v1/articles?select=article_id&original_url=eq.https%3A%2F%2Fopenai.com%2Findex%2Fstrengthening-democratic-oversight-in-national-security "HTTP/2 200 OK"
2026-08-21 15:47:53,365 [INFO] HTTP Request: POST https://wafeeknfpzjzngzuphoz.supabase.co/rest/v1/articles "HTTP/2 201 Created"
2026-08-21 15:47:53,393 [INFO] HTTP Request: GET https://wafeeknfpzjzngzuphoz.supabase.co/rest/v1/articles?select=article_id&original_url=eq.https%3A%2F%2Fopenai.com%2Findex%2Fpartnering-with-codeai "HTTP/2 200 OK"
2026-08-21 15:47:53,435 [INFO] HTTP Request: POST https://wafeeknfpzjzngzuphoz.supabase.co/rest/v1/articles "HTTP/2 201 Created"
2026-08-21 15:47:53,453 [INFO] HTTP Request: GET https://wafeeknfpzjzngzuphoz.supabase.co/rest/v1/articles?select=article_id&original_url=eq.https%3A%2F%2Fopenai.com%2Findex%2Fpacing-model-development-cyber-capabilities "HTTP/2 200 OK"
2026-08-21 15:47:53,483 [INFO] HTTP Request: POST https://wafeeknfpzjzngzuphoz.supabase.co/rest/v1/articles "HTTP/2 201 Created"
2026-08-21 15:47:53,515 [INFO] HTTP Request: GET https://wafeeknfpzjzngzuphoz.supabase.co/rest/v1/articles?select=article_id&original_url=eq.https%3A%2F%2Fopenai.com%2Findex%2Fchatgpt-for-teens "HTTP/2 200 OK"
2026-08-21 15:47:53,545 [INFO] HTTP Request: POST https://wafeeknfpzjzngzuphoz.supabase.co/rest/v1/articles "HTTP/2 201 Created"
2026-08-21 15:47:53,564 [INFO] HTTP Request: GET https://wafeeknfpzjzngzuphoz.supabase.co/rest/v1/articles?select=article_id&original_url=eq.https%3A%2F%2Fopenai.com%2Findex%2Fnvidia%2Fchatgpt-work "HTTP/2 200 OK"
2026-08-21 15:47:53,586 [INFO] HTTP Request: POST https://wafeeknfpzjzngzuphoz.supabase.co/rest/v1/articles "HTTP/2 201 Created"
2026-08-21 15:47:54,445 [INFO] HTTP Request: GET https://wafeeknfpzjzngzuphoz.supabase.co/rest/v1/articles?select=article_id&original_url=eq.https%3A%2F%2Fblog.google%2Fproducts-and-platforms%2Fproducts%2Fsearch%2Fback-to-school-study-tools%2F "HTTP/2 200 OK"
2026-08-21 15:47:54,469 [INFO] HTTP Request: POST https://wafeeknfpzjzngzuphoz.supabase.co/rest/v1/articles "HTTP/2 201 Created"
2026-08-21 15:47:54,493 [INFO] HTTP Request: GET https://wafeeknfpzjzngzuphoz.supabase.co/rest/v1/articles?select=article_id&original_url=eq.https%3A%2F%2Fblog.google%2Fproducts-and-platforms%2Fproducts%2Fgemini%2Fgoogle-gemini-pixel-football-club-partnerships%2F "HTTP/2 200 OK"
2026-08-21 15:47:54,524 [INFO] HTTP Request: POST https://wafeeknfpzjzngzuphoz.supabase.co/rest/v1/articles "HTTP/2 201 Created"
2026-08-21 15:47:54,545 [INFO] HTTP Request: GET https://wafeeknfpzjzngzuphoz.supabase.co/rest/v1/articles?select=article_id&original_url=eq.https%3A%2F%2Fblog.google%2Fproducts-and-platforms%2Fproducts%2Fworkspace%2Fsheets-canvas-for-google-sheets-spreadsheets%2F "HTTP/2 200 OK"
2026-08-21 15:47:54,566 [INFO] HTTP Request: POST https://wafeeknfpzjzngzuphoz.supabase.co/rest/v1/articles "HTTP/2 201 Created"
2026-08-21 15:47:54,587 [INFO] HTTP Request: GET https://wafeeknfpzjzngzuphoz.supabase.co/rest/v1/articles?select=article_id&original_url=eq.https%3A%2F%2Fblog.google%2Finnovation-and-ai%2Fmodels-and-research%2Fgoogle-research%2Famie-video-consultations%2F "HTTP/2 200 OK"
2026-08-21 15:47:54,609 [INFO] HTTP Request: POST https://wafeeknfpzjzngzuphoz.supabase.co/rest/v1/articles "HTTP/2 201 Created"
2026-08-21 15:47:54,628 [INFO] HTTP Request: GET https://wafeeknfpzjzngzuphoz.supabase.co/rest/v1/articles?select=article_id&original_url=eq.https%3A%2F%2Fblog.google%2Fproducts%2Fads-commerce%2Fgoogle-ads-analytics-ai-updates%2F "HTTP/2 200 OK"
2026-08-21 15:47:54,648 [INFO] HTTP Request: POST https://wafeeknfpzjzngzuphoz.supabase.co/rest/v1/articles "HTTP/2 201 Created"
2026-08-21 15:47:54,668 [INFO] HTTP Request: GET https://wafeeknfpzjzngzuphoz.supabase.co/rest/v1/articles?select=article_id&original_url=eq.https%3A%2F%2Fblog.google%2Finnovation-and-ai%2Ftechnology%2Fai%2Fgoogle-ai-updates-july-2026%2F "HTTP/2 200 OK"
2026-08-21 15:47:54,689 [INFO] HTTP Request: POST https://wafeeknfpzjzngzuphoz.supabase.co/rest/v1/articles "HTTP/2 201 Created"
2026-08-21 15:47:54,712 [INFO] HTTP Request: GET https://wafeeknfpzjzngzuphoz.supabase.co/rest/v1/articles?select=article_id&original_url=eq.https%3A%2F%2Fblog.google%2Finnovation-and-ai%2Ftechnology%2Fdevelopers-tools%2Fai-agents-intensive-recap-2026%2F "HTTP/2 200 OK"
2026-08-21 15:47:54,748 [INFO] HTTP Request: POST https://wafeeknfpzjzngzuphoz.supabase.co/rest/v1/articles "HTTP/2 201 Created"
2026-08-21 15:47:54,772 [INFO] HTTP Request: GET https://wafeeknfpzjzngzuphoz.supabase.co/rest/v1/articles?select=article_id&original_url=eq.https%3A%2F%2Fblog.google%2Finnovation-and-ai%2Ftechnology%2Fdevelopers-tools%2Fexpanding-managed-agents-gemini-api-3-6-flash-hooks%2F "HTTP/2 200 OK"
2026-08-21 15:47:54,792 [INFO] HTTP Request: POST https://wafeeknfpzjzngzuphoz.supabase.co/rest/v1/articles "HTTP/2 201 Created"
2026-08-21 15:47:54,815 [INFO] HTTP Request: GET https://wafeeknfpzjzngzuphoz.supabase.co/rest/v1/articles?select=article_id&original_url=eq.https%3A%2F%2Fblog.google%2Fproducts-and-platforms%2Fproducts%2Fsearch%2Fai-mode-real-world-tips%2F "HTTP/2 200 OK"
2026-08-21 15:47:54,836 [INFO] HTTP Request: POST https://wafeeknfpzjzngzuphoz.supabase.co/rest/v1/articles "HTTP/2 201 Created"
2026-08-21 15:47:54,855 [INFO] HTTP Request: GET https://wafeeknfpzjzngzuphoz.supabase.co/rest/v1/articles?select=article_id&original_url=eq.https%3A%2F%2Fblog.google%2Fproducts-and-platforms%2Fproducts%2Fsearch%2Fdinner-party-hosting-tips%2F "HTTP/2 200 OK"
2026-08-21 15:47:54,878 [INFO] HTTP Request: POST https://wafeeknfpzjzngzuphoz.supabase.co/rest/v1/articles "HTTP/2 201 Created"
2026-08-21 15:47:55,827 [INFO] HTTP Request: GET https://wafeeknfpzjzngzuphoz.supabase.co/rest/v1/articles?select=article_id&original_url=eq.https%3A%2F%2Fnews.hada.io%2Ftopic%3Fid%3D32720 "HTTP/2 200 OK"
2026-08-21 15:47:55,847 [INFO] HTTP Request: POST https://wafeeknfpzjzngzuphoz.supabase.co/rest/v1/articles "HTTP/2 201 Created"
2026-08-21 15:47:55,864 [INFO] HTTP Request: GET https://wafeeknfpzjzngzuphoz.supabase.co/rest/v1/articles?select=article_id&original_url=eq.https%3A%2F%2Fnews.hada.io%2Ftopic%3Fid%3D32719 "HTTP/2 200 OK"
2026-08-21 15:47:55,884 [INFO] HTTP Request: POST https://wafeeknfpzjzngzuphoz.supabase.co/rest/v1/articles "HTTP/2 201 Created"
2026-08-21 15:47:55,901 [INFO] HTTP Request: GET https://wafeeknfpzjzngzuphoz.supabase.co/rest/v1/articles?select=article_id&original_url=eq.https%3A%2F%2Fnews.hada.io%2Ftopic%3Fid%3D32717 "HTTP/2 200 OK"
2026-08-21 15:47:55,924 [INFO] HTTP Request: POST https://wafeeknfpzjzngzuphoz.supabase.co/rest/v1/articles "HTTP/2 201 Created"
2026-08-21 15:47:55,941 [INFO] HTTP Request: GET https://wafeeknfpzjzngzuphoz.supabase.co/rest/v1/articles?select=article_id&original_url=eq.https%3A%2F%2Fnews.hada.io%2Ftopic%3Fid%3D32716 "HTTP/2 200 OK"
2026-08-21 15:47:55,959 [INFO] HTTP Request: POST https://wafeeknfpzjzngzuphoz.supabase.co/rest/v1/articles "HTTP/2 201 Created"
2026-08-21 15:47:55,982 [INFO] HTTP Request: GET https://wafeeknfpzjzngzuphoz.supabase.co/rest/v1/articles?select=article_id&original_url=eq.https%3A%2F%2Fnews.hada.io%2Ftopic%3Fid%3D32715 "HTTP/2 200 OK"
2026-08-21 15:47:56,001 [INFO] HTTP Request: POST https://wafeeknfpzjzngzuphoz.supabase.co/rest/v1/articles "HTTP/2 201 Created"
2026-08-21 15:47:56,020 [INFO] HTTP Request: GET https://wafeeknfpzjzngzuphoz.supabase.co/rest/v1/articles?select=article_id&original_url=eq.https%3A%2F%2Fnews.hada.io%2Ftopic%3Fid%3D32714 "HTTP/2 200 OK"
2026-08-21 15:47:56,038 [INFO] HTTP Request: POST https://wafeeknfpzjzngzuphoz.supabase.co/rest/v1/articles "HTTP/2 201 Created"
2026-08-21 15:47:56,057 [INFO] HTTP Request: GET https://wafeeknfpzjzngzuphoz.supabase.co/rest/v1/articles?select=article_id&original_url=eq.https%3A%2F%2Fnews.hada.io%2Ftopic%3Fid%3D32713 "HTTP/2 200 OK"
2026-08-21 15:47:56,076 [INFO] HTTP Request: POST https://wafeeknfpzjzngzuphoz.supabase.co/rest/v1/articles "HTTP/2 201 Created"
2026-08-21 15:47:56,096 [INFO] HTTP Request: GET https://wafeeknfpzjzngzuphoz.supabase.co/rest/v1/articles?select=article_id&original_url=eq.https%3A%2F%2Fnews.hada.io%2Ftopic%3Fid%3D32712 "HTTP/2 200 OK"
2026-08-21 15:47:56,114 [INFO] HTTP Request: POST https://wafeeknfpzjzngzuphoz.supabase.co/rest/v1/articles "HTTP/2 201 Created"
2026-08-21 15:47:56,132 [INFO] HTTP Request: GET https://wafeeknfpzjzngzuphoz.supabase.co/rest/v1/articles?select=article_id&original_url=eq.https%3A%2F%2Fnews.hada.io%2Ftopic%3Fid%3D32711 "HTTP/2 200 OK"
2026-08-21 15:47:56,150 [INFO] HTTP Request: POST https://wafeeknfpzjzngzuphoz.supabase.co/rest/v1/articles "HTTP/2 201 Created"
2026-08-21 15:47:56,171 [INFO] HTTP Request: GET https://wafeeknfpzjzngzuphoz.supabase.co/rest/v1/articles?select=article_id&original_url=eq.https%3A%2F%2Fnews.hada.io%2Ftopic%3Fid%3D32710 "HTTP/2 200 OK"
2026-08-21 15:47:56,190 [INFO] HTTP Request: POST https://wafeeknfpzjzngzuphoz.supabase.co/rest/v1/articles "HTTP/2 201 Created"
2026-08-21 15:47:56,273 [INFO] HTTP Request: GET https://wafeeknfpzjzngzuphoz.supabase.co/rest/v1/articles?select=article_id&original_url=eq.https%3A%2F%2Fwww.aitimes.com%2Fnews%2FarticleView.html%3Fidxno%3D214216 "HTTP/2 200 OK"
2026-08-21 15:47:56,296 [INFO] HTTP Request: POST https://wafeeknfpzjzngzuphoz.supabase.co/rest/v1/articles "HTTP/2 201 Created"
2026-08-21 15:47:56,317 [INFO] HTTP Request: GET https://wafeeknfpzjzngzuphoz.supabase.co/rest/v1/articles?select=article_id&original_url=eq.https%3A%2F%2Fwww.aitimes.com%2Fnews%2FarticleView.html%3Fidxno%3D214218 "HTTP/2 200 OK"
2026-08-21 15:47:56,336 [INFO] HTTP Request: POST https://wafeeknfpzjzngzuphoz.supabase.co/rest/v1/articles "HTTP/2 201 Created"
2026-08-21 15:47:56,354 [INFO] HTTP Request: GET https://wafeeknfpzjzngzuphoz.supabase.co/rest/v1/articles?select=article_id&original_url=eq.https%3A%2F%2Fwww.aitimes.com%2Fnews%2FarticleView.html%3Fidxno%3D214211 "HTTP/2 200 OK"
2026-08-21 15:47:56,375 [INFO] HTTP Request: POST https://wafeeknfpzjzngzuphoz.supabase.co/rest/v1/articles "HTTP/2 201 Created"
2026-08-21 15:47:56,399 [INFO] HTTP Request: GET https://wafeeknfpzjzngzuphoz.supabase.co/rest/v1/articles?select=article_id&original_url=eq.https%3A%2F%2Fwww.aitimes.com%2Fnews%2FarticleView.html%3Fidxno%3D214206 "HTTP/2 200 OK"
2026-08-21 15:47:56,423 [INFO] HTTP Request: POST https://wafeeknfpzjzngzuphoz.supabase.co/rest/v1/articles "HTTP/2 201 Created"
2026-08-21 15:47:56,441 [INFO] HTTP Request: GET https://wafeeknfpzjzngzuphoz.supabase.co/rest/v1/articles?select=article_id&original_url=eq.https%3A%2F%2Fwww.aitimes.com%2Fnews%2FarticleView.html%3Fidxno%3D214215 "HTTP/2 200 OK"
2026-08-21 15:47:56,459 [INFO] HTTP Request: POST https://wafeeknfpzjzngzuphoz.supabase.co/rest/v1/articles "HTTP/2 201 Created"
2026-08-21 15:47:56,476 [INFO] HTTP Request: GET https://wafeeknfpzjzngzuphoz.supabase.co/rest/v1/articles?select=article_id&original_url=eq.https%3A%2F%2Fwww.aitimes.com%2Fnews%2FarticleView.html%3Fidxno%3D214212 "HTTP/2 200 OK"
2026-08-21 15:47:56,494 [INFO] HTTP Request: POST https://wafeeknfpzjzngzuphoz.supabase.co/rest/v1/articles "HTTP/2 201 Created"
2026-08-21 15:47:56,513 [INFO] HTTP Request: GET https://wafeeknfpzjzngzuphoz.supabase.co/rest/v1/articles?select=article_id&original_url=eq.https%3A%2F%2Fwww.aitimes.com%2Fnews%2FarticleView.html%3Fidxno%3D214209 "HTTP/2 200 OK"
2026-08-21 15:47:56,533 [INFO] HTTP Request: POST https://wafeeknfpzjzngzuphoz.supabase.co/rest/v1/articles "HTTP/2 201 Created"
2026-08-21 15:47:56,551 [INFO] HTTP Request: GET https://wafeeknfpzjzngzuphoz.supabase.co/rest/v1/articles?select=article_id&original_url=eq.https%3A%2F%2Fwww.aitimes.com%2Fnews%2FarticleView.html%3Fidxno%3D214204 "HTTP/2 200 OK"
2026-08-21 15:47:56,572 [INFO] HTTP Request: POST https://wafeeknfpzjzngzuphoz.supabase.co/rest/v1/articles "HTTP/2 201 Created"
2026-08-21 15:47:56,594 [INFO] HTTP Request: GET https://wafeeknfpzjzngzuphoz.supabase.co/rest/v1/articles?select=article_id&original_url=eq.https%3A%2F%2Fwww.aitimes.com%2Fnews%2FarticleView.html%3Fidxno%3D214203 "HTTP/2 200 OK"
2026-08-21 15:47:56,614 [INFO] HTTP Request: POST https://wafeeknfpzjzngzuphoz.supabase.co/rest/v1/articles "HTTP/2 201 Created"
2026-08-21 15:47:56,632 [INFO] HTTP Request: GET https://wafeeknfpzjzngzuphoz.supabase.co/rest/v1/articles?select=article_id&original_url=eq.https%3A%2F%2Fwww.aitimes.com%2Fnews%2FarticleView.html%3Fidxno%3D214200 "HTTP/2 200 OK"
2026-08-21 15:47:56,651 [INFO] HTTP Request: POST https://wafeeknfpzjzngzuphoz.supabase.co/rest/v1/articles "HTTP/2 201 Created"
2026-08-21 15:47:57,165 [INFO] HTTP Request: GET https://wafeeknfpzjzngzuphoz.supabase.co/rest/v1/articles?select=article_id&original_url=eq.https%3A%2F%2Fnews.google.com%2Frss%2Farticles%2FCBMiXEFVX3lxTE9DWXkyN3hhUDFHR0tCMXdpVkt3OTAyS1dBUUN6QXBKTEpMOF9SLWJSZkl3VW5FdzE2N1JiYk13NGtFQXNnbjFZZ3Vsd3BZNGJLWDJTdVladTk0bXRi%3Foc%3D5 "HTTP/2 200 OK"
2026-08-21 15:47:57,184 [INFO] HTTP Request: POST https://wafeeknfpzjzngzuphoz.supabase.co/rest/v1/articles "HTTP/2 201 Created"
2026-08-21 15:47:57,223 [INFO] HTTP Request: GET https://wafeeknfpzjzngzuphoz.supabase.co/rest/v1/articles?select=article_id&original_url=eq.https%3A%2F%2Fnews.google.com%2Frss%2Farticles%2FCBMiVkFVX3lxTFBlSVhEWDF6dU85X3puVUswSzlXLUx4OXg5b0JZMlJYeHFXcHFsM1FLNEQ4MHQxTjlfRzZMZVhiU0JVTm5nS1paWnhEVXM1RzRmV0hWeWNR%3Foc%3D5 "HTTP/2 200 OK"
2026-08-21 15:47:57,246 [INFO] HTTP Request: POST https://wafeeknfpzjzngzuphoz.supabase.co/rest/v1/articles "HTTP/2 201 Created"
2026-08-21 15:47:57,266 [INFO] HTTP Request: GET https://wafeeknfpzjzngzuphoz.supabase.co/rest/v1/articles?select=article_id&original_url=eq.https%3A%2F%2Fnews.google.com%2Frss%2Farticles%2FCBMijgFBVV95cUxPaXVvNUlaeE5USjVKOGE5WEpLRDA2Y0c4Z3hONXZLaXc3X2IySmlzMy1kSExBUzNRMlY5dmUyNWNnX295R0tucnRKUi1aUnJsMjkzUllJWGdzbHVtajMyVG5pWW81YUxVbzhRQUh1T3E4bTJaU3AtRlFzQ0RjUzFxc1BqMkZpNGRwVUhXTi1R%3Foc%3D5 "HTTP/2 200 OK"
2026-08-21 15:47:57,287 [INFO] HTTP Request: POST https://wafeeknfpzjzngzuphoz.supabase.co/rest/v1/articles "HTTP/2 201 Created"
2026-08-21 15:47:57,307 [INFO] HTTP Request: GET https://wafeeknfpzjzngzuphoz.supabase.co/rest/v1/articles?select=article_id&original_url=eq.https%3A%2F%2Fnews.google.com%2Frss%2Farticles%2FCBMiSEFVX3lxTE1mczBWYm0wOEU3a2NSanExQ0V5ZjNDWmZhNURubTVxcmJDRUNjLXZzT1JmT2JlbVYwUjlWY0dxNXgxRW5ueHdveA%3Foc%3D5 "HTTP/2 200 OK"
2026-08-21 15:47:57,326 [INFO] HTTP Request: POST https://wafeeknfpzjzngzuphoz.supabase.co/rest/v1/articles "HTTP/2 201 Created"
2026-08-21 15:47:57,345 [INFO] HTTP Request: GET https://wafeeknfpzjzngzuphoz.supabase.co/rest/v1/articles?select=article_id&original_url=eq.https%3A%2F%2Fnews.google.com%2Frss%2Farticles%2FCBMib0FVX3lxTE1GYWxwbEp6YTFrUExYQ3J0aW1aVkdtTFptSlNqZ3dsWEdlLXI2RnJyb3UwQVhHWURDamk2UXE5N1dIMzQxZkxOT0R0V1gyUHRkYWhqdWgycHU4WHNXa2QtTUVReFpLbWZoZWlmS09nWQ%3Foc%3D5 "HTTP/2 200 OK"
2026-08-21 15:47:57,366 [INFO] HTTP Request: POST https://wafeeknfpzjzngzuphoz.supabase.co/rest/v1/articles "HTTP/2 201 Created"
2026-08-21 15:47:57,385 [INFO] HTTP Request: GET https://wafeeknfpzjzngzuphoz.supabase.co/rest/v1/articles?select=article_id&original_url=eq.https%3A%2F%2Fnews.google.com%2Frss%2Farticles%2FCBMiT0FVX3lxTFAzaWZPNVkxUlpVVTkzeEkyZURXNHppRWFtYkVEeUFCaDhTeVJFS0VubHd5Tjd6U09KRGI3ZDZYTXFNWWRQeHk5Q1F2eTlzeDQ%3Foc%3D5 "HTTP/2 200 OK"
2026-08-21 15:47:57,404 [INFO] HTTP Request: POST https://wafeeknfpzjzngzuphoz.supabase.co/rest/v1/articles "HTTP/2 201 Created"
2026-08-21 15:47:57,422 [INFO] HTTP Request: GET https://wafeeknfpzjzngzuphoz.supabase.co/rest/v1/articles?select=article_id&original_url=eq.https%3A%2F%2Fnews.google.com%2Frss%2Farticles%2FCBMiZEFVX3lxTE9Pdk1TUFhhVkFtNWhIX2VSYWpDVmZJRGhSLXN1OUdjOHV3MUZkTEwxdXltekZ3QUJPWTJVdEhpX3NhekUyUE45MEsySUQ0Y3lvZmNpeEJSdDJmMDl5UWdmTW0yUmvSAWhBVV95cUxQY0pZWjNrQkk5dmc5T21vRVFRZ05KYVlnOGRCc1I2cU1QczFoWWF0eXRBQkFLa20xRENOb1B4cnRmMmZta2lTdlljYjF3bVNzelp4enhONU52Z2twUDAxcTk2SDlTZU5ZNw%3Foc%3D5 "HTTP/2 200 OK"
2026-08-21 15:47:57,447 [INFO] HTTP Request: POST https://wafeeknfpzjzngzuphoz.supabase.co/rest/v1/articles "HTTP/2 201 Created"
2026-08-21 15:47:57,467 [INFO] HTTP Request: GET https://wafeeknfpzjzngzuphoz.supabase.co/rest/v1/articles?select=article_id&original_url=eq.https%3A%2F%2Fnews.google.com%2Frss%2Farticles%2FCBMiiAFBVV95cUxPcUNMUVl5OG0ydkJSb2c3eVJiLXNNdFYzQno4XzkyYzl2d2lvLUNnYzBzb1lqaHBxNzZtSXBuNzc0dlpfSHZuTC1TeG16RU1OQUhBUDFHaDVRQjB5bVBWazRINWdMZm1hYXpfOURrZzlQV1Ayb3ViWTRLZUl3eGdvdDY3WVVMNExo%3Foc%3D5 "HTTP/2 200 OK"
2026-08-21 15:47:57,486 [INFO] HTTP Request: POST https://wafeeknfpzjzngzuphoz.supabase.co/rest/v1/articles "HTTP/2 201 Created"
2026-08-21 15:47:57,506 [INFO] HTTP Request: GET https://wafeeknfpzjzngzuphoz.supabase.co/rest/v1/articles?select=article_id&original_url=eq.https%3A%2F%2Fnews.google.com%2Frss%2Farticles%2FCBMiWEFVX3lxTFBvd3pDNkp0cF9pMEIwd3lGQTg4VDE1VUVKREgtdEZRVUVuamgtZk5pNTlDM25oSnZCYVh1eENCQ1A0djlaYWdJU3RGWXdyakFlV2E3b1NZUEHSAV5BVV95cUxOMk1seVBkRzVWbHJUaW1IRzY4bTIyS1NEQnlMbzM2V1pPdW00N0pnazJTRW1sRF9QV3h3ZExUb0RDWU1HVGVGR2hwYW1WTzN3ZGVPX2NweG00ZDVUX3pR%3Foc%3D5 "HTTP/2 200 OK"
2026-08-21 15:47:57,527 [INFO] HTTP Request: POST https://wafeeknfpzjzngzuphoz.supabase.co/rest/v1/articles "HTTP/2 201 Created"
2026-08-21 15:47:57,545 [INFO] HTTP Request: GET https://wafeeknfpzjzngzuphoz.supabase.co/rest/v1/articles?select=article_id&original_url=eq.https%3A%2F%2Fnews.google.com%2Frss%2Farticles%2FCBMic0FVX3lxTE1WUnZtUmtkcS1Ec0ppZVV4WjBnNWswaTlPY1JsOXJaWkVaai1kdjdsSXNFY2tTM2hybFJGT3pnLUZUSEp3eHYzVGtYbkhsZEYxdTRhb2JQTXd5Z1I2YXROYlhQN3d6QWJZNHNhZjZreWp3YmM%3Foc%3D5 "HTTP/2 200 OK"
2026-08-21 15:47:57,564 [INFO] HTTP Request: POST https://wafeeknfpzjzngzuphoz.supabase.co/rest/v1/articles "HTTP/2 201 Created"
2026-08-21 15:47:58,165 [INFO] HTTP Request: GET https://wafeeknfpzjzngzuphoz.supabase.co/rest/v1/articles?select=article_id&original_url=eq.https%3A%2F%2Fnews.google.com%2Frss%2Farticles%2FCBMiT0FVX3lxTE5pT2NxbXJmajNtcGRxTHZNcjlXazcwQ29IeGNUN0F3X2dUOWV2S1dDVHMyZUtrdWNoLWhXZHJ0SlJLRUNfcUNjMXR5MUpYTzQ%3Foc%3D5 "HTTP/2 200 OK"
2026-08-21 15:47:58,185 [INFO] HTTP Request: POST https://wafeeknfpzjzngzuphoz.supabase.co/rest/v1/articles "HTTP/2 201 Created"
2026-08-21 15:47:58,204 [INFO] HTTP Request: GET https://wafeeknfpzjzngzuphoz.supabase.co/rest/v1/articles?select=article_id&original_url=eq.https%3A%2F%2Fnews.google.com%2Frss%2Farticles%2FCBMiWkFVX3lxTE95SGFjUDdLYVhPYXBjSXRhelZMMndBZXdkQTR0dTNvRG82U1hRbTVweUJveVVyYUtnR3dOREt5WDFjOVdVQnd0VWlLU0k2cTVDdUprWENTaTREUdIBX0FVX3lxTE1ITGZzcjlrQkNDWDE3RnBpdXVPV2RtVXNKT3NUUzRVcWYzSk5mRW92cWs2X09aVVNNeTZyYlhkekY2OUQ1UWwzcUJFY1hiTFgwU2hVS0xLWXZlVXFheFhJ%3Foc%3D5 "HTTP/2 200 OK"
2026-08-21 15:47:58,232 [INFO] HTTP Request: POST https://wafeeknfpzjzngzuphoz.supabase.co/rest/v1/articles "HTTP/2 201 Created"
2026-08-21 15:47:58,272 [INFO] HTTP Request: GET https://wafeeknfpzjzngzuphoz.supabase.co/rest/v1/articles?select=article_id&original_url=eq.https%3A%2F%2Fnews.google.com%2Frss%2Farticles%2FCBMiWkFVX3lxTE1sa0hTYXF5WDhTS1pzWXBMWVVsYnpCNW1MTkpKc19lcmhuelEzdTJVSDlwNkVzMTIxWUdpRlBMSC1oNGN4R2xPSlN3V0poR2RGa0pvbUZvMVdhUdIBWEFVX3lxTE1OR2llcHJQMTBTaDBNVVVkT3cwd0xfQWJ4b2VRcmtFSnNNUE1JZjMtZUhld0lqRDdOYjM2b1JSVk5UT1JwM0F1OS1OaWZIbTdKQ3Ixck10LUc%3Foc%3D5 "HTTP/2 200 OK"
2026-08-21 15:47:58,299 [INFO] HTTP Request: POST https://wafeeknfpzjzngzuphoz.supabase.co/rest/v1/articles "HTTP/2 201 Created"
2026-08-21 15:47:58,319 [INFO] HTTP Request: GET https://wafeeknfpzjzngzuphoz.supabase.co/rest/v1/articles?select=article_id&original_url=eq.https%3A%2F%2Fnews.google.com%2Frss%2Farticles%2FCBMiXEFVX3lxTE9FTkJLTmFvLVJJem5NckxBWUJfVW5BWklBd1ExZjFhbF85NzFRR21HRTBCbHI3QWs0blN0aDhiVTNMX2xmN2ZVdER5dGV3LWNPUFFxMHJMM1RjRnJa%3Foc%3D5 "HTTP/2 200 OK"
2026-08-21 15:47:58,361 [INFO] HTTP Request: POST https://wafeeknfpzjzngzuphoz.supabase.co/rest/v1/articles "HTTP/2 201 Created"
2026-08-21 15:47:58,382 [INFO] HTTP Request: GET https://wafeeknfpzjzngzuphoz.supabase.co/rest/v1/articles?select=article_id&original_url=eq.https%3A%2F%2Fnews.google.com%2Frss%2Farticles%2FCBMiYkFVX3lxTE1FdWNubjI3UUxJLVFiMm13dGVzQ3NVUEdxRnUzTkpzSTRmQ3RySWtyYU9Nb05xbFJxUmNlazQ0VHdyNXg0d0toelUyZ2I1ODFBMGR4M09WSkY3Y3B5SEtEdTNB%3Foc%3D5 "HTTP/2 200 OK"
2026-08-21 15:47:58,400 [INFO] HTTP Request: POST https://wafeeknfpzjzngzuphoz.supabase.co/rest/v1/articles "HTTP/2 201 Created"
2026-08-21 15:47:58,425 [INFO] HTTP Request: GET https://wafeeknfpzjzngzuphoz.supabase.co/rest/v1/articles?select=article_id&original_url=eq.https%3A%2F%2Fnews.google.com%2Frss%2Farticles%2FCBMihAFBVV95cUxQOHc5V0xHTzhmMnc0bzNvbHdpU0Q1RjZPVjl6Z3hRTkpYYlRqWDEyZlQ5WnhORG56Ry1zNkQySWtQclFnTmlTeDZZcnFUckhka29Ed2RFTXZaaXhQX3FOQWJaOThFQUlTNzVwMTdzUFVRcml6b1hkS2R2M09NU2tuazFBaFA%3Foc%3D5 "HTTP/2 200 OK"
2026-08-21 15:47:58,447 [INFO] HTTP Request: POST https://wafeeknfpzjzngzuphoz.supabase.co/rest/v1/articles "HTTP/2 201 Created"
2026-08-21 15:47:58,466 [INFO] HTTP Request: GET https://wafeeknfpzjzngzuphoz.supabase.co/rest/v1/articles?select=article_id&original_url=eq.https%3A%2F%2Fnews.google.com%2Frss%2Farticles%2FCBMiVkFVX3lxTE1QNVk5ZkUyd3ZRRzBMU0VVZlVBRDZFYVltVFZLc0t6VzVlbFlsVGNnVFh1UWdTazFGd3VvMWdYWGlrUWNwSGFnODFQa2l2NlNLN2dEZHp3%3Foc%3D5 "HTTP/2 200 OK"
2026-08-21 15:47:58,487 [INFO] HTTP Request: POST https://wafeeknfpzjzngzuphoz.supabase.co/rest/v1/articles "HTTP/2 201 Created"
2026-08-21 15:47:58,508 [INFO] HTTP Request: GET https://wafeeknfpzjzngzuphoz.supabase.co/rest/v1/articles?select=article_id&original_url=eq.https%3A%2F%2Fnews.google.com%2Frss%2Farticles%2FCBMic0FVX3lxTE1kZmtaTGNLYUhmOEdnTXBqTm13b3ZKNXk1MS0xU3ZKWl9fTm5yc3hrNDRaeUF1TkF6WFFDU3QzZG0yTkNQbzZGbDNPMG1xU1ByeFZaSHhEOG9vZ09ZSDFtVXBILTVGd2dobFZfNnZzWk1kdUHSAXdBVV95cUxQcHR3Y092blBPc202b1JaOHh5ZFl1Vkw2NnRzdmNuRXBpYUpOQkc5NkpkMUFpWl9aN2VxVlZFSmZXSzdPOFhacHJjWXV6Unp2cGRVVUNCNFdJYjZ3bDZ1OTFDUXRFWXVHa0Uwa1dUUE43RlJvQ2Ztdw%3Foc%3D5 "HTTP/2 200 OK"
2026-08-21 15:47:58,529 [INFO] HTTP Request: POST https://wafeeknfpzjzngzuphoz.supabase.co/rest/v1/articles "HTTP/2 201 Created"
2026-08-21 15:47:58,549 [INFO] HTTP Request: GET https://wafeeknfpzjzngzuphoz.supabase.co/rest/v1/articles?select=article_id&original_url=eq.https%3A%2F%2Fnews.google.com%2Frss%2Farticles%2FCBMiaEFVX3lxTE9GdVM2T3VXYmhMWGxqSlFwREc5VzExOWpSWU1rNE5KY1VLTUlGcHJJZFVtdlBCSm0tclpMMWZINTJucnJObW05UXQxbDZ3aXJRNVBLVFgtUnFiWF9WRFh2YlphbUh4VGNP0gFsQVVfeXFMUFF2cUJROC1HMnpmNGNUVkJNa3htd2NsYk5CUzRTWjBGZkVwRXpKWWlFU2F5bVN3ZFNiai1aeU5SN1ZOWmZvRmJ6UTFrUzRqU2F6R0s0TEFtWl9CVXdzT3ZXdnRqU2hObS00enhK%3Foc%3D5 "HTTP/2 200 OK"
2026-08-21 15:47:58,581 [INFO] HTTP Request: POST https://wafeeknfpzjzngzuphoz.supabase.co/rest/v1/articles "HTTP/2 201 Created"
2026-08-21 15:47:58,602 [INFO] HTTP Request: GET https://wafeeknfpzjzngzuphoz.supabase.co/rest/v1/articles?select=article_id&original_url=eq.https%3A%2F%2Fnews.google.com%2Frss%2Farticles%2FCBMic0FVX3lxTE9EdUhvQV9xVlE2WER4QWV0NWx0ajRpbVBOR1VCclR2dkZpS21EakV2a1VFUVFuSmdjN2tLS0I4eWhXV2hIMjFFZ191Z09sNmFvZTY4ZFNYNzdBcmlWWmFhWHBuYlJ3eE03M245V19KMnFFRFk%3Foc%3D5 "HTTP/2 200 OK"
2026-08-21 15:47:58,621 [INFO] HTTP Request: POST https://wafeeknfpzjzngzuphoz.supabase.co/rest/v1/articles "HTTP/2 201 Created"
2026-08-21 15:47:58,752 [INFO] HTTP Request: GET https://wafeeknfpzjzngzuphoz.supabase.co/rest/v1/articles?select=article_id&original_url=eq.https%3A%2F%2Fyozm.wishket.com%2Fmagazine%2Fdetail%2F3908 "HTTP/2 200 OK"
2026-08-21 15:47:58,772 [INFO] HTTP Request: POST https://wafeeknfpzjzngzuphoz.supabase.co/rest/v1/articles "HTTP/2 201 Created"
2026-08-21 15:47:58,790 [INFO] HTTP Request: GET https://wafeeknfpzjzngzuphoz.supabase.co/rest/v1/articles?select=article_id&original_url=eq.https%3A%2F%2Fyozm.wishket.com%2Fmagazine%2Fdetail%2F3907 "HTTP/2 200 OK"
2026-08-21 15:47:58,810 [INFO] HTTP Request: POST https://wafeeknfpzjzngzuphoz.supabase.co/rest/v1/articles "HTTP/2 201 Created"
2026-08-21 15:47:58,829 [INFO] HTTP Request: GET https://wafeeknfpzjzngzuphoz.supabase.co/rest/v1/articles?select=article_id&original_url=eq.https%3A%2F%2Fyozm.wishket.com%2Fmagazine%2Fdetail%2F3906 "HTTP/2 200 OK"
2026-08-21 15:47:58,848 [INFO] HTTP Request: POST https://wafeeknfpzjzngzuphoz.supabase.co/rest/v1/articles "HTTP/2 201 Created"
2026-08-21 15:47:58,867 [INFO] HTTP Request: GET https://wafeeknfpzjzngzuphoz.supabase.co/rest/v1/articles?select=article_id&original_url=eq.https%3A%2F%2Fyozm.wishket.com%2Fmagazine%2Fdetail%2F3905 "HTTP/2 200 OK"
2026-08-21 15:47:58,886 [INFO] HTTP Request: POST https://wafeeknfpzjzngzuphoz.supabase.co/rest/v1/articles "HTTP/2 201 Created"
2026-08-21 15:47:58,905 [INFO] HTTP Request: GET https://wafeeknfpzjzngzuphoz.supabase.co/rest/v1/articles?select=article_id&original_url=eq.https%3A%2F%2Fyozm.wishket.com%2Fmagazine%2Fdetail%2F3904 "HTTP/2 200 OK"
2026-08-21 15:47:58,923 [INFO] HTTP Request: POST https://wafeeknfpzjzngzuphoz.supabase.co/rest/v1/articles "HTTP/2 201 Created"
2026-08-21 15:47:58,943 [INFO] HTTP Request: GET https://wafeeknfpzjzngzuphoz.supabase.co/rest/v1/articles?select=article_id&original_url=eq.https%3A%2F%2Fyozm.wishket.com%2Fmagazine%2Fdetail%2F3903 "HTTP/2 200 OK"
2026-08-21 15:47:58,963 [INFO] HTTP Request: POST https://wafeeknfpzjzngzuphoz.supabase.co/rest/v1/articles "HTTP/2 201 Created"
2026-08-21 15:47:58,981 [INFO] HTTP Request: GET https://wafeeknfpzjzngzuphoz.supabase.co/rest/v1/articles?select=article_id&original_url=eq.https%3A%2F%2Fyozm.wishket.com%2Fmagazine%2Fdetail%2F3902 "HTTP/2 200 OK"
2026-08-21 15:47:59,003 [INFO] HTTP Request: POST https://wafeeknfpzjzngzuphoz.supabase.co/rest/v1/articles "HTTP/2 201 Created"
2026-08-21 15:47:59,020 [INFO] HTTP Request: GET https://wafeeknfpzjzngzuphoz.supabase.co/rest/v1/articles?select=article_id&original_url=eq.https%3A%2F%2Fyozm.wishket.com%2Fmagazine%2Fdetail%2F3901 "HTTP/2 200 OK"
2026-08-21 15:47:59,039 [INFO] HTTP Request: POST https://wafeeknfpzjzngzuphoz.supabase.co/rest/v1/articles "HTTP/2 201 Created"
2026-08-21 15:47:59,057 [INFO] HTTP Request: GET https://wafeeknfpzjzngzuphoz.supabase.co/rest/v1/articles?select=article_id&original_url=eq.https%3A%2F%2Fyozm.wishket.com%2Fmagazine%2Fdetail%2F3900 "HTTP/2 200 OK"
2026-08-21 15:47:59,077 [INFO] HTTP Request: POST https://wafeeknfpzjzngzuphoz.supabase.co/rest/v1/articles "HTTP/2 201 Created"
2026-08-21 15:47:59,096 [INFO] HTTP Request: GET https://wafeeknfpzjzngzuphoz.supabase.co/rest/v1/articles?select=article_id&original_url=eq.https%3A%2F%2Fyozm.wishket.com%2Fmagazine%2Fdetail%2F3899 "HTTP/2 200 OK"
2026-08-21 15:47:59,119 [INFO] HTTP Request: POST https://wafeeknfpzjzngzuphoz.supabase.co/rest/v1/articles "HTTP/2 201 Created"
2026-08-21 15:47:59,482 [INFO] HTTP Request: GET https://wafeeknfpzjzngzuphoz.supabase.co/rest/v1/articles?select=article_id&original_url=eq.https%3A%2F%2Ftechblog.woowahan.com%2F26876%2F "HTTP/2 200 OK"
2026-08-21 15:47:59,502 [INFO] HTTP Request: POST https://wafeeknfpzjzngzuphoz.supabase.co/rest/v1/articles "HTTP/2 201 Created"
2026-08-21 15:47:59,533 [INFO] HTTP Request: GET https://wafeeknfpzjzngzuphoz.supabase.co/rest/v1/articles?select=article_id&original_url=eq.https%3A%2F%2Ftechblog.woowahan.com%2F26777%2F "HTTP/2 200 OK"
2026-08-21 15:47:59,552 [INFO] HTTP Request: POST https://wafeeknfpzjzngzuphoz.supabase.co/rest/v1/articles "HTTP/2 201 Created"
2026-08-21 15:47:59,571 [INFO] HTTP Request: GET https://wafeeknfpzjzngzuphoz.supabase.co/rest/v1/articles?select=article_id&original_url=eq.https%3A%2F%2Ftechblog.woowahan.com%2F26729%2F "HTTP/2 200 OK"
2026-08-21 15:47:59,591 [INFO] HTTP Request: POST https://wafeeknfpzjzngzuphoz.supabase.co/rest/v1/articles "HTTP/2 201 Created"
2026-08-21 15:47:59,610 [INFO] HTTP Request: GET https://wafeeknfpzjzngzuphoz.supabase.co/rest/v1/articles?select=article_id&original_url=eq.https%3A%2F%2Ftechblog.woowahan.com%2F26507%2F "HTTP/2 200 OK"
2026-08-21 15:47:59,630 [INFO] HTTP Request: POST https://wafeeknfpzjzngzuphoz.supabase.co/rest/v1/articles "HTTP/2 201 Created"
2026-08-21 15:47:59,650 [INFO] HTTP Request: GET https://wafeeknfpzjzngzuphoz.supabase.co/rest/v1/articles?select=article_id&original_url=eq.https%3A%2F%2Ftechblog.woowahan.com%2F26624%2F "HTTP/2 200 OK"
2026-08-21 15:47:59,669 [INFO] HTTP Request: POST https://wafeeknfpzjzngzuphoz.supabase.co/rest/v1/articles "HTTP/2 201 Created"
2026-08-21 15:47:59,687 [INFO] HTTP Request: GET https://wafeeknfpzjzngzuphoz.supabase.co/rest/v1/articles?select=article_id&original_url=eq.https%3A%2F%2Ftechblog.woowahan.com%2F26492%2F "HTTP/2 200 OK"
2026-08-21 15:47:59,709 [INFO] HTTP Request: POST https://wafeeknfpzjzngzuphoz.supabase.co/rest/v1/articles "HTTP/2 201 Created"
2026-08-21 15:47:59,728 [INFO] HTTP Request: GET https://wafeeknfpzjzngzuphoz.supabase.co/rest/v1/articles?select=article_id&original_url=eq.https%3A%2F%2Ftechblog.woowahan.com%2F26459%2F "HTTP/2 200 OK"
2026-08-21 15:47:59,750 [INFO] HTTP Request: POST https://wafeeknfpzjzngzuphoz.supabase.co/rest/v1/articles "HTTP/2 201 Created"
2026-08-21 15:47:59,766 [INFO] HTTP Request: GET https://wafeeknfpzjzngzuphoz.supabase.co/rest/v1/articles?select=article_id&original_url=eq.https%3A%2F%2Ftechblog.woowahan.com%2F26379%2F "HTTP/2 200 OK"
2026-08-21 15:47:59,786 [INFO] HTTP Request: POST https://wafeeknfpzjzngzuphoz.supabase.co/rest/v1/articles "HTTP/2 201 Created"
2026-08-21 15:47:59,806 [INFO] HTTP Request: GET https://wafeeknfpzjzngzuphoz.supabase.co/rest/v1/articles?select=article_id&original_url=eq.https%3A%2F%2Ftechblog.woowahan.com%2F26388%2F "HTTP/2 200 OK"
2026-08-21 15:47:59,825 [INFO] HTTP Request: POST https://wafeeknfpzjzngzuphoz.supabase.co/rest/v1/articles "HTTP/2 201 Created"
2026-08-21 15:47:59,843 [INFO] HTTP Request: GET https://wafeeknfpzjzngzuphoz.supabase.co/rest/v1/articles?select=article_id&original_url=eq.https%3A%2F%2Ftechblog.woowahan.com%2F26319%2F "HTTP/2 200 OK"
2026-08-21 15:47:59,862 [INFO] HTTP Request: POST https://wafeeknfpzjzngzuphoz.supabase.co/rest/v1/articles "HTTP/2 201 Created"
2026-08-21 15:47:59,957 [INFO] HTTP Request: GET https://wafeeknfpzjzngzuphoz.supabase.co/rest/v1/articles?select=article_id&original_url=eq.https%3A%2F%2Ftech.kakao.com%2Fposts%2F829 "HTTP/2 200 OK"
2026-08-21 15:47:59,977 [INFO] HTTP Request: POST https://wafeeknfpzjzngzuphoz.supabase.co/rest/v1/articles "HTTP/2 201 Created"
2026-08-21 15:47:59,997 [INFO] HTTP Request: GET https://wafeeknfpzjzngzuphoz.supabase.co/rest/v1/articles?select=article_id&original_url=eq.https%3A%2F%2Ftech.kakao.com%2Fposts%2F828 "HTTP/2 200 OK"
2026-08-21 15:48:00,017 [INFO] HTTP Request: POST https://wafeeknfpzjzngzuphoz.supabase.co/rest/v1/articles "HTTP/2 201 Created"
2026-08-21 15:48:00,036 [INFO] HTTP Request: GET https://wafeeknfpzjzngzuphoz.supabase.co/rest/v1/articles?select=article_id&original_url=eq.https%3A%2F%2Ftech.kakao.com%2Fposts%2F827 "HTTP/2 200 OK"
2026-08-21 15:48:00,058 [INFO] HTTP Request: POST https://wafeeknfpzjzngzuphoz.supabase.co/rest/v1/articles "HTTP/2 201 Created"
2026-08-21 15:48:00,076 [INFO] HTTP Request: GET https://wafeeknfpzjzngzuphoz.supabase.co/rest/v1/articles?select=article_id&original_url=eq.https%3A%2F%2Ftech.kakao.com%2Fposts%2F826 "HTTP/2 200 OK"
2026-08-21 15:48:00,096 [INFO] HTTP Request: POST https://wafeeknfpzjzngzuphoz.supabase.co/rest/v1/articles "HTTP/2 201 Created"
2026-08-21 15:48:00,114 [INFO] HTTP Request: GET https://wafeeknfpzjzngzuphoz.supabase.co/rest/v1/articles?select=article_id&original_url=eq.https%3A%2F%2Ftech.kakao.com%2Fposts%2F825 "HTTP/2 200 OK"
2026-08-21 15:48:00,133 [INFO] HTTP Request: POST https://wafeeknfpzjzngzuphoz.supabase.co/rest/v1/articles "HTTP/2 201 Created"
2026-08-21 15:48:00,152 [INFO] HTTP Request: GET https://wafeeknfpzjzngzuphoz.supabase.co/rest/v1/articles?select=article_id&original_url=eq.https%3A%2F%2Ftech.kakao.com%2Fposts%2F824 "HTTP/2 200 OK"
2026-08-21 15:48:00,172 [INFO] HTTP Request: POST https://wafeeknfpzjzngzuphoz.supabase.co/rest/v1/articles "HTTP/2 201 Created"
2026-08-21 15:48:00,190 [INFO] HTTP Request: GET https://wafeeknfpzjzngzuphoz.supabase.co/rest/v1/articles?select=article_id&original_url=eq.https%3A%2F%2Ftech.kakao.com%2Fposts%2F823 "HTTP/2 200 OK"
2026-08-21 15:48:00,211 [INFO] HTTP Request: POST https://wafeeknfpzjzngzuphoz.supabase.co/rest/v1/articles "HTTP/2 201 Created"
2026-08-21 15:48:00,228 [INFO] HTTP Request: GET https://wafeeknfpzjzngzuphoz.supabase.co/rest/v1/articles?select=article_id&original_url=eq.https%3A%2F%2Ftech.kakao.com%2Fposts%2F818 "HTTP/2 200 OK"
2026-08-21 15:48:00,248 [INFO] HTTP Request: POST https://wafeeknfpzjzngzuphoz.supabase.co/rest/v1/articles "HTTP/2 201 Created"
2026-08-21 15:48:00,272 [INFO] HTTP Request: GET https://wafeeknfpzjzngzuphoz.supabase.co/rest/v1/articles?select=article_id&original_url=eq.https%3A%2F%2Ftech.kakao.com%2Fposts%2F822 "HTTP/2 200 OK"
2026-08-21 15:48:00,293 [INFO] HTTP Request: POST https://wafeeknfpzjzngzuphoz.supabase.co/rest/v1/articles "HTTP/2 201 Created"
2026-08-21 15:48:00,313 [INFO] HTTP Request: GET https://wafeeknfpzjzngzuphoz.supabase.co/rest/v1/articles?select=article_id&original_url=eq.https%3A%2F%2Ftech.kakao.com%2Fposts%2F821 "HTTP/2 200 OK"
2026-08-21 15:48:00,334 [INFO] HTTP Request: POST https://wafeeknfpzjzngzuphoz.supabase.co/rest/v1/articles "HTTP/2 201 Created"
2026-08-21 15:48:00,368 [INFO] HTTP Request: GET https://wafeeknfpzjzngzuphoz.supabase.co/rest/v1/articles?select=%2A%2Csources%28name%29%2Ccategories%28name%29&collected_at=gte.2026-08-21T00%3A00%3A00 "HTTP/2 200 OK"
2026-08-21 15:48:00,376 [INFO] 📄 HTML 파일 생성 완료: news/2026-08-21.html
2026-08-21 15:48:00,377 [INFO] ✅ 총 90개 신규 기사 DB 저장 완료
2026-08-21 15:48:00,377 [INFO] 🔗 오늘자 웹페이지 확인: http://localhost:3000/news/2026-08-21.html

2026-08-21 15:56:47,088 [INFO] ⚡ [--now] 옵션 감지: 즉시 수집 작업을 실행합니다.
2026-08-21 15:56:47,088 [INFO] 🚀 [Start] RSS 피드 수집 및 DB 저장 시작
2026-08-21 15:56:47,569 [INFO] HTTP Request: GET https://wafeeknfpzjzngzuphoz.supabase.co/rest/v1/sources?select=source_id%2Cname%2Curl&is_active=eq.True "HTTP/2 200 OK"
2026-08-21 15:56:47,618 [INFO] HTTP Request: GET https://wafeeknfpzjzngzuphoz.supabase.co/rest/v1/categories?select=category_id%2Cname&is_active=eq.True "HTTP/2 200 OK"
2026-08-21 15:56:48,486 [INFO] HTTP Request: GET https://wafeeknfpzjzngzuphoz.supabase.co/rest/v1/articles?select=article_id&original_url=eq.https%3A%2F%2Fopenai.com%2Findex%2Fintroducing-ai-futures "HTTP/2 200 OK"
2026-08-21 15:56:48,518 [INFO] HTTP Request: POST https://wafeeknfpzjzngzuphoz.supabase.co/rest/v1/articles "HTTP/2 201 Created"
2026-08-21 15:56:48,542 [INFO] HTTP Request: GET https://wafeeknfpzjzngzuphoz.supabase.co/rest/v1/articles?select=article_id&original_url=eq.https%3A%2F%2Fopenai.com%2Findex%2Fstampli "HTTP/2 200 OK"
2026-08-21 15:56:48,567 [INFO] HTTP Request: POST https://wafeeknfpzjzngzuphoz.supabase.co/rest/v1/articles "HTTP/2 201 Created"
2026-08-21 15:56:48,593 [INFO] HTTP Request: GET https://wafeeknfpzjzngzuphoz.supabase.co/rest/v1/articles?select=article_id&original_url=eq.https%3A%2F%2Fopenai.com%2Findex%2Foffering-zero-data-retention-for-frontier-models "HTTP/2 200 OK"
2026-08-21 15:56:48,619 [INFO] HTTP Request: POST https://wafeeknfpzjzngzuphoz.supabase.co/rest/v1/articles "HTTP/2 201 Created"
2026-08-21 15:56:48,644 [INFO] HTTP Request: GET https://wafeeknfpzjzngzuphoz.supabase.co/rest/v1/articles?select=article_id&original_url=eq.https%3A%2F%2Fopenai.com%2Findex%2Freplit "HTTP/2 200 OK"
2026-08-21 15:56:48,676 [INFO] HTTP Request: POST https://wafeeknfpzjzngzuphoz.supabase.co/rest/v1/articles "HTTP/2 201 Created"
2026-08-21 15:56:48,700 [INFO] HTTP Request: GET https://wafeeknfpzjzngzuphoz.supabase.co/rest/v1/articles?select=article_id&original_url=eq.https%3A%2F%2Fopenai.com%2Findex%2Fchatgpt-ads-expands-across-europe "HTTP/2 200 OK"
2026-08-21 15:56:48,726 [INFO] HTTP Request: POST https://wafeeknfpzjzngzuphoz.supabase.co/rest/v1/articles "HTTP/2 201 Created"
2026-08-21 15:56:48,751 [INFO] HTTP Request: GET https://wafeeknfpzjzngzuphoz.supabase.co/rest/v1/articles?select=article_id&original_url=eq.https%3A%2F%2Fopenai.com%2Findex%2Fstrengthening-democratic-oversight-in-national-security "HTTP/2 200 OK"
2026-08-21 15:56:48,776 [INFO] HTTP Request: POST https://wafeeknfpzjzngzuphoz.supabase.co/rest/v1/articles "HTTP/2 201 Created"
2026-08-21 15:56:48,804 [INFO] HTTP Request: GET https://wafeeknfpzjzngzuphoz.supabase.co/rest/v1/articles?select=article_id&original_url=eq.https%3A%2F%2Fopenai.com%2Findex%2Fpartnering-with-codeai "HTTP/2 200 OK"
2026-08-21 15:56:48,831 [INFO] HTTP Request: POST https://wafeeknfpzjzngzuphoz.supabase.co/rest/v1/articles "HTTP/2 201 Created"
2026-08-21 15:56:48,853 [INFO] HTTP Request: GET https://wafeeknfpzjzngzuphoz.supabase.co/rest/v1/articles?select=article_id&original_url=eq.https%3A%2F%2Fopenai.com%2Findex%2Fpacing-model-development-cyber-capabilities "HTTP/2 200 OK"
2026-08-21 15:56:48,876 [INFO] HTTP Request: POST https://wafeeknfpzjzngzuphoz.supabase.co/rest/v1/articles "HTTP/2 201 Created"
2026-08-21 15:56:48,898 [INFO] HTTP Request: GET https://wafeeknfpzjzngzuphoz.supabase.co/rest/v1/articles?select=article_id&original_url=eq.https%3A%2F%2Fopenai.com%2Findex%2Fchatgpt-for-teens "HTTP/2 200 OK"
2026-08-21 15:56:48,930 [INFO] HTTP Request: POST https://wafeeknfpzjzngzuphoz.supabase.co/rest/v1/articles "HTTP/2 201 Created"
2026-08-21 15:56:48,961 [INFO] HTTP Request: GET https://wafeeknfpzjzngzuphoz.supabase.co/rest/v1/articles?select=article_id&original_url=eq.https%3A%2F%2Fopenai.com%2Findex%2Fnvidia%2Fchatgpt-work "HTTP/2 200 OK"
2026-08-21 15:56:48,983 [INFO] HTTP Request: POST https://wafeeknfpzjzngzuphoz.supabase.co/rest/v1/articles "HTTP/2 201 Created"
2026-08-21 15:56:49,787 [INFO] HTTP Request: GET https://wafeeknfpzjzngzuphoz.supabase.co/rest/v1/articles?select=article_id&original_url=eq.https%3A%2F%2Fblog.google%2Fproducts-and-platforms%2Fproducts%2Fsearch%2Fback-to-school-study-tools%2F "HTTP/2 200 OK"
2026-08-21 15:56:49,815 [INFO] HTTP Request: POST https://wafeeknfpzjzngzuphoz.supabase.co/rest/v1/articles "HTTP/2 201 Created"
2026-08-21 15:56:49,844 [INFO] HTTP Request: GET https://wafeeknfpzjzngzuphoz.supabase.co/rest/v1/articles?select=article_id&original_url=eq.https%3A%2F%2Fblog.google%2Fproducts-and-platforms%2Fproducts%2Fgemini%2Fgoogle-gemini-pixel-football-club-partnerships%2F "HTTP/2 200 OK"
2026-08-21 15:56:49,867 [INFO] HTTP Request: POST https://wafeeknfpzjzngzuphoz.supabase.co/rest/v1/articles "HTTP/2 201 Created"
2026-08-21 15:56:49,893 [INFO] HTTP Request: GET https://wafeeknfpzjzngzuphoz.supabase.co/rest/v1/articles?select=article_id&original_url=eq.https%3A%2F%2Fblog.google%2Fproducts-and-platforms%2Fproducts%2Fworkspace%2Fsheets-canvas-for-google-sheets-spreadsheets%2F "HTTP/2 200 OK"
2026-08-21 15:56:49,916 [INFO] HTTP Request: POST https://wafeeknfpzjzngzuphoz.supabase.co/rest/v1/articles "HTTP/2 201 Created"
2026-08-21 15:56:49,939 [INFO] HTTP Request: GET https://wafeeknfpzjzngzuphoz.supabase.co/rest/v1/articles?select=article_id&original_url=eq.https%3A%2F%2Fblog.google%2Finnovation-and-ai%2Fmodels-and-research%2Fgoogle-research%2Famie-video-consultations%2F "HTTP/2 200 OK"
2026-08-21 15:56:49,961 [INFO] HTTP Request: POST https://wafeeknfpzjzngzuphoz.supabase.co/rest/v1/articles "HTTP/2 201 Created"
2026-08-21 15:56:49,984 [INFO] HTTP Request: GET https://wafeeknfpzjzngzuphoz.supabase.co/rest/v1/articles?select=article_id&original_url=eq.https%3A%2F%2Fblog.google%2Fproducts%2Fads-commerce%2Fgoogle-ads-analytics-ai-updates%2F "HTTP/2 200 OK"
2026-08-21 15:56:50,021 [INFO] HTTP Request: POST https://wafeeknfpzjzngzuphoz.supabase.co/rest/v1/articles "HTTP/2 201 Created"
2026-08-21 15:56:50,045 [INFO] HTTP Request: GET https://wafeeknfpzjzngzuphoz.supabase.co/rest/v1/articles?select=article_id&original_url=eq.https%3A%2F%2Fblog.google%2Finnovation-and-ai%2Ftechnology%2Fai%2Fgoogle-ai-updates-july-2026%2F "HTTP/2 200 OK"
2026-08-21 15:56:50,072 [INFO] HTTP Request: POST https://wafeeknfpzjzngzuphoz.supabase.co/rest/v1/articles "HTTP/2 201 Created"
2026-08-21 15:56:50,096 [INFO] HTTP Request: GET https://wafeeknfpzjzngzuphoz.supabase.co/rest/v1/articles?select=article_id&original_url=eq.https%3A%2F%2Fblog.google%2Finnovation-and-ai%2Ftechnology%2Fdevelopers-tools%2Fai-agents-intensive-recap-2026%2F "HTTP/2 200 OK"
2026-08-21 15:56:50,122 [INFO] HTTP Request: POST https://wafeeknfpzjzngzuphoz.supabase.co/rest/v1/articles "HTTP/2 201 Created"
2026-08-21 15:56:50,149 [INFO] HTTP Request: GET https://wafeeknfpzjzngzuphoz.supabase.co/rest/v1/articles?select=article_id&original_url=eq.https%3A%2F%2Fblog.google%2Finnovation-and-ai%2Ftechnology%2Fdevelopers-tools%2Fexpanding-managed-agents-gemini-api-3-6-flash-hooks%2F "HTTP/2 200 OK"
2026-08-21 15:56:50,174 [INFO] HTTP Request: POST https://wafeeknfpzjzngzuphoz.supabase.co/rest/v1/articles "HTTP/2 201 Created"
2026-08-21 15:56:50,202 [INFO] HTTP Request: GET https://wafeeknfpzjzngzuphoz.supabase.co/rest/v1/articles?select=article_id&original_url=eq.https%3A%2F%2Fblog.google%2Fproducts-and-platforms%2Fproducts%2Fsearch%2Fai-mode-real-world-tips%2F "HTTP/2 200 OK"
2026-08-21 15:56:50,228 [INFO] HTTP Request: POST https://wafeeknfpzjzngzuphoz.supabase.co/rest/v1/articles "HTTP/2 201 Created"
2026-08-21 15:56:50,251 [INFO] HTTP Request: GET https://wafeeknfpzjzngzuphoz.supabase.co/rest/v1/articles?select=article_id&original_url=eq.https%3A%2F%2Fblog.google%2Fproducts-and-platforms%2Fproducts%2Fsearch%2Fdinner-party-hosting-tips%2F "HTTP/2 200 OK"
2026-08-21 15:56:50,276 [INFO] HTTP Request: POST https://wafeeknfpzjzngzuphoz.supabase.co/rest/v1/articles "HTTP/2 201 Created"
2026-08-21 15:56:51,183 [INFO] HTTP Request: GET https://wafeeknfpzjzngzuphoz.supabase.co/rest/v1/articles?select=article_id&original_url=eq.https%3A%2F%2Fnews.hada.io%2Ftopic%3Fid%3D32720 "HTTP/2 200 OK"
2026-08-21 15:56:51,214 [INFO] HTTP Request: POST https://wafeeknfpzjzngzuphoz.supabase.co/rest/v1/articles "HTTP/2 201 Created"
2026-08-21 15:56:51,249 [INFO] HTTP Request: GET https://wafeeknfpzjzngzuphoz.supabase.co/rest/v1/articles?select=article_id&original_url=eq.https%3A%2F%2Fnews.hada.io%2Ftopic%3Fid%3D32719 "HTTP/2 200 OK"
2026-08-21 15:56:51,273 [INFO] HTTP Request: POST https://wafeeknfpzjzngzuphoz.supabase.co/rest/v1/articles "HTTP/2 201 Created"
2026-08-21 15:56:51,300 [INFO] HTTP Request: GET https://wafeeknfpzjzngzuphoz.supabase.co/rest/v1/articles?select=article_id&original_url=eq.https%3A%2F%2Fnews.hada.io%2Ftopic%3Fid%3D32717 "HTTP/2 200 OK"
2026-08-21 15:56:51,323 [INFO] HTTP Request: POST https://wafeeknfpzjzngzuphoz.supabase.co/rest/v1/articles "HTTP/2 201 Created"
2026-08-21 15:56:51,346 [INFO] HTTP Request: GET https://wafeeknfpzjzngzuphoz.supabase.co/rest/v1/articles?select=article_id&original_url=eq.https%3A%2F%2Fnews.hada.io%2Ftopic%3Fid%3D32716 "HTTP/2 200 OK"
2026-08-21 15:56:51,370 [INFO] HTTP Request: POST https://wafeeknfpzjzngzuphoz.supabase.co/rest/v1/articles "HTTP/2 201 Created"
2026-08-21 15:56:51,392 [INFO] HTTP Request: GET https://wafeeknfpzjzngzuphoz.supabase.co/rest/v1/articles?select=article_id&original_url=eq.https%3A%2F%2Fnews.hada.io%2Ftopic%3Fid%3D32715 "HTTP/2 200 OK"
2026-08-21 15:56:51,415 [INFO] HTTP Request: POST https://wafeeknfpzjzngzuphoz.supabase.co/rest/v1/articles "HTTP/2 201 Created"
2026-08-21 15:56:51,437 [INFO] HTTP Request: GET https://wafeeknfpzjzngzuphoz.supabase.co/rest/v1/articles?select=article_id&original_url=eq.https%3A%2F%2Fnews.hada.io%2Ftopic%3Fid%3D32714 "HTTP/2 200 OK"
2026-08-21 15:56:51,462 [INFO] HTTP Request: POST https://wafeeknfpzjzngzuphoz.supabase.co/rest/v1/articles "HTTP/2 201 Created"
2026-08-21 15:56:51,487 [INFO] HTTP Request: GET https://wafeeknfpzjzngzuphoz.supabase.co/rest/v1/articles?select=article_id&original_url=eq.https%3A%2F%2Fnews.hada.io%2Ftopic%3Fid%3D32713 "HTTP/2 200 OK"
2026-08-21 15:56:51,514 [INFO] HTTP Request: POST https://wafeeknfpzjzngzuphoz.supabase.co/rest/v1/articles "HTTP/2 201 Created"
2026-08-21 15:56:51,537 [INFO] HTTP Request: GET https://wafeeknfpzjzngzuphoz.supabase.co/rest/v1/articles?select=article_id&original_url=eq.https%3A%2F%2Fnews.hada.io%2Ftopic%3Fid%3D32712 "HTTP/2 200 OK"
2026-08-21 15:56:51,562 [INFO] HTTP Request: POST https://wafeeknfpzjzngzuphoz.supabase.co/rest/v1/articles "HTTP/2 201 Created"
2026-08-21 15:56:51,584 [INFO] HTTP Request: GET https://wafeeknfpzjzngzuphoz.supabase.co/rest/v1/articles?select=article_id&original_url=eq.https%3A%2F%2Fnews.hada.io%2Ftopic%3Fid%3D32711 "HTTP/2 200 OK"
2026-08-21 15:56:51,622 [INFO] HTTP Request: POST https://wafeeknfpzjzngzuphoz.supabase.co/rest/v1/articles "HTTP/2 201 Created"
2026-08-21 15:56:51,646 [INFO] HTTP Request: GET https://wafeeknfpzjzngzuphoz.supabase.co/rest/v1/articles?select=article_id&original_url=eq.https%3A%2F%2Fnews.hada.io%2Ftopic%3Fid%3D32710 "HTTP/2 200 OK"
2026-08-21 15:56:51,670 [INFO] HTTP Request: POST https://wafeeknfpzjzngzuphoz.supabase.co/rest/v1/articles "HTTP/2 201 Created"
2026-08-21 15:56:51,747 [INFO] HTTP Request: GET https://wafeeknfpzjzngzuphoz.supabase.co/rest/v1/articles?select=article_id&original_url=eq.https%3A%2F%2Fwww.aitimes.com%2Fnews%2FarticleView.html%3Fidxno%3D214210 "HTTP/2 200 OK"
2026-08-21 15:56:51,770 [INFO] HTTP Request: POST https://wafeeknfpzjzngzuphoz.supabase.co/rest/v1/articles "HTTP/2 201 Created"
2026-08-21 15:56:51,793 [INFO] HTTP Request: GET https://wafeeknfpzjzngzuphoz.supabase.co/rest/v1/articles?select=article_id&original_url=eq.https%3A%2F%2Fwww.aitimes.com%2Fnews%2FarticleView.html%3Fidxno%3D214217 "HTTP/2 200 OK"
2026-08-21 15:56:51,816 [INFO] HTTP Request: POST https://wafeeknfpzjzngzuphoz.supabase.co/rest/v1/articles "HTTP/2 201 Created"
2026-08-21 15:56:51,841 [INFO] HTTP Request: GET https://wafeeknfpzjzngzuphoz.supabase.co/rest/v1/articles?select=article_id&original_url=eq.https%3A%2F%2Fwww.aitimes.com%2Fnews%2FarticleView.html%3Fidxno%3D214216 "HTTP/2 200 OK"
2026-08-21 15:56:51,867 [INFO] HTTP Request: POST https://wafeeknfpzjzngzuphoz.supabase.co/rest/v1/articles "HTTP/2 201 Created"
2026-08-21 15:56:51,892 [INFO] HTTP Request: GET https://wafeeknfpzjzngzuphoz.supabase.co/rest/v1/articles?select=article_id&original_url=eq.https%3A%2F%2Fwww.aitimes.com%2Fnews%2FarticleView.html%3Fidxno%3D214218 "HTTP/2 200 OK"
2026-08-21 15:56:51,918 [INFO] HTTP Request: POST https://wafeeknfpzjzngzuphoz.supabase.co/rest/v1/articles "HTTP/2 201 Created"
2026-08-21 15:56:51,941 [INFO] HTTP Request: GET https://wafeeknfpzjzngzuphoz.supabase.co/rest/v1/articles?select=article_id&original_url=eq.https%3A%2F%2Fwww.aitimes.com%2Fnews%2FarticleView.html%3Fidxno%3D214211 "HTTP/2 200 OK"
2026-08-21 15:56:51,963 [INFO] HTTP Request: POST https://wafeeknfpzjzngzuphoz.supabase.co/rest/v1/articles "HTTP/2 201 Created"
2026-08-21 15:56:51,984 [INFO] HTTP Request: GET https://wafeeknfpzjzngzuphoz.supabase.co/rest/v1/articles?select=article_id&original_url=eq.https%3A%2F%2Fwww.aitimes.com%2Fnews%2FarticleView.html%3Fidxno%3D214206 "HTTP/2 200 OK"
2026-08-21 15:56:52,010 [INFO] HTTP Request: POST https://wafeeknfpzjzngzuphoz.supabase.co/rest/v1/articles "HTTP/2 201 Created"
2026-08-21 15:56:52,035 [INFO] HTTP Request: GET https://wafeeknfpzjzngzuphoz.supabase.co/rest/v1/articles?select=article_id&original_url=eq.https%3A%2F%2Fwww.aitimes.com%2Fnews%2FarticleView.html%3Fidxno%3D214215 "HTTP/2 200 OK"
2026-08-21 15:56:52,058 [INFO] HTTP Request: POST https://wafeeknfpzjzngzuphoz.supabase.co/rest/v1/articles "HTTP/2 201 Created"
2026-08-21 15:56:52,081 [INFO] HTTP Request: GET https://wafeeknfpzjzngzuphoz.supabase.co/rest/v1/articles?select=article_id&original_url=eq.https%3A%2F%2Fwww.aitimes.com%2Fnews%2FarticleView.html%3Fidxno%3D214212 "HTTP/2 200 OK"
2026-08-21 15:56:52,105 [INFO] HTTP Request: POST https://wafeeknfpzjzngzuphoz.supabase.co/rest/v1/articles "HTTP/2 201 Created"
2026-08-21 15:56:52,129 [INFO] HTTP Request: GET https://wafeeknfpzjzngzuphoz.supabase.co/rest/v1/articles?select=article_id&original_url=eq.https%3A%2F%2Fwww.aitimes.com%2Fnews%2FarticleView.html%3Fidxno%3D214209 "HTTP/2 200 OK"
2026-08-21 15:56:52,155 [INFO] HTTP Request: POST https://wafeeknfpzjzngzuphoz.supabase.co/rest/v1/articles "HTTP/2 201 Created"
2026-08-21 15:56:52,177 [INFO] HTTP Request: GET https://wafeeknfpzjzngzuphoz.supabase.co/rest/v1/articles?select=article_id&original_url=eq.https%3A%2F%2Fwww.aitimes.com%2Fnews%2FarticleView.html%3Fidxno%3D214204 "HTTP/2 200 OK"
2026-08-21 15:56:52,203 [INFO] HTTP Request: POST https://wafeeknfpzjzngzuphoz.supabase.co/rest/v1/articles "HTTP/2 201 Created"
2026-08-21 15:56:52,749 [INFO] HTTP Request: GET https://wafeeknfpzjzngzuphoz.supabase.co/rest/v1/articles?select=article_id&original_url=eq.https%3A%2F%2Fnews.google.com%2Frss%2Farticles%2FCBMiXEFVX3lxTE9DWXkyN3hhUDFHR0tCMXdpVkt3OTAyS1dBUUN6QXBKTEpMOF9SLWJSZkl3VW5FdzE2N1JiYk13NGtFQXNnbjFZZ3Vsd3BZNGJLWDJTdVladTk0bXRi%3Foc%3D5 "HTTP/2 200 OK"
2026-08-21 15:56:52,774 [INFO] HTTP Request: POST https://wafeeknfpzjzngzuphoz.supabase.co/rest/v1/articles "HTTP/2 201 Created"
2026-08-21 15:56:52,980 [INFO] HTTP Request: GET https://wafeeknfpzjzngzuphoz.supabase.co/rest/v1/articles?select=article_id&original_url=eq.https%3A%2F%2Fnews.google.com%2Frss%2Farticles%2FCBMiVkFVX3lxTFBlSVhEWDF6dU85X3puVUswSzlXLUx4OXg5b0JZMlJYeHFXcHFsM1FLNEQ4MHQxTjlfRzZMZVhiU0JVTm5nS1paWnhEVXM1RzRmV0hWeWNR%3Foc%3D5 "HTTP/2 200 OK"
2026-08-21 15:56:53,006 [INFO] HTTP Request: POST https://wafeeknfpzjzngzuphoz.supabase.co/rest/v1/articles "HTTP/2 201 Created"
2026-08-21 15:56:53,027 [INFO] HTTP Request: GET https://wafeeknfpzjzngzuphoz.supabase.co/rest/v1/articles?select=article_id&original_url=eq.https%3A%2F%2Fnews.google.com%2Frss%2Farticles%2FCBMijgFBVV95cUxPaXVvNUlaeE5USjVKOGE5WEpLRDA2Y0c4Z3hONXZLaXc3X2IySmlzMy1kSExBUzNRMlY5dmUyNWNnX295R0tucnRKUi1aUnJsMjkzUllJWGdzbHVtajMyVG5pWW81YUxVbzhRQUh1T3E4bTJaU3AtRlFzQ0RjUzFxc1BqMkZpNGRwVUhXTi1R%3Foc%3D5 "HTTP/2 200 OK"
2026-08-21 15:56:53,051 [INFO] HTTP Request: POST https://wafeeknfpzjzngzuphoz.supabase.co/rest/v1/articles "HTTP/2 201 Created"
2026-08-21 15:56:53,072 [INFO] HTTP Request: GET https://wafeeknfpzjzngzuphoz.supabase.co/rest/v1/articles?select=article_id&original_url=eq.https%3A%2F%2Fnews.google.com%2Frss%2Farticles%2FCBMiSEFVX3lxTE1mczBWYm0wOEU3a2NSanExQ0V5ZjNDWmZhNURubTVxcmJDRUNjLXZzT1JmT2JlbVYwUjlWY0dxNXgxRW5ueHdveA%3Foc%3D5 "HTTP/2 200 OK"
2026-08-21 15:56:53,095 [INFO] HTTP Request: POST https://wafeeknfpzjzngzuphoz.supabase.co/rest/v1/articles "HTTP/2 201 Created"
2026-08-21 15:56:53,118 [INFO] HTTP Request: GET https://wafeeknfpzjzngzuphoz.supabase.co/rest/v1/articles?select=article_id&original_url=eq.https%3A%2F%2Fnews.google.com%2Frss%2Farticles%2FCBMib0FVX3lxTE1GYWxwbEp6YTFrUExYQ3J0aW1aVkdtTFptSlNqZ3dsWEdlLXI2RnJyb3UwQVhHWURDamk2UXE5N1dIMzQxZkxOT0R0V1gyUHRkYWhqdWgycHU4WHNXa2QtTUVReFpLbWZoZWlmS09nWQ%3Foc%3D5 "HTTP/2 200 OK"
2026-08-21 15:56:53,143 [INFO] HTTP Request: POST https://wafeeknfpzjzngzuphoz.supabase.co/rest/v1/articles "HTTP/2 201 Created"
2026-08-21 15:56:53,165 [INFO] HTTP Request: GET https://wafeeknfpzjzngzuphoz.supabase.co/rest/v1/articles?select=article_id&original_url=eq.https%3A%2F%2Fnews.google.com%2Frss%2Farticles%2FCBMiT0FVX3lxTFAzaWZPNVkxUlpVVTkzeEkyZURXNHppRWFtYkVEeUFCaDhTeVJFS0VubHd5Tjd6U09KRGI3ZDZYTXFNWWRQeHk5Q1F2eTlzeDQ%3Foc%3D5 "HTTP/2 200 OK"
2026-08-21 15:56:53,189 [INFO] HTTP Request: POST https://wafeeknfpzjzngzuphoz.supabase.co/rest/v1/articles "HTTP/2 201 Created"
2026-08-21 15:56:53,212 [INFO] HTTP Request: GET https://wafeeknfpzjzngzuphoz.supabase.co/rest/v1/articles?select=article_id&original_url=eq.https%3A%2F%2Fnews.google.com%2Frss%2Farticles%2FCBMiZEFVX3lxTE9Pdk1TUFhhVkFtNWhIX2VSYWpDVmZJRGhSLXN1OUdjOHV3MUZkTEwxdXltekZ3QUJPWTJVdEhpX3NhekUyUE45MEsySUQ0Y3lvZmNpeEJSdDJmMDl5UWdmTW0yUmvSAWhBVV95cUxQY0pZWjNrQkk5dmc5T21vRVFRZ05KYVlnOGRCc1I2cU1QczFoWWF0eXRBQkFLa20xRENOb1B4cnRmMmZta2lTdlljYjF3bVNzelp4enhONU52Z2twUDAxcTk2SDlTZU5ZNw%3Foc%3D5 "HTTP/2 200 OK"
2026-08-21 15:56:53,236 [INFO] HTTP Request: POST https://wafeeknfpzjzngzuphoz.supabase.co/rest/v1/articles "HTTP/2 201 Created"
2026-08-21 15:56:53,258 [INFO] HTTP Request: GET https://wafeeknfpzjzngzuphoz.supabase.co/rest/v1/articles?select=article_id&original_url=eq.https%3A%2F%2Fnews.google.com%2Frss%2Farticles%2FCBMiiAFBVV95cUxPcUNMUVl5OG0ydkJSb2c3eVJiLXNNdFYzQno4XzkyYzl2d2lvLUNnYzBzb1lqaHBxNzZtSXBuNzc0dlpfSHZuTC1TeG16RU1OQUhBUDFHaDVRQjB5bVBWazRINWdMZm1hYXpfOURrZzlQV1Ayb3ViWTRLZUl3eGdvdDY3WVVMNExo%3Foc%3D5 "HTTP/2 200 OK"
2026-08-21 15:56:53,281 [INFO] HTTP Request: POST https://wafeeknfpzjzngzuphoz.supabase.co/rest/v1/articles "HTTP/2 201 Created"
2026-08-21 15:56:53,303 [INFO] HTTP Request: GET https://wafeeknfpzjzngzuphoz.supabase.co/rest/v1/articles?select=article_id&original_url=eq.https%3A%2F%2Fnews.google.com%2Frss%2Farticles%2FCBMiWEFVX3lxTFBvd3pDNkp0cF9pMEIwd3lGQTg4VDE1VUVKREgtdEZRVUVuamgtZk5pNTlDM25oSnZCYVh1eENCQ1A0djlaYWdJU3RGWXdyakFlV2E3b1NZUEHSAV5BVV95cUxOMk1seVBkRzVWbHJUaW1IRzY4bTIyS1NEQnlMbzM2V1pPdW00N0pnazJTRW1sRF9QV3h3ZExUb0RDWU1HVGVGR2hwYW1WTzN3ZGVPX2NweG00ZDVUX3pR%3Foc%3D5 "HTTP/2 200 OK"
2026-08-21 15:56:53,328 [INFO] HTTP Request: POST https://wafeeknfpzjzngzuphoz.supabase.co/rest/v1/articles "HTTP/2 201 Created"
2026-08-21 15:56:53,351 [INFO] HTTP Request: GET https://wafeeknfpzjzngzuphoz.supabase.co/rest/v1/articles?select=article_id&original_url=eq.https%3A%2F%2Fnews.google.com%2Frss%2Farticles%2FCBMic0FVX3lxTE1WUnZtUmtkcS1Ec0ppZVV4WjBnNWswaTlPY1JsOXJaWkVaai1kdjdsSXNFY2tTM2hybFJGT3pnLUZUSEp3eHYzVGtYbkhsZEYxdTRhb2JQTXd5Z1I2YXROYlhQN3d6QWJZNHNhZjZreWp3YmM%3Foc%3D5 "HTTP/2 200 OK"
2026-08-21 15:56:53,375 [INFO] HTTP Request: POST https://wafeeknfpzjzngzuphoz.supabase.co/rest/v1/articles "HTTP/2 201 Created"
2026-08-21 15:56:54,019 [INFO] HTTP Request: GET https://wafeeknfpzjzngzuphoz.supabase.co/rest/v1/articles?select=article_id&original_url=eq.https%3A%2F%2Fnews.google.com%2Frss%2Farticles%2FCBMiVkFVX3lxTE1QNVk5ZkUyd3ZRRzBMU0VVZlVBRDZFYVltVFZLc0t6VzVlbFlsVGNnVFh1UWdTazFGd3VvMWdYWGlrUWNwSGFnODFQa2l2NlNLN2dEZHp3%3Foc%3D5 "HTTP/2 200 OK"
2026-08-21 15:56:54,046 [INFO] HTTP Request: POST https://wafeeknfpzjzngzuphoz.supabase.co/rest/v1/articles "HTTP/2 201 Created"
2026-08-21 15:56:54,071 [INFO] HTTP Request: GET https://wafeeknfpzjzngzuphoz.supabase.co/rest/v1/articles?select=article_id&original_url=eq.https%3A%2F%2Fnews.google.com%2Frss%2Farticles%2FCBMiWkFVX3lxTE95SGFjUDdLYVhPYXBjSXRhelZMMndBZXdkQTR0dTNvRG82U1hRbTVweUJveVVyYUtnR3dOREt5WDFjOVdVQnd0VWlLU0k2cTVDdUprWENTaTREUdIBX0FVX3lxTE1ITGZzcjlrQkNDWDE3RnBpdXVPV2RtVXNKT3NUUzRVcWYzSk5mRW92cWs2X09aVVNNeTZyYlhkekY2OUQ1UWwzcUJFY1hiTFgwU2hVS0xLWXZlVXFheFhJ%3Foc%3D5 "HTTP/2 200 OK"
2026-08-21 15:56:54,096 [INFO] HTTP Request: POST https://wafeeknfpzjzngzuphoz.supabase.co/rest/v1/articles "HTTP/2 201 Created"
2026-08-21 15:56:54,120 [INFO] HTTP Request: GET https://wafeeknfpzjzngzuphoz.supabase.co/rest/v1/articles?select=article_id&original_url=eq.https%3A%2F%2Fnews.google.com%2Frss%2Farticles%2FCBMiT0FVX3lxTE00Nkhqc0VNYks2STk3Vk9SVy16UWp0bmRCZGc5QlNHTjJlcms2Z0dfT0tZdDhvWmJZNnFka3RUcTVJX0s3VW5oYkp5UjYwcU0%3Foc%3D5 "HTTP/2 200 OK"
2026-08-21 15:56:54,169 [INFO] HTTP Request: POST https://wafeeknfpzjzngzuphoz.supabase.co/rest/v1/articles "HTTP/2 201 Created"
2026-08-21 15:56:54,195 [INFO] HTTP Request: GET https://wafeeknfpzjzngzuphoz.supabase.co/rest/v1/articles?select=article_id&original_url=eq.https%3A%2F%2Fnews.google.com%2Frss%2Farticles%2FCBMiXEFVX3lxTE9FTkJLTmFvLVJJem5NckxBWUJfVW5BWklBd1ExZjFhbF85NzFRR21HRTBCbHI3QWs0blN0aDhiVTNMX2xmN2ZVdER5dGV3LWNPUFFxMHJMM1RjRnJa%3Foc%3D5 "HTTP/2 200 OK"
2026-08-21 15:56:54,220 [INFO] HTTP Request: POST https://wafeeknfpzjzngzuphoz.supabase.co/rest/v1/articles "HTTP/2 201 Created"
2026-08-21 15:56:54,251 [INFO] HTTP Request: GET https://wafeeknfpzjzngzuphoz.supabase.co/rest/v1/articles?select=article_id&original_url=eq.https%3A%2F%2Fnews.google.com%2Frss%2Farticles%2FCBMiYkFVX3lxTE1FdWNubjI3UUxJLVFiMm13dGVzQ3NVUEdxRnUzTkpzSTRmQ3RySWtyYU9Nb05xbFJxUmNlazQ0VHdyNXg0d0toelUyZ2I1ODFBMGR4M09WSkY3Y3B5SEtEdTNB%3Foc%3D5 "HTTP/2 200 OK"
2026-08-21 15:56:54,275 [INFO] HTTP Request: POST https://wafeeknfpzjzngzuphoz.supabase.co/rest/v1/articles "HTTP/2 201 Created"
2026-08-21 15:56:54,299 [INFO] HTTP Request: GET https://wafeeknfpzjzngzuphoz.supabase.co/rest/v1/articles?select=article_id&original_url=eq.https%3A%2F%2Fnews.google.com%2Frss%2Farticles%2FCBMihAFBVV95cUxQOHc5V0xHTzhmMnc0bzNvbHdpU0Q1RjZPVjl6Z3hRTkpYYlRqWDEyZlQ5WnhORG56Ry1zNkQySWtQclFnTmlTeDZZcnFUckhka29Ed2RFTXZaaXhQX3FOQWJaOThFQUlTNzVwMTdzUFVRcml6b1hkS2R2M09NU2tuazFBaFA%3Foc%3D5 "HTTP/2 200 OK"
2026-08-21 15:56:54,324 [INFO] HTTP Request: POST https://wafeeknfpzjzngzuphoz.supabase.co/rest/v1/articles "HTTP/2 201 Created"
2026-08-21 15:56:54,351 [INFO] HTTP Request: GET https://wafeeknfpzjzngzuphoz.supabase.co/rest/v1/articles?select=article_id&original_url=eq.https%3A%2F%2Fnews.google.com%2Frss%2Farticles%2FCBMic0FVX3lxTE1kZmtaTGNLYUhmOEdnTXBqTm13b3ZKNXk1MS0xU3ZKWl9fTm5yc3hrNDRaeUF1TkF6WFFDU3QzZG0yTkNQbzZGbDNPMG1xU1ByeFZaSHhEOG9vZ09ZSDFtVXBILTVGd2dobFZfNnZzWk1kdUHSAXdBVV95cUxQcHR3Y092blBPc202b1JaOHh5ZFl1Vkw2NnRzdmNuRXBpYUpOQkc5NkpkMUFpWl9aN2VxVlZFSmZXSzdPOFhacHJjWXV6Unp2cGRVVUNCNFdJYjZ3bDZ1OTFDUXRFWXVHa0Uwa1dUUE43RlJvQ2Ztdw%3Foc%3D5 "HTTP/2 200 OK"
2026-08-21 15:56:54,377 [INFO] HTTP Request: POST https://wafeeknfpzjzngzuphoz.supabase.co/rest/v1/articles "HTTP/2 201 Created"
2026-08-21 15:56:54,403 [INFO] HTTP Request: GET https://wafeeknfpzjzngzuphoz.supabase.co/rest/v1/articles?select=article_id&original_url=eq.https%3A%2F%2Fnews.google.com%2Frss%2Farticles%2FCBMiaEFVX3lxTE9GdVM2T3VXYmhMWGxqSlFwREc5VzExOWpSWU1rNE5KY1VLTUlGcHJJZFVtdlBCSm0tclpMMWZINTJucnJObW05UXQxbDZ3aXJRNVBLVFgtUnFiWF9WRFh2YlphbUh4VGNP0gFsQVVfeXFMUFF2cUJROC1HMnpmNGNUVkJNa3htd2NsYk5CUzRTWjBGZkVwRXpKWWlFU2F5bVN3ZFNiai1aeU5SN1ZOWmZvRmJ6UTFrUzRqU2F6R0s0TEFtWl9CVXdzT3ZXdnRqU2hObS00enhK%3Foc%3D5 "HTTP/2 200 OK"
2026-08-21 15:56:54,430 [INFO] HTTP Request: POST https://wafeeknfpzjzngzuphoz.supabase.co/rest/v1/articles "HTTP/2 201 Created"
2026-08-21 15:56:54,454 [INFO] HTTP Request: GET https://wafeeknfpzjzngzuphoz.supabase.co/rest/v1/articles?select=article_id&original_url=eq.https%3A%2F%2Fnews.google.com%2Frss%2Farticles%2FCBMic0FVX3lxTE9EdUhvQV9xVlE2WER4QWV0NWx0ajRpbVBOR1VCclR2dkZpS21EakV2a1VFUVFuSmdjN2tLS0I4eWhXV2hIMjFFZ191Z09sNmFvZTY4ZFNYNzdBcmlWWmFhWHBuYlJ3eE03M245V19KMnFFRFk%3Foc%3D5 "HTTP/2 200 OK"
2026-08-21 15:56:54,478 [INFO] HTTP Request: POST https://wafeeknfpzjzngzuphoz.supabase.co/rest/v1/articles "HTTP/2 201 Created"
2026-08-21 15:56:54,502 [INFO] HTTP Request: GET https://wafeeknfpzjzngzuphoz.supabase.co/rest/v1/articles?select=article_id&original_url=eq.https%3A%2F%2Fnews.google.com%2Frss%2Farticles%2FCBMiZEFVX3lxTE8xaEVuWHhyODVkLWNFYlpFS0dldk50NUhRVUFkZnE4ZmM2ZmF5d2VtcWxoRWhUUk1qN2ZKOXgyakhPNVc3elVwV21iWWl6VXlEaDBGUmR3dVQ3XzgwM3V1SGtSb0s%3Foc%3D5 "HTTP/2 200 OK"
2026-08-21 15:56:54,527 [INFO] HTTP Request: POST https://wafeeknfpzjzngzuphoz.supabase.co/rest/v1/articles "HTTP/2 201 Created"
2026-08-21 15:56:54,665 [INFO] HTTP Request: GET https://wafeeknfpzjzngzuphoz.supabase.co/rest/v1/articles?select=article_id&original_url=eq.https%3A%2F%2Fyozm.wishket.com%2Fmagazine%2Fdetail%2F3908 "HTTP/2 200 OK"
2026-08-21 15:56:54,702 [INFO] HTTP Request: POST https://wafeeknfpzjzngzuphoz.supabase.co/rest/v1/articles "HTTP/2 201 Created"
2026-08-21 15:56:54,734 [INFO] HTTP Request: GET https://wafeeknfpzjzngzuphoz.supabase.co/rest/v1/articles?select=article_id&original_url=eq.https%3A%2F%2Fyozm.wishket.com%2Fmagazine%2Fdetail%2F3907 "HTTP/2 200 OK"
2026-08-21 15:56:54,760 [INFO] HTTP Request: POST https://wafeeknfpzjzngzuphoz.supabase.co/rest/v1/articles "HTTP/2 201 Created"
2026-08-21 15:56:54,788 [INFO] HTTP Request: GET https://wafeeknfpzjzngzuphoz.supabase.co/rest/v1/articles?select=article_id&original_url=eq.https%3A%2F%2Fyozm.wishket.com%2Fmagazine%2Fdetail%2F3906 "HTTP/2 200 OK"
2026-08-21 15:56:54,814 [INFO] HTTP Request: POST https://wafeeknfpzjzngzuphoz.supabase.co/rest/v1/articles "HTTP/2 201 Created"
2026-08-21 15:56:54,841 [INFO] HTTP Request: GET https://wafeeknfpzjzngzuphoz.supabase.co/rest/v1/articles?select=article_id&original_url=eq.https%3A%2F%2Fyozm.wishket.com%2Fmagazine%2Fdetail%2F3905 "HTTP/2 200 OK"
2026-08-21 15:56:54,870 [INFO] HTTP Request: POST https://wafeeknfpzjzngzuphoz.supabase.co/rest/v1/articles "HTTP/2 201 Created"
2026-08-21 15:56:54,893 [INFO] HTTP Request: GET https://wafeeknfpzjzngzuphoz.supabase.co/rest/v1/articles?select=article_id&original_url=eq.https%3A%2F%2Fyozm.wishket.com%2Fmagazine%2Fdetail%2F3904 "HTTP/2 200 OK"
2026-08-21 15:56:54,920 [INFO] HTTP Request: POST https://wafeeknfpzjzngzuphoz.supabase.co/rest/v1/articles "HTTP/2 201 Created"
2026-08-21 15:56:54,944 [INFO] HTTP Request: GET https://wafeeknfpzjzngzuphoz.supabase.co/rest/v1/articles?select=article_id&original_url=eq.https%3A%2F%2Fyozm.wishket.com%2Fmagazine%2Fdetail%2F3903 "HTTP/2 200 OK"
2026-08-21 15:56:54,982 [INFO] HTTP Request: POST https://wafeeknfpzjzngzuphoz.supabase.co/rest/v1/articles "HTTP/2 201 Created"
2026-08-21 15:56:55,008 [INFO] HTTP Request: GET https://wafeeknfpzjzngzuphoz.supabase.co/rest/v1/articles?select=article_id&original_url=eq.https%3A%2F%2Fyozm.wishket.com%2Fmagazine%2Fdetail%2F3902 "HTTP/2 200 OK"
2026-08-21 15:56:55,035 [INFO] HTTP Request: POST https://wafeeknfpzjzngzuphoz.supabase.co/rest/v1/articles "HTTP/2 201 Created"
2026-08-21 15:56:55,058 [INFO] HTTP Request: GET https://wafeeknfpzjzngzuphoz.supabase.co/rest/v1/articles?select=article_id&original_url=eq.https%3A%2F%2Fyozm.wishket.com%2Fmagazine%2Fdetail%2F3901 "HTTP/2 200 OK"
2026-08-21 15:56:55,083 [INFO] HTTP Request: POST https://wafeeknfpzjzngzuphoz.supabase.co/rest/v1/articles "HTTP/2 201 Created"
2026-08-21 15:56:55,109 [INFO] HTTP Request: GET https://wafeeknfpzjzngzuphoz.supabase.co/rest/v1/articles?select=article_id&original_url=eq.https%3A%2F%2Fyozm.wishket.com%2Fmagazine%2Fdetail%2F3900 "HTTP/2 200 OK"
2026-08-21 15:56:55,143 [INFO] HTTP Request: POST https://wafeeknfpzjzngzuphoz.supabase.co/rest/v1/articles "HTTP/2 201 Created"
2026-08-21 15:56:55,165 [INFO] HTTP Request: GET https://wafeeknfpzjzngzuphoz.supabase.co/rest/v1/articles?select=article_id&original_url=eq.https%3A%2F%2Fyozm.wishket.com%2Fmagazine%2Fdetail%2F3899 "HTTP/2 200 OK"
2026-08-21 15:56:55,191 [INFO] HTTP Request: POST https://wafeeknfpzjzngzuphoz.supabase.co/rest/v1/articles "HTTP/2 201 Created"
2026-08-21 15:56:55,550 [INFO] HTTP Request: GET https://wafeeknfpzjzngzuphoz.supabase.co/rest/v1/articles?select=article_id&original_url=eq.https%3A%2F%2Ftechblog.woowahan.com%2F26876%2F "HTTP/2 200 OK"
2026-08-21 15:56:55,576 [INFO] HTTP Request: POST https://wafeeknfpzjzngzuphoz.supabase.co/rest/v1/articles "HTTP/2 201 Created"
2026-08-21 15:56:55,601 [INFO] HTTP Request: GET https://wafeeknfpzjzngzuphoz.supabase.co/rest/v1/articles?select=article_id&original_url=eq.https%3A%2F%2Ftechblog.woowahan.com%2F26777%2F "HTTP/2 200 OK"
2026-08-21 15:56:55,625 [INFO] HTTP Request: POST https://wafeeknfpzjzngzuphoz.supabase.co/rest/v1/articles "HTTP/2 201 Created"
2026-08-21 15:56:55,649 [INFO] HTTP Request: GET https://wafeeknfpzjzngzuphoz.supabase.co/rest/v1/articles?select=article_id&original_url=eq.https%3A%2F%2Ftechblog.woowahan.com%2F26729%2F "HTTP/2 200 OK"
2026-08-21 15:56:55,675 [INFO] HTTP Request: POST https://wafeeknfpzjzngzuphoz.supabase.co/rest/v1/articles "HTTP/2 201 Created"
2026-08-21 15:56:55,698 [INFO] HTTP Request: GET https://wafeeknfpzjzngzuphoz.supabase.co/rest/v1/articles?select=article_id&original_url=eq.https%3A%2F%2Ftechblog.woowahan.com%2F26507%2F "HTTP/2 200 OK"
2026-08-21 15:56:55,728 [INFO] HTTP Request: POST https://wafeeknfpzjzngzuphoz.supabase.co/rest/v1/articles "HTTP/2 201 Created"
2026-08-21 15:56:55,753 [INFO] HTTP Request: GET https://wafeeknfpzjzngzuphoz.supabase.co/rest/v1/articles?select=article_id&original_url=eq.https%3A%2F%2Ftechblog.woowahan.com%2F26624%2F "HTTP/2 200 OK"
2026-08-21 15:56:55,789 [INFO] HTTP Request: POST https://wafeeknfpzjzngzuphoz.supabase.co/rest/v1/articles "HTTP/2 201 Created"
2026-08-21 15:56:55,815 [INFO] HTTP Request: GET https://wafeeknfpzjzngzuphoz.supabase.co/rest/v1/articles?select=article_id&original_url=eq.https%3A%2F%2Ftechblog.woowahan.com%2F26492%2F "HTTP/2 200 OK"
2026-08-21 15:56:55,841 [INFO] HTTP Request: POST https://wafeeknfpzjzngzuphoz.supabase.co/rest/v1/articles "HTTP/2 201 Created"
2026-08-21 15:56:55,868 [INFO] HTTP Request: GET https://wafeeknfpzjzngzuphoz.supabase.co/rest/v1/articles?select=article_id&original_url=eq.https%3A%2F%2Ftechblog.woowahan.com%2F26459%2F "HTTP/2 200 OK"
2026-08-21 15:56:55,896 [INFO] HTTP Request: POST https://wafeeknfpzjzngzuphoz.supabase.co/rest/v1/articles "HTTP/2 201 Created"
2026-08-21 15:56:55,920 [INFO] HTTP Request: GET https://wafeeknfpzjzngzuphoz.supabase.co/rest/v1/articles?select=article_id&original_url=eq.https%3A%2F%2Ftechblog.woowahan.com%2F26379%2F "HTTP/2 200 OK"
2026-08-21 15:56:55,949 [INFO] HTTP Request: POST https://wafeeknfpzjzngzuphoz.supabase.co/rest/v1/articles "HTTP/2 201 Created"
2026-08-21 15:56:55,974 [INFO] HTTP Request: GET https://wafeeknfpzjzngzuphoz.supabase.co/rest/v1/articles?select=article_id&original_url=eq.https%3A%2F%2Ftechblog.woowahan.com%2F26388%2F "HTTP/2 200 OK"
2026-08-21 15:56:56,005 [INFO] HTTP Request: POST https://wafeeknfpzjzngzuphoz.supabase.co/rest/v1/articles "HTTP/2 201 Created"
2026-08-21 15:56:56,031 [INFO] HTTP Request: GET https://wafeeknfpzjzngzuphoz.supabase.co/rest/v1/articles?select=article_id&original_url=eq.https%3A%2F%2Ftechblog.woowahan.com%2F26319%2F "HTTP/2 200 OK"
2026-08-21 15:56:56,058 [INFO] HTTP Request: POST https://wafeeknfpzjzngzuphoz.supabase.co/rest/v1/articles "HTTP/2 201 Created"
2026-08-21 15:56:56,197 [INFO] HTTP Request: GET https://wafeeknfpzjzngzuphoz.supabase.co/rest/v1/articles?select=article_id&original_url=eq.https%3A%2F%2Ftech.kakao.com%2Fposts%2F829 "HTTP/2 200 OK"
2026-08-21 15:56:56,222 [INFO] HTTP Request: POST https://wafeeknfpzjzngzuphoz.supabase.co/rest/v1/articles "HTTP/2 201 Created"
2026-08-21 15:56:56,253 [INFO] HTTP Request: GET https://wafeeknfpzjzngzuphoz.supabase.co/rest/v1/articles?select=article_id&original_url=eq.https%3A%2F%2Ftech.kakao.com%2Fposts%2F828 "HTTP/2 200 OK"
2026-08-21 15:56:56,282 [INFO] HTTP Request: POST https://wafeeknfpzjzngzuphoz.supabase.co/rest/v1/articles "HTTP/2 201 Created"
2026-08-21 15:56:56,307 [INFO] HTTP Request: GET https://wafeeknfpzjzngzuphoz.supabase.co/rest/v1/articles?select=article_id&original_url=eq.https%3A%2F%2Ftech.kakao.com%2Fposts%2F827 "HTTP/2 200 OK"
2026-08-21 15:56:56,332 [INFO] HTTP Request: POST https://wafeeknfpzjzngzuphoz.supabase.co/rest/v1/articles "HTTP/2 201 Created"
2026-08-21 15:56:56,356 [INFO] HTTP Request: GET https://wafeeknfpzjzngzuphoz.supabase.co/rest/v1/articles?select=article_id&original_url=eq.https%3A%2F%2Ftech.kakao.com%2Fposts%2F826 "HTTP/2 200 OK"
2026-08-21 15:56:56,382 [INFO] HTTP Request: POST https://wafeeknfpzjzngzuphoz.supabase.co/rest/v1/articles "HTTP/2 201 Created"
2026-08-21 15:56:56,404 [INFO] HTTP Request: GET https://wafeeknfpzjzngzuphoz.supabase.co/rest/v1/articles?select=article_id&original_url=eq.https%3A%2F%2Ftech.kakao.com%2Fposts%2F825 "HTTP/2 200 OK"
2026-08-21 15:56:56,438 [INFO] HTTP Request: POST https://wafeeknfpzjzngzuphoz.supabase.co/rest/v1/articles "HTTP/2 201 Created"
2026-08-21 15:56:56,460 [INFO] HTTP Request: GET https://wafeeknfpzjzngzuphoz.supabase.co/rest/v1/articles?select=article_id&original_url=eq.https%3A%2F%2Ftech.kakao.com%2Fposts%2F824 "HTTP/2 200 OK"
2026-08-21 15:56:56,486 [INFO] HTTP Request: POST https://wafeeknfpzjzngzuphoz.supabase.co/rest/v1/articles "HTTP/2 201 Created"
2026-08-21 15:56:56,520 [INFO] HTTP Request: GET https://wafeeknfpzjzngzuphoz.supabase.co/rest/v1/articles?select=article_id&original_url=eq.https%3A%2F%2Ftech.kakao.com%2Fposts%2F823 "HTTP/2 200 OK"
2026-08-21 15:56:56,546 [INFO] HTTP Request: POST https://wafeeknfpzjzngzuphoz.supabase.co/rest/v1/articles "HTTP/2 201 Created"
2026-08-21 15:56:56,576 [INFO] HTTP Request: GET https://wafeeknfpzjzngzuphoz.supabase.co/rest/v1/articles?select=article_id&original_url=eq.https%3A%2F%2Ftech.kakao.com%2Fposts%2F818 "HTTP/2 200 OK"
2026-08-21 15:56:56,600 [INFO] HTTP Request: POST https://wafeeknfpzjzngzuphoz.supabase.co/rest/v1/articles "HTTP/2 201 Created"
2026-08-21 15:56:56,625 [INFO] HTTP Request: GET https://wafeeknfpzjzngzuphoz.supabase.co/rest/v1/articles?select=article_id&original_url=eq.https%3A%2F%2Ftech.kakao.com%2Fposts%2F822 "HTTP/2 200 OK"
2026-08-21 15:56:56,652 [INFO] HTTP Request: POST https://wafeeknfpzjzngzuphoz.supabase.co/rest/v1/articles "HTTP/2 201 Created"
2026-08-21 15:56:56,677 [INFO] HTTP Request: GET https://wafeeknfpzjzngzuphoz.supabase.co/rest/v1/articles?select=article_id&original_url=eq.https%3A%2F%2Ftech.kakao.com%2Fposts%2F821 "HTTP/2 200 OK"
2026-08-21 15:56:56,703 [INFO] HTTP Request: POST https://wafeeknfpzjzngzuphoz.supabase.co/rest/v1/articles "HTTP/2 201 Created"
2026-08-21 15:56:56,736 [INFO] HTTP Request: GET https://wafeeknfpzjzngzuphoz.supabase.co/rest/v1/articles?select=category_id%2Coriginal_url%2Ctitle%2Csummary%2Csources%28name%2Ctype%2Creliability_score%29%2Ccategories%28name%29&collected_at=gte.2026-08-21T00%3A00%3A00 "HTTP/2 200 OK"
2026-08-21 15:56:56,744 [INFO] 📄 HTML 파일 생성 완료: news/2026-08-21.html
2026-08-21 15:56:56,744 [INFO] ✅ 총 90개 신규 기사 DB 저장 완료
2026-08-21 15:56:56,744 [INFO] 🔗 오늘자 웹페이지 확인: http://localhost:3000/news/2026-08-21.html

2026-08-21 15:59:15,444 [INFO] ⚡ [--now] 옵션 감지: 즉시 수집 작업을 실행합니다.
2026-08-21 15:59:15,444 [INFO] 🚀 [Start] RSS 피드 수집 및 DB 저장 시작
2026-08-21 15:59:15,777 [INFO] HTTP Request: GET https://wafeeknfpzjzngzuphoz.supabase.co/rest/v1/sources?select=source_id%2Cname%2Curl&is_active=eq.True "HTTP/2 200 OK"
2026-08-21 15:59:15,813 [INFO] HTTP Request: GET https://wafeeknfpzjzngzuphoz.supabase.co/rest/v1/categories?select=category_id%2Cname&is_active=eq.True "HTTP/2 200 OK"
2026-08-21 15:59:16,391 [INFO] HTTP Request: GET https://wafeeknfpzjzngzuphoz.supabase.co/rest/v1/articles?select=article_id&original_url=eq.https%3A%2F%2Fopenai.com%2Findex%2Fintroducing-ai-futures "HTTP/2 200 OK"
2026-08-21 15:59:16,413 [INFO] HTTP Request: GET https://wafeeknfpzjzngzuphoz.supabase.co/rest/v1/articles?select=article_id&original_url=eq.https%3A%2F%2Fopenai.com%2Findex%2Fstampli "HTTP/2 200 OK"
2026-08-21 15:59:16,433 [INFO] HTTP Request: GET https://wafeeknfpzjzngzuphoz.supabase.co/rest/v1/articles?select=article_id&original_url=eq.https%3A%2F%2Fopenai.com%2Findex%2Foffering-zero-data-retention-for-frontier-models "HTTP/2 200 OK"
2026-08-21 15:59:16,452 [INFO] HTTP Request: GET https://wafeeknfpzjzngzuphoz.supabase.co/rest/v1/articles?select=article_id&original_url=eq.https%3A%2F%2Fopenai.com%2Findex%2Freplit "HTTP/2 200 OK"
2026-08-21 15:59:16,470 [INFO] HTTP Request: GET https://wafeeknfpzjzngzuphoz.supabase.co/rest/v1/articles?select=article_id&original_url=eq.https%3A%2F%2Fopenai.com%2Findex%2Fchatgpt-ads-expands-across-europe "HTTP/2 200 OK"
2026-08-21 15:59:16,488 [INFO] HTTP Request: GET https://wafeeknfpzjzngzuphoz.supabase.co/rest/v1/articles?select=article_id&original_url=eq.https%3A%2F%2Fopenai.com%2Findex%2Fstrengthening-democratic-oversight-in-national-security "HTTP/2 200 OK"
2026-08-21 15:59:16,509 [INFO] HTTP Request: GET https://wafeeknfpzjzngzuphoz.supabase.co/rest/v1/articles?select=article_id&original_url=eq.https%3A%2F%2Fopenai.com%2Findex%2Fpartnering-with-codeai "HTTP/2 200 OK"
2026-08-21 15:59:16,529 [INFO] HTTP Request: GET https://wafeeknfpzjzngzuphoz.supabase.co/rest/v1/articles?select=article_id&original_url=eq.https%3A%2F%2Fopenai.com%2Findex%2Fpacing-model-development-cyber-capabilities "HTTP/2 200 OK"
2026-08-21 15:59:16,551 [INFO] HTTP Request: GET https://wafeeknfpzjzngzuphoz.supabase.co/rest/v1/articles?select=article_id&original_url=eq.https%3A%2F%2Fopenai.com%2Findex%2Fchatgpt-for-teens "HTTP/2 200 OK"
2026-08-21 15:59:16,573 [INFO] HTTP Request: GET https://wafeeknfpzjzngzuphoz.supabase.co/rest/v1/articles?select=article_id&original_url=eq.https%3A%2F%2Fopenai.com%2Findex%2Fnvidia%2Fchatgpt-work "HTTP/2 200 OK"
2026-08-21 15:59:17,390 [INFO] HTTP Request: GET https://wafeeknfpzjzngzuphoz.supabase.co/rest/v1/articles?select=article_id&original_url=eq.https%3A%2F%2Fblog.google%2Fproducts-and-platforms%2Fproducts%2Fsearch%2Fback-to-school-study-tools%2F "HTTP/2 200 OK"
2026-08-21 15:59:17,412 [INFO] HTTP Request: GET https://wafeeknfpzjzngzuphoz.supabase.co/rest/v1/articles?select=article_id&original_url=eq.https%3A%2F%2Fblog.google%2Fproducts-and-platforms%2Fproducts%2Fgemini%2Fgoogle-gemini-pixel-football-club-partnerships%2F "HTTP/2 200 OK"
2026-08-21 15:59:17,432 [INFO] HTTP Request: GET https://wafeeknfpzjzngzuphoz.supabase.co/rest/v1/articles?select=article_id&original_url=eq.https%3A%2F%2Fblog.google%2Fproducts-and-platforms%2Fproducts%2Fworkspace%2Fsheets-canvas-for-google-sheets-spreadsheets%2F "HTTP/2 200 OK"
2026-08-21 15:59:17,452 [INFO] HTTP Request: GET https://wafeeknfpzjzngzuphoz.supabase.co/rest/v1/articles?select=article_id&original_url=eq.https%3A%2F%2Fblog.google%2Finnovation-and-ai%2Fmodels-and-research%2Fgoogle-research%2Famie-video-consultations%2F "HTTP/2 200 OK"
2026-08-21 15:59:17,476 [INFO] HTTP Request: GET https://wafeeknfpzjzngzuphoz.supabase.co/rest/v1/articles?select=article_id&original_url=eq.https%3A%2F%2Fblog.google%2Fproducts%2Fads-commerce%2Fgoogle-ads-analytics-ai-updates%2F "HTTP/2 200 OK"
2026-08-21 15:59:17,493 [INFO] HTTP Request: GET https://wafeeknfpzjzngzuphoz.supabase.co/rest/v1/articles?select=article_id&original_url=eq.https%3A%2F%2Fblog.google%2Finnovation-and-ai%2Ftechnology%2Fai%2Fgoogle-ai-updates-july-2026%2F "HTTP/2 200 OK"
2026-08-21 15:59:17,510 [INFO] HTTP Request: GET https://wafeeknfpzjzngzuphoz.supabase.co/rest/v1/articles?select=article_id&original_url=eq.https%3A%2F%2Fblog.google%2Finnovation-and-ai%2Ftechnology%2Fdevelopers-tools%2Fai-agents-intensive-recap-2026%2F "HTTP/2 200 OK"
2026-08-21 15:59:17,529 [INFO] HTTP Request: GET https://wafeeknfpzjzngzuphoz.supabase.co/rest/v1/articles?select=article_id&original_url=eq.https%3A%2F%2Fblog.google%2Finnovation-and-ai%2Ftechnology%2Fdevelopers-tools%2Fexpanding-managed-agents-gemini-api-3-6-flash-hooks%2F "HTTP/2 200 OK"
2026-08-21 15:59:17,552 [INFO] HTTP Request: GET https://wafeeknfpzjzngzuphoz.supabase.co/rest/v1/articles?select=article_id&original_url=eq.https%3A%2F%2Fblog.google%2Fproducts-and-platforms%2Fproducts%2Fsearch%2Fai-mode-real-world-tips%2F "HTTP/2 200 OK"
2026-08-21 15:59:17,571 [INFO] HTTP Request: GET https://wafeeknfpzjzngzuphoz.supabase.co/rest/v1/articles?select=article_id&original_url=eq.https%3A%2F%2Fblog.google%2Fproducts-and-platforms%2Fproducts%2Fsearch%2Fdinner-party-hosting-tips%2F "HTTP/2 200 OK"
2026-08-21 15:59:18,363 [INFO] HTTP Request: GET https://wafeeknfpzjzngzuphoz.supabase.co/rest/v1/articles?select=article_id&original_url=eq.https%3A%2F%2Fnews.hada.io%2Ftopic%3Fid%3D32720 "HTTP/2 200 OK"
2026-08-21 15:59:18,382 [INFO] HTTP Request: GET https://wafeeknfpzjzngzuphoz.supabase.co/rest/v1/articles?select=article_id&original_url=eq.https%3A%2F%2Fnews.hada.io%2Ftopic%3Fid%3D32719 "HTTP/2 200 OK"
2026-08-21 15:59:18,400 [INFO] HTTP Request: GET https://wafeeknfpzjzngzuphoz.supabase.co/rest/v1/articles?select=article_id&original_url=eq.https%3A%2F%2Fnews.hada.io%2Ftopic%3Fid%3D32717 "HTTP/2 200 OK"
2026-08-21 15:59:18,419 [INFO] HTTP Request: GET https://wafeeknfpzjzngzuphoz.supabase.co/rest/v1/articles?select=article_id&original_url=eq.https%3A%2F%2Fnews.hada.io%2Ftopic%3Fid%3D32716 "HTTP/2 200 OK"
2026-08-21 15:59:18,441 [INFO] HTTP Request: GET https://wafeeknfpzjzngzuphoz.supabase.co/rest/v1/articles?select=article_id&original_url=eq.https%3A%2F%2Fnews.hada.io%2Ftopic%3Fid%3D32715 "HTTP/2 200 OK"
2026-08-21 15:59:18,464 [INFO] HTTP Request: GET https://wafeeknfpzjzngzuphoz.supabase.co/rest/v1/articles?select=article_id&original_url=eq.https%3A%2F%2Fnews.hada.io%2Ftopic%3Fid%3D32714 "HTTP/2 200 OK"
2026-08-21 15:59:18,482 [INFO] HTTP Request: GET https://wafeeknfpzjzngzuphoz.supabase.co/rest/v1/articles?select=article_id&original_url=eq.https%3A%2F%2Fnews.hada.io%2Ftopic%3Fid%3D32713 "HTTP/2 200 OK"
2026-08-21 15:59:18,502 [INFO] HTTP Request: GET https://wafeeknfpzjzngzuphoz.supabase.co/rest/v1/articles?select=article_id&original_url=eq.https%3A%2F%2Fnews.hada.io%2Ftopic%3Fid%3D32712 "HTTP/2 200 OK"
2026-08-21 15:59:18,521 [INFO] HTTP Request: GET https://wafeeknfpzjzngzuphoz.supabase.co/rest/v1/articles?select=article_id&original_url=eq.https%3A%2F%2Fnews.hada.io%2Ftopic%3Fid%3D32711 "HTTP/2 200 OK"
2026-08-21 15:59:18,539 [INFO] HTTP Request: GET https://wafeeknfpzjzngzuphoz.supabase.co/rest/v1/articles?select=article_id&original_url=eq.https%3A%2F%2Fnews.hada.io%2Ftopic%3Fid%3D32710 "HTTP/2 200 OK"
2026-08-21 15:59:18,616 [INFO] HTTP Request: GET https://wafeeknfpzjzngzuphoz.supabase.co/rest/v1/articles?select=article_id&original_url=eq.https%3A%2F%2Fwww.aitimes.com%2Fnews%2FarticleView.html%3Fidxno%3D214210 "HTTP/2 200 OK"
2026-08-21 15:59:18,636 [INFO] HTTP Request: GET https://wafeeknfpzjzngzuphoz.supabase.co/rest/v1/articles?select=article_id&original_url=eq.https%3A%2F%2Fwww.aitimes.com%2Fnews%2FarticleView.html%3Fidxno%3D214217 "HTTP/2 200 OK"
2026-08-21 15:59:18,655 [INFO] HTTP Request: GET https://wafeeknfpzjzngzuphoz.supabase.co/rest/v1/articles?select=article_id&original_url=eq.https%3A%2F%2Fwww.aitimes.com%2Fnews%2FarticleView.html%3Fidxno%3D214216 "HTTP/2 200 OK"
2026-08-21 15:59:18,675 [INFO] HTTP Request: GET https://wafeeknfpzjzngzuphoz.supabase.co/rest/v1/articles?select=article_id&original_url=eq.https%3A%2F%2Fwww.aitimes.com%2Fnews%2FarticleView.html%3Fidxno%3D214218 "HTTP/2 200 OK"
2026-08-21 15:59:18,693 [INFO] HTTP Request: GET https://wafeeknfpzjzngzuphoz.supabase.co/rest/v1/articles?select=article_id&original_url=eq.https%3A%2F%2Fwww.aitimes.com%2Fnews%2FarticleView.html%3Fidxno%3D214211 "HTTP/2 200 OK"
2026-08-21 15:59:18,711 [INFO] HTTP Request: GET https://wafeeknfpzjzngzuphoz.supabase.co/rest/v1/articles?select=article_id&original_url=eq.https%3A%2F%2Fwww.aitimes.com%2Fnews%2FarticleView.html%3Fidxno%3D214206 "HTTP/2 200 OK"
2026-08-21 15:59:18,730 [INFO] HTTP Request: GET https://wafeeknfpzjzngzuphoz.supabase.co/rest/v1/articles?select=article_id&original_url=eq.https%3A%2F%2Fwww.aitimes.com%2Fnews%2FarticleView.html%3Fidxno%3D214215 "HTTP/2 200 OK"
2026-08-21 15:59:18,749 [INFO] HTTP Request: GET https://wafeeknfpzjzngzuphoz.supabase.co/rest/v1/articles?select=article_id&original_url=eq.https%3A%2F%2Fwww.aitimes.com%2Fnews%2FarticleView.html%3Fidxno%3D214212 "HTTP/2 200 OK"
2026-08-21 15:59:18,768 [INFO] HTTP Request: GET https://wafeeknfpzjzngzuphoz.supabase.co/rest/v1/articles?select=article_id&original_url=eq.https%3A%2F%2Fwww.aitimes.com%2Fnews%2FarticleView.html%3Fidxno%3D214209 "HTTP/2 200 OK"
2026-08-21 15:59:18,786 [INFO] HTTP Request: GET https://wafeeknfpzjzngzuphoz.supabase.co/rest/v1/articles?select=article_id&original_url=eq.https%3A%2F%2Fwww.aitimes.com%2Fnews%2FarticleView.html%3Fidxno%3D214204 "HTTP/2 200 OK"
2026-08-21 15:59:19,344 [INFO] HTTP Request: GET https://wafeeknfpzjzngzuphoz.supabase.co/rest/v1/articles?select=article_id&original_url=eq.https%3A%2F%2Fnews.google.com%2Frss%2Farticles%2FCBMiXEFVX3lxTE9DWXkyN3hhUDFHR0tCMXdpVkt3OTAyS1dBUUN6QXBKTEpMOF9SLWJSZkl3VW5FdzE2N1JiYk13NGtFQXNnbjFZZ3Vsd3BZNGJLWDJTdVladTk0bXRi%3Foc%3D5 "HTTP/2 200 OK"
2026-08-21 15:59:19,365 [INFO] HTTP Request: GET https://wafeeknfpzjzngzuphoz.supabase.co/rest/v1/articles?select=article_id&original_url=eq.https%3A%2F%2Fnews.google.com%2Frss%2Farticles%2FCBMiVkFVX3lxTFBlSVhEWDF6dU85X3puVUswSzlXLUx4OXg5b0JZMlJYeHFXcHFsM1FLNEQ4MHQxTjlfRzZMZVhiU0JVTm5nS1paWnhEVXM1RzRmV0hWeWNR%3Foc%3D5 "HTTP/2 200 OK"
2026-08-21 15:59:19,384 [INFO] HTTP Request: GET https://wafeeknfpzjzngzuphoz.supabase.co/rest/v1/articles?select=article_id&original_url=eq.https%3A%2F%2Fnews.google.com%2Frss%2Farticles%2FCBMiX0FVX3lxTE5IRW4zbDg2OG1sYmVhVGhPUmNGaFJ6ZVdGYjNTeEd0eUp5REtWSm1fQ05rdnZFNkVPQVFlcExzYnU2YURSOE9PeHdiMEtCZXdBNkM0OFlOVWxoR1RySU84%3Foc%3D5 "HTTP/2 200 OK"
2026-08-21 15:59:19,406 [INFO] HTTP Request: POST https://wafeeknfpzjzngzuphoz.supabase.co/rest/v1/articles "HTTP/2 201 Created"
2026-08-21 15:59:19,426 [INFO] HTTP Request: GET https://wafeeknfpzjzngzuphoz.supabase.co/rest/v1/articles?select=article_id&original_url=eq.https%3A%2F%2Fnews.google.com%2Frss%2Farticles%2FCBMiSEFVX3lxTE1mczBWYm0wOEU3a2NSanExQ0V5ZjNDWmZhNURubTVxcmJDRUNjLXZzT1JmT2JlbVYwUjlWY0dxNXgxRW5ueHdveA%3Foc%3D5 "HTTP/2 200 OK"
2026-08-21 15:59:19,445 [INFO] HTTP Request: GET https://wafeeknfpzjzngzuphoz.supabase.co/rest/v1/articles?select=article_id&original_url=eq.https%3A%2F%2Fnews.google.com%2Frss%2Farticles%2FCBMijgFBVV95cUxPaXVvNUlaeE5USjVKOGE5WEpLRDA2Y0c4Z3hONXZLaXc3X2IySmlzMy1kSExBUzNRMlY5dmUyNWNnX295R0tucnRKUi1aUnJsMjkzUllJWGdzbHVtajMyVG5pWW81YUxVbzhRQUh1T3E4bTJaU3AtRlFzQ0RjUzFxc1BqMkZpNGRwVUhXTi1R%3Foc%3D5 "HTTP/2 200 OK"
2026-08-21 15:59:19,462 [INFO] HTTP Request: GET https://wafeeknfpzjzngzuphoz.supabase.co/rest/v1/articles?select=article_id&original_url=eq.https%3A%2F%2Fnews.google.com%2Frss%2Farticles%2FCBMib0FVX3lxTE1GYWxwbEp6YTFrUExYQ3J0aW1aVkdtTFptSlNqZ3dsWEdlLXI2RnJyb3UwQVhHWURDamk2UXE5N1dIMzQxZkxOT0R0V1gyUHRkYWhqdWgycHU4WHNXa2QtTUVReFpLbWZoZWlmS09nWQ%3Foc%3D5 "HTTP/2 200 OK"
2026-08-21 15:59:19,479 [INFO] HTTP Request: GET https://wafeeknfpzjzngzuphoz.supabase.co/rest/v1/articles?select=article_id&original_url=eq.https%3A%2F%2Fnews.google.com%2Frss%2Farticles%2FCBMiT0FVX3lxTFAzaWZPNVkxUlpVVTkzeEkyZURXNHppRWFtYkVEeUFCaDhTeVJFS0VubHd5Tjd6U09KRGI3ZDZYTXFNWWRQeHk5Q1F2eTlzeDQ%3Foc%3D5 "HTTP/2 200 OK"
2026-08-21 15:59:19,498 [INFO] HTTP Request: GET https://wafeeknfpzjzngzuphoz.supabase.co/rest/v1/articles?select=article_id&original_url=eq.https%3A%2F%2Fnews.google.com%2Frss%2Farticles%2FCBMiiAFBVV95cUxPcUNMUVl5OG0ydkJSb2c3eVJiLXNNdFYzQno4XzkyYzl2d2lvLUNnYzBzb1lqaHBxNzZtSXBuNzc0dlpfSHZuTC1TeG16RU1OQUhBUDFHaDVRQjB5bVBWazRINWdMZm1hYXpfOURrZzlQV1Ayb3ViWTRLZUl3eGdvdDY3WVVMNExo%3Foc%3D5 "HTTP/2 200 OK"
2026-08-21 15:59:19,523 [INFO] HTTP Request: GET https://wafeeknfpzjzngzuphoz.supabase.co/rest/v1/articles?select=article_id&original_url=eq.https%3A%2F%2Fnews.google.com%2Frss%2Farticles%2FCBMiWEFVX3lxTFBvd3pDNkp0cF9pMEIwd3lGQTg4VDE1VUVKREgtdEZRVUVuamgtZk5pNTlDM25oSnZCYVh1eENCQ1A0djlaYWdJU3RGWXdyakFlV2E3b1NZUEHSAV5BVV95cUxOMk1seVBkRzVWbHJUaW1IRzY4bTIyS1NEQnlMbzM2V1pPdW00N0pnazJTRW1sRF9QV3h3ZExUb0RDWU1HVGVGR2hwYW1WTzN3ZGVPX2NweG00ZDVUX3pR%3Foc%3D5 "HTTP/2 200 OK"
2026-08-21 15:59:19,541 [INFO] HTTP Request: GET https://wafeeknfpzjzngzuphoz.supabase.co/rest/v1/articles?select=article_id&original_url=eq.https%3A%2F%2Fnews.google.com%2Frss%2Farticles%2FCBMic0FVX3lxTE1WUnZtUmtkcS1Ec0ppZVV4WjBnNWswaTlPY1JsOXJaWkVaai1kdjdsSXNFY2tTM2hybFJGT3pnLUZUSEp3eHYzVGtYbkhsZEYxdTRhb2JQTXd5Z1I2YXROYlhQN3d6QWJZNHNhZjZreWp3YmM%3Foc%3D5 "HTTP/2 200 OK"
2026-08-21 15:59:20,169 [INFO] HTTP Request: GET https://wafeeknfpzjzngzuphoz.supabase.co/rest/v1/articles?select=article_id&original_url=eq.https%3A%2F%2Fnews.google.com%2Frss%2Farticles%2FCBMiVkFVX3lxTE1QNVk5ZkUyd3ZRRzBMU0VVZlVBRDZFYVltVFZLc0t6VzVlbFlsVGNnVFh1UWdTazFGd3VvMWdYWGlrUWNwSGFnODFQa2l2NlNLN2dEZHp3%3Foc%3D5 "HTTP/2 200 OK"
2026-08-21 15:59:20,189 [INFO] HTTP Request: GET https://wafeeknfpzjzngzuphoz.supabase.co/rest/v1/articles?select=article_id&original_url=eq.https%3A%2F%2Fnews.google.com%2Frss%2Farticles%2FCBMiWkFVX3lxTE95SGFjUDdLYVhPYXBjSXRhelZMMndBZXdkQTR0dTNvRG82U1hRbTVweUJveVVyYUtnR3dOREt5WDFjOVdVQnd0VWlLU0k2cTVDdUprWENTaTREUdIBX0FVX3lxTE1ITGZzcjlrQkNDWDE3RnBpdXVPV2RtVXNKT3NUUzRVcWYzSk5mRW92cWs2X09aVVNNeTZyYlhkekY2OUQ1UWwzcUJFY1hiTFgwU2hVS0xLWXZlVXFheFhJ%3Foc%3D5 "HTTP/2 200 OK"
2026-08-21 15:59:20,210 [INFO] HTTP Request: GET https://wafeeknfpzjzngzuphoz.supabase.co/rest/v1/articles?select=article_id&original_url=eq.https%3A%2F%2Fnews.google.com%2Frss%2Farticles%2FCBMiT0FVX3lxTE00Nkhqc0VNYks2STk3Vk9SVy16UWp0bmRCZGc5QlNHTjJlcms2Z0dfT0tZdDhvWmJZNnFka3RUcTVJX0s3VW5oYkp5UjYwcU0%3Foc%3D5 "HTTP/2 200 OK"
2026-08-21 15:59:20,230 [INFO] HTTP Request: GET https://wafeeknfpzjzngzuphoz.supabase.co/rest/v1/articles?select=article_id&original_url=eq.https%3A%2F%2Fnews.google.com%2Frss%2Farticles%2FCBMiXEFVX3lxTE9FTkJLTmFvLVJJem5NckxBWUJfVW5BWklBd1ExZjFhbF85NzFRR21HRTBCbHI3QWs0blN0aDhiVTNMX2xmN2ZVdER5dGV3LWNPUFFxMHJMM1RjRnJa%3Foc%3D5 "HTTP/2 200 OK"
2026-08-21 15:59:20,253 [INFO] HTTP Request: GET https://wafeeknfpzjzngzuphoz.supabase.co/rest/v1/articles?select=article_id&original_url=eq.https%3A%2F%2Fnews.google.com%2Frss%2Farticles%2FCBMiYkFVX3lxTE1FdWNubjI3UUxJLVFiMm13dGVzQ3NVUEdxRnUzTkpzSTRmQ3RySWtyYU9Nb05xbFJxUmNlazQ0VHdyNXg0d0toelUyZ2I1ODFBMGR4M09WSkY3Y3B5SEtEdTNB%3Foc%3D5 "HTTP/2 200 OK"
2026-08-21 15:59:20,273 [INFO] HTTP Request: GET https://wafeeknfpzjzngzuphoz.supabase.co/rest/v1/articles?select=article_id&original_url=eq.https%3A%2F%2Fnews.google.com%2Frss%2Farticles%2FCBMiWEFVX3lxTE11YmN5UXB5d0NYOWNPYXh4bWlCbGJmOGNIUENUbEVadnZzMFZvMTBITFkwT2tmWWswTmJuVkViakpZZjVvMEJlM09INm55UlBidlhYSi0yU2o%3Foc%3D5 "HTTP/2 200 OK"
2026-08-21 15:59:20,295 [INFO] HTTP Request: POST https://wafeeknfpzjzngzuphoz.supabase.co/rest/v1/articles "HTTP/2 201 Created"
2026-08-21 15:59:20,314 [INFO] HTTP Request: GET https://wafeeknfpzjzngzuphoz.supabase.co/rest/v1/articles?select=article_id&original_url=eq.https%3A%2F%2Fnews.google.com%2Frss%2Farticles%2FCBMihAFBVV95cUxQOHc5V0xHTzhmMnc0bzNvbHdpU0Q1RjZPVjl6Z3hRTkpYYlRqWDEyZlQ5WnhORG56Ry1zNkQySWtQclFnTmlTeDZZcnFUckhka29Ed2RFTXZaaXhQX3FOQWJaOThFQUlTNzVwMTdzUFVRcml6b1hkS2R2M09NU2tuazFBaFA%3Foc%3D5 "HTTP/2 200 OK"
2026-08-21 15:59:20,332 [INFO] HTTP Request: GET https://wafeeknfpzjzngzuphoz.supabase.co/rest/v1/articles?select=article_id&original_url=eq.https%3A%2F%2Fnews.google.com%2Frss%2Farticles%2FCBMic0FVX3lxTE1kZmtaTGNLYUhmOEdnTXBqTm13b3ZKNXk1MS0xU3ZKWl9fTm5yc3hrNDRaeUF1TkF6WFFDU3QzZG0yTkNQbzZGbDNPMG1xU1ByeFZaSHhEOG9vZ09ZSDFtVXBILTVGd2dobFZfNnZzWk1kdUHSAXdBVV95cUxQcHR3Y092blBPc202b1JaOHh5ZFl1Vkw2NnRzdmNuRXBpYUpOQkc5NkpkMUFpWl9aN2VxVlZFSmZXSzdPOFhacHJjWXV6Unp2cGRVVUNCNFdJYjZ3bDZ1OTFDUXRFWXVHa0Uwa1dUUE43RlJvQ2Ztdw%3Foc%3D5 "HTTP/2 200 OK"
2026-08-21 15:59:20,351 [INFO] HTTP Request: GET https://wafeeknfpzjzngzuphoz.supabase.co/rest/v1/articles?select=article_id&original_url=eq.https%3A%2F%2Fnews.google.com%2Frss%2Farticles%2FCBMiaEFVX3lxTE9GdVM2T3VXYmhMWGxqSlFwREc5VzExOWpSWU1rNE5KY1VLTUlGcHJJZFVtdlBCSm0tclpMMWZINTJucnJObW05UXQxbDZ3aXJRNVBLVFgtUnFiWF9WRFh2YlphbUh4VGNP0gFsQVVfeXFMUFF2cUJROC1HMnpmNGNUVkJNa3htd2NsYk5CUzRTWjBGZkVwRXpKWWlFU2F5bVN3ZFNiai1aeU5SN1ZOWmZvRmJ6UTFrUzRqU2F6R0s0TEFtWl9CVXdzT3ZXdnRqU2hObS00enhK%3Foc%3D5 "HTTP/2 200 OK"
2026-08-21 15:59:20,369 [INFO] HTTP Request: GET https://wafeeknfpzjzngzuphoz.supabase.co/rest/v1/articles?select=article_id&original_url=eq.https%3A%2F%2Fnews.google.com%2Frss%2Farticles%2FCBMic0FVX3lxTE9EdUhvQV9xVlE2WER4QWV0NWx0ajRpbVBOR1VCclR2dkZpS21EakV2a1VFUVFuSmdjN2tLS0I4eWhXV2hIMjFFZ191Z09sNmFvZTY4ZFNYNzdBcmlWWmFhWHBuYlJ3eE03M245V19KMnFFRFk%3Foc%3D5 "HTTP/2 200 OK"
2026-08-21 15:59:20,497 [INFO] HTTP Request: GET https://wafeeknfpzjzngzuphoz.supabase.co/rest/v1/articles?select=article_id&original_url=eq.https%3A%2F%2Fyozm.wishket.com%2Fmagazine%2Fdetail%2F3908 "HTTP/2 200 OK"
2026-08-21 15:59:20,516 [INFO] HTTP Request: GET https://wafeeknfpzjzngzuphoz.supabase.co/rest/v1/articles?select=article_id&original_url=eq.https%3A%2F%2Fyozm.wishket.com%2Fmagazine%2Fdetail%2F3907 "HTTP/2 200 OK"
2026-08-21 15:59:20,534 [INFO] HTTP Request: GET https://wafeeknfpzjzngzuphoz.supabase.co/rest/v1/articles?select=article_id&original_url=eq.https%3A%2F%2Fyozm.wishket.com%2Fmagazine%2Fdetail%2F3906 "HTTP/2 200 OK"
2026-08-21 15:59:20,552 [INFO] HTTP Request: GET https://wafeeknfpzjzngzuphoz.supabase.co/rest/v1/articles?select=article_id&original_url=eq.https%3A%2F%2Fyozm.wishket.com%2Fmagazine%2Fdetail%2F3905 "HTTP/2 200 OK"
2026-08-21 15:59:20,570 [INFO] HTTP Request: GET https://wafeeknfpzjzngzuphoz.supabase.co/rest/v1/articles?select=article_id&original_url=eq.https%3A%2F%2Fyozm.wishket.com%2Fmagazine%2Fdetail%2F3904 "HTTP/2 200 OK"
2026-08-21 15:59:20,589 [INFO] HTTP Request: GET https://wafeeknfpzjzngzuphoz.supabase.co/rest/v1/articles?select=article_id&original_url=eq.https%3A%2F%2Fyozm.wishket.com%2Fmagazine%2Fdetail%2F3903 "HTTP/2 200 OK"
2026-08-21 15:59:20,609 [INFO] HTTP Request: GET https://wafeeknfpzjzngzuphoz.supabase.co/rest/v1/articles?select=article_id&original_url=eq.https%3A%2F%2Fyozm.wishket.com%2Fmagazine%2Fdetail%2F3902 "HTTP/2 200 OK"
2026-08-21 15:59:20,628 [INFO] HTTP Request: GET https://wafeeknfpzjzngzuphoz.supabase.co/rest/v1/articles?select=article_id&original_url=eq.https%3A%2F%2Fyozm.wishket.com%2Fmagazine%2Fdetail%2F3901 "HTTP/2 200 OK"
2026-08-21 15:59:20,648 [INFO] HTTP Request: GET https://wafeeknfpzjzngzuphoz.supabase.co/rest/v1/articles?select=article_id&original_url=eq.https%3A%2F%2Fyozm.wishket.com%2Fmagazine%2Fdetail%2F3900 "HTTP/2 200 OK"
2026-08-21 15:59:20,669 [INFO] HTTP Request: GET https://wafeeknfpzjzngzuphoz.supabase.co/rest/v1/articles?select=article_id&original_url=eq.https%3A%2F%2Fyozm.wishket.com%2Fmagazine%2Fdetail%2F3899 "HTTP/2 200 OK"
2026-08-21 15:59:21,036 [INFO] HTTP Request: GET https://wafeeknfpzjzngzuphoz.supabase.co/rest/v1/articles?select=article_id&original_url=eq.https%3A%2F%2Ftechblog.woowahan.com%2F26876%2F "HTTP/2 200 OK"
2026-08-21 15:59:21,056 [INFO] HTTP Request: GET https://wafeeknfpzjzngzuphoz.supabase.co/rest/v1/articles?select=article_id&original_url=eq.https%3A%2F%2Ftechblog.woowahan.com%2F26777%2F "HTTP/2 200 OK"
2026-08-21 15:59:21,078 [INFO] HTTP Request: GET https://wafeeknfpzjzngzuphoz.supabase.co/rest/v1/articles?select=article_id&original_url=eq.https%3A%2F%2Ftechblog.woowahan.com%2F26729%2F "HTTP/2 200 OK"
2026-08-21 15:59:21,101 [INFO] HTTP Request: GET https://wafeeknfpzjzngzuphoz.supabase.co/rest/v1/articles?select=article_id&original_url=eq.https%3A%2F%2Ftechblog.woowahan.com%2F26507%2F "HTTP/2 200 OK"
2026-08-21 15:59:21,118 [INFO] HTTP Request: GET https://wafeeknfpzjzngzuphoz.supabase.co/rest/v1/articles?select=article_id&original_url=eq.https%3A%2F%2Ftechblog.woowahan.com%2F26624%2F "HTTP/2 200 OK"
2026-08-21 15:59:21,140 [INFO] HTTP Request: GET https://wafeeknfpzjzngzuphoz.supabase.co/rest/v1/articles?select=article_id&original_url=eq.https%3A%2F%2Ftechblog.woowahan.com%2F26492%2F "HTTP/2 200 OK"
2026-08-21 15:59:21,164 [INFO] HTTP Request: GET https://wafeeknfpzjzngzuphoz.supabase.co/rest/v1/articles?select=article_id&original_url=eq.https%3A%2F%2Ftechblog.woowahan.com%2F26459%2F "HTTP/2 200 OK"
2026-08-21 15:59:21,182 [INFO] HTTP Request: GET https://wafeeknfpzjzngzuphoz.supabase.co/rest/v1/articles?select=article_id&original_url=eq.https%3A%2F%2Ftechblog.woowahan.com%2F26379%2F "HTTP/2 200 OK"
2026-08-21 15:59:21,200 [INFO] HTTP Request: GET https://wafeeknfpzjzngzuphoz.supabase.co/rest/v1/articles?select=article_id&original_url=eq.https%3A%2F%2Ftechblog.woowahan.com%2F26388%2F "HTTP/2 200 OK"
2026-08-21 15:59:21,216 [INFO] HTTP Request: GET https://wafeeknfpzjzngzuphoz.supabase.co/rest/v1/articles?select=article_id&original_url=eq.https%3A%2F%2Ftechblog.woowahan.com%2F26319%2F "HTTP/2 200 OK"
2026-08-21 15:59:21,352 [INFO] HTTP Request: GET https://wafeeknfpzjzngzuphoz.supabase.co/rest/v1/articles?select=article_id&original_url=eq.https%3A%2F%2Ftech.kakao.com%2Fposts%2F829 "HTTP/2 200 OK"
2026-08-21 15:59:21,372 [INFO] HTTP Request: GET https://wafeeknfpzjzngzuphoz.supabase.co/rest/v1/articles?select=article_id&original_url=eq.https%3A%2F%2Ftech.kakao.com%2Fposts%2F828 "HTTP/2 200 OK"
2026-08-21 15:59:21,390 [INFO] HTTP Request: GET https://wafeeknfpzjzngzuphoz.supabase.co/rest/v1/articles?select=article_id&original_url=eq.https%3A%2F%2Ftech.kakao.com%2Fposts%2F827 "HTTP/2 200 OK"
2026-08-21 15:59:21,409 [INFO] HTTP Request: GET https://wafeeknfpzjzngzuphoz.supabase.co/rest/v1/articles?select=article_id&original_url=eq.https%3A%2F%2Ftech.kakao.com%2Fposts%2F826 "HTTP/2 200 OK"
2026-08-21 15:59:21,427 [INFO] HTTP Request: GET https://wafeeknfpzjzngzuphoz.supabase.co/rest/v1/articles?select=article_id&original_url=eq.https%3A%2F%2Ftech.kakao.com%2Fposts%2F825 "HTTP/2 200 OK"
2026-08-21 15:59:21,452 [INFO] HTTP Request: GET https://wafeeknfpzjzngzuphoz.supabase.co/rest/v1/articles?select=article_id&original_url=eq.https%3A%2F%2Ftech.kakao.com%2Fposts%2F824 "HTTP/2 200 OK"
2026-08-21 15:59:21,470 [INFO] HTTP Request: GET https://wafeeknfpzjzngzuphoz.supabase.co/rest/v1/articles?select=article_id&original_url=eq.https%3A%2F%2Ftech.kakao.com%2Fposts%2F823 "HTTP/2 200 OK"
2026-08-21 15:59:21,490 [INFO] HTTP Request: GET https://wafeeknfpzjzngzuphoz.supabase.co/rest/v1/articles?select=article_id&original_url=eq.https%3A%2F%2Ftech.kakao.com%2Fposts%2F818 "HTTP/2 200 OK"
2026-08-21 15:59:21,511 [INFO] HTTP Request: GET https://wafeeknfpzjzngzuphoz.supabase.co/rest/v1/articles?select=article_id&original_url=eq.https%3A%2F%2Ftech.kakao.com%2Fposts%2F822 "HTTP/2 200 OK"
2026-08-21 15:59:21,529 [INFO] HTTP Request: GET https://wafeeknfpzjzngzuphoz.supabase.co/rest/v1/articles?select=article_id&original_url=eq.https%3A%2F%2Ftech.kakao.com%2Fposts%2F821 "HTTP/2 200 OK"
2026-08-21 15:59:21,556 [INFO] HTTP Request: GET https://wafeeknfpzjzngzuphoz.supabase.co/rest/v1/articles?select=category_id%2Coriginal_url%2Ctitle%2Csummary%2Csources%28name%2Ctype%2Creliability_score%29%2Ccategories%28name%29&collected_at=gte.2026-08-21T00%3A00%3A00 "HTTP/2 200 OK"
2026-08-21 15:59:21,564 [INFO] 📄 HTML 파일 생성 완료: news/2026-08-21.html
2026-08-21 15:59:21,564 [INFO] ✅ 총 2개 신규 기사 DB 저장 완료
2026-08-21 15:59:21,564 [INFO] 🔗 오늘자 웹페이지 확인: http://localhost:3000/news/2026-08-21.html

2026-08-21 16:01:51,412 [INFO] ⚡ [--now] 옵션 감지: 즉시 수집 작업을 실행합니다.
2026-08-21 16:01:51,412 [INFO] 🚀 [Start] RSS 피드 수집 및 DB 저장 시작
2026-08-21 16:01:52,088 [INFO] HTTP Request: GET https://wafeeknfpzjzngzuphoz.supabase.co/rest/v1/sources?select=source_id%2Cname%2Curl&is_active=eq.True "HTTP/2 200 OK"
2026-08-21 16:01:52,123 [INFO] HTTP Request: GET https://wafeeknfpzjzngzuphoz.supabase.co/rest/v1/categories?select=category_id%2Cname&is_active=eq.True "HTTP/2 200 OK"
2026-08-21 16:01:52,731 [INFO] HTTP Request: GET https://wafeeknfpzjzngzuphoz.supabase.co/rest/v1/articles?select=article_id&original_url=eq.https%3A%2F%2Fopenai.com%2Findex%2Fintroducing-ai-futures "HTTP/2 200 OK"
2026-08-21 16:01:52,752 [INFO] HTTP Request: GET https://wafeeknfpzjzngzuphoz.supabase.co/rest/v1/articles?select=article_id&original_url=eq.https%3A%2F%2Fopenai.com%2Findex%2Fstampli "HTTP/2 200 OK"
2026-08-21 16:01:52,775 [INFO] HTTP Request: GET https://wafeeknfpzjzngzuphoz.supabase.co/rest/v1/articles?select=article_id&original_url=eq.https%3A%2F%2Fopenai.com%2Findex%2Foffering-zero-data-retention-for-frontier-models "HTTP/2 200 OK"
2026-08-21 16:01:52,797 [INFO] HTTP Request: GET https://wafeeknfpzjzngzuphoz.supabase.co/rest/v1/articles?select=article_id&original_url=eq.https%3A%2F%2Fopenai.com%2Findex%2Freplit "HTTP/2 200 OK"
2026-08-21 16:01:52,823 [INFO] HTTP Request: GET https://wafeeknfpzjzngzuphoz.supabase.co/rest/v1/articles?select=article_id&original_url=eq.https%3A%2F%2Fopenai.com%2Findex%2Fchatgpt-ads-expands-across-europe "HTTP/2 200 OK"
2026-08-21 16:01:52,846 [INFO] HTTP Request: GET https://wafeeknfpzjzngzuphoz.supabase.co/rest/v1/articles?select=article_id&original_url=eq.https%3A%2F%2Fopenai.com%2Findex%2Fstrengthening-democratic-oversight-in-national-security "HTTP/2 200 OK"
2026-08-21 16:01:52,871 [INFO] HTTP Request: GET https://wafeeknfpzjzngzuphoz.supabase.co/rest/v1/articles?select=article_id&original_url=eq.https%3A%2F%2Fopenai.com%2Findex%2Fpartnering-with-codeai "HTTP/2 200 OK"
2026-08-21 16:01:52,892 [INFO] HTTP Request: GET https://wafeeknfpzjzngzuphoz.supabase.co/rest/v1/articles?select=article_id&original_url=eq.https%3A%2F%2Fopenai.com%2Findex%2Fpacing-model-development-cyber-capabilities "HTTP/2 200 OK"
2026-08-21 16:01:52,914 [INFO] HTTP Request: GET https://wafeeknfpzjzngzuphoz.supabase.co/rest/v1/articles?select=article_id&original_url=eq.https%3A%2F%2Fopenai.com%2Findex%2Fchatgpt-for-teens "HTTP/2 200 OK"
2026-08-21 16:01:52,935 [INFO] HTTP Request: GET https://wafeeknfpzjzngzuphoz.supabase.co/rest/v1/articles?select=article_id&original_url=eq.https%3A%2F%2Fopenai.com%2Findex%2Fnvidia%2Fchatgpt-work "HTTP/2 200 OK"
2026-08-21 16:01:53,725 [INFO] HTTP Request: GET https://wafeeknfpzjzngzuphoz.supabase.co/rest/v1/articles?select=article_id&original_url=eq.https%3A%2F%2Fblog.google%2Fproducts-and-platforms%2Fproducts%2Fsearch%2Fback-to-school-study-tools%2F "HTTP/2 200 OK"
2026-08-21 16:01:53,744 [INFO] HTTP Request: GET https://wafeeknfpzjzngzuphoz.supabase.co/rest/v1/articles?select=article_id&original_url=eq.https%3A%2F%2Fblog.google%2Fproducts-and-platforms%2Fproducts%2Fgemini%2Fgoogle-gemini-pixel-football-club-partnerships%2F "HTTP/2 200 OK"
2026-08-21 16:01:53,762 [INFO] HTTP Request: GET https://wafeeknfpzjzngzuphoz.supabase.co/rest/v1/articles?select=article_id&original_url=eq.https%3A%2F%2Fblog.google%2Fproducts-and-platforms%2Fproducts%2Fworkspace%2Fsheets-canvas-for-google-sheets-spreadsheets%2F "HTTP/2 200 OK"
2026-08-21 16:01:53,785 [INFO] HTTP Request: GET https://wafeeknfpzjzngzuphoz.supabase.co/rest/v1/articles?select=article_id&original_url=eq.https%3A%2F%2Fblog.google%2Finnovation-and-ai%2Fmodels-and-research%2Fgoogle-research%2Famie-video-consultations%2F "HTTP/2 200 OK"
2026-08-21 16:01:53,806 [INFO] HTTP Request: GET https://wafeeknfpzjzngzuphoz.supabase.co/rest/v1/articles?select=article_id&original_url=eq.https%3A%2F%2Fblog.google%2Fproducts%2Fads-commerce%2Fgoogle-ads-analytics-ai-updates%2F "HTTP/2 200 OK"
2026-08-21 16:01:53,825 [INFO] HTTP Request: GET https://wafeeknfpzjzngzuphoz.supabase.co/rest/v1/articles?select=article_id&original_url=eq.https%3A%2F%2Fblog.google%2Finnovation-and-ai%2Ftechnology%2Fai%2Fgoogle-ai-updates-july-2026%2F "HTTP/2 200 OK"
2026-08-21 16:01:53,844 [INFO] HTTP Request: GET https://wafeeknfpzjzngzuphoz.supabase.co/rest/v1/articles?select=article_id&original_url=eq.https%3A%2F%2Fblog.google%2Finnovation-and-ai%2Ftechnology%2Fdevelopers-tools%2Fai-agents-intensive-recap-2026%2F "HTTP/2 200 OK"
2026-08-21 16:01:53,864 [INFO] HTTP Request: GET https://wafeeknfpzjzngzuphoz.supabase.co/rest/v1/articles?select=article_id&original_url=eq.https%3A%2F%2Fblog.google%2Finnovation-and-ai%2Ftechnology%2Fdevelopers-tools%2Fexpanding-managed-agents-gemini-api-3-6-flash-hooks%2F "HTTP/2 200 OK"
2026-08-21 16:01:53,886 [INFO] HTTP Request: GET https://wafeeknfpzjzngzuphoz.supabase.co/rest/v1/articles?select=article_id&original_url=eq.https%3A%2F%2Fblog.google%2Fproducts-and-platforms%2Fproducts%2Fsearch%2Fai-mode-real-world-tips%2F "HTTP/2 200 OK"
2026-08-21 16:01:53,904 [INFO] HTTP Request: GET https://wafeeknfpzjzngzuphoz.supabase.co/rest/v1/articles?select=article_id&original_url=eq.https%3A%2F%2Fblog.google%2Fproducts-and-platforms%2Fproducts%2Fsearch%2Fdinner-party-hosting-tips%2F "HTTP/2 200 OK"
2026-08-21 16:01:54,700 [INFO] HTTP Request: GET https://wafeeknfpzjzngzuphoz.supabase.co/rest/v1/articles?select=article_id&original_url=eq.https%3A%2F%2Fnews.hada.io%2Ftopic%3Fid%3D32720 "HTTP/2 200 OK"
2026-08-21 16:01:54,718 [INFO] HTTP Request: GET https://wafeeknfpzjzngzuphoz.supabase.co/rest/v1/articles?select=article_id&original_url=eq.https%3A%2F%2Fnews.hada.io%2Ftopic%3Fid%3D32719 "HTTP/2 200 OK"
2026-08-21 16:01:54,735 [INFO] HTTP Request: GET https://wafeeknfpzjzngzuphoz.supabase.co/rest/v1/articles?select=article_id&original_url=eq.https%3A%2F%2Fnews.hada.io%2Ftopic%3Fid%3D32717 "HTTP/2 200 OK"
2026-08-21 16:01:54,753 [INFO] HTTP Request: GET https://wafeeknfpzjzngzuphoz.supabase.co/rest/v1/articles?select=article_id&original_url=eq.https%3A%2F%2Fnews.hada.io%2Ftopic%3Fid%3D32716 "HTTP/2 200 OK"
2026-08-21 16:01:54,772 [INFO] HTTP Request: GET https://wafeeknfpzjzngzuphoz.supabase.co/rest/v1/articles?select=article_id&original_url=eq.https%3A%2F%2Fnews.hada.io%2Ftopic%3Fid%3D32715 "HTTP/2 200 OK"
2026-08-21 16:01:54,790 [INFO] HTTP Request: GET https://wafeeknfpzjzngzuphoz.supabase.co/rest/v1/articles?select=article_id&original_url=eq.https%3A%2F%2Fnews.hada.io%2Ftopic%3Fid%3D32714 "HTTP/2 200 OK"
2026-08-21 16:01:54,807 [INFO] HTTP Request: GET https://wafeeknfpzjzngzuphoz.supabase.co/rest/v1/articles?select=article_id&original_url=eq.https%3A%2F%2Fnews.hada.io%2Ftopic%3Fid%3D32713 "HTTP/2 200 OK"
2026-08-21 16:01:54,825 [INFO] HTTP Request: GET https://wafeeknfpzjzngzuphoz.supabase.co/rest/v1/articles?select=article_id&original_url=eq.https%3A%2F%2Fnews.hada.io%2Ftopic%3Fid%3D32712 "HTTP/2 200 OK"
2026-08-21 16:01:54,842 [INFO] HTTP Request: GET https://wafeeknfpzjzngzuphoz.supabase.co/rest/v1/articles?select=article_id&original_url=eq.https%3A%2F%2Fnews.hada.io%2Ftopic%3Fid%3D32711 "HTTP/2 200 OK"
2026-08-21 16:01:54,861 [INFO] HTTP Request: GET https://wafeeknfpzjzngzuphoz.supabase.co/rest/v1/articles?select=article_id&original_url=eq.https%3A%2F%2Fnews.hada.io%2Ftopic%3Fid%3D32710 "HTTP/2 200 OK"
2026-08-21 16:01:54,933 [INFO] HTTP Request: GET https://wafeeknfpzjzngzuphoz.supabase.co/rest/v1/articles?select=article_id&original_url=eq.https%3A%2F%2Fwww.aitimes.com%2Fnews%2FarticleView.html%3Fidxno%3D214210 "HTTP/2 200 OK"
2026-08-21 16:01:54,952 [INFO] HTTP Request: GET https://wafeeknfpzjzngzuphoz.supabase.co/rest/v1/articles?select=article_id&original_url=eq.https%3A%2F%2Fwww.aitimes.com%2Fnews%2FarticleView.html%3Fidxno%3D214217 "HTTP/2 200 OK"
2026-08-21 16:01:54,970 [INFO] HTTP Request: GET https://wafeeknfpzjzngzuphoz.supabase.co/rest/v1/articles?select=article_id&original_url=eq.https%3A%2F%2Fwww.aitimes.com%2Fnews%2FarticleView.html%3Fidxno%3D214216 "HTTP/2 200 OK"
2026-08-21 16:01:54,990 [INFO] HTTP Request: GET https://wafeeknfpzjzngzuphoz.supabase.co/rest/v1/articles?select=article_id&original_url=eq.https%3A%2F%2Fwww.aitimes.com%2Fnews%2FarticleView.html%3Fidxno%3D214218 "HTTP/2 200 OK"
2026-08-21 16:01:55,011 [INFO] HTTP Request: GET https://wafeeknfpzjzngzuphoz.supabase.co/rest/v1/articles?select=article_id&original_url=eq.https%3A%2F%2Fwww.aitimes.com%2Fnews%2FarticleView.html%3Fidxno%3D214211 "HTTP/2 200 OK"
2026-08-21 16:01:55,032 [INFO] HTTP Request: GET https://wafeeknfpzjzngzuphoz.supabase.co/rest/v1/articles?select=article_id&original_url=eq.https%3A%2F%2Fwww.aitimes.com%2Fnews%2FarticleView.html%3Fidxno%3D214206 "HTTP/2 200 OK"
2026-08-21 16:01:55,051 [INFO] HTTP Request: GET https://wafeeknfpzjzngzuphoz.supabase.co/rest/v1/articles?select=article_id&original_url=eq.https%3A%2F%2Fwww.aitimes.com%2Fnews%2FarticleView.html%3Fidxno%3D214215 "HTTP/2 200 OK"
2026-08-21 16:01:55,070 [INFO] HTTP Request: GET https://wafeeknfpzjzngzuphoz.supabase.co/rest/v1/articles?select=article_id&original_url=eq.https%3A%2F%2Fwww.aitimes.com%2Fnews%2FarticleView.html%3Fidxno%3D214212 "HTTP/2 200 OK"
2026-08-21 16:01:55,088 [INFO] HTTP Request: GET https://wafeeknfpzjzngzuphoz.supabase.co/rest/v1/articles?select=article_id&original_url=eq.https%3A%2F%2Fwww.aitimes.com%2Fnews%2FarticleView.html%3Fidxno%3D214209 "HTTP/2 200 OK"
2026-08-21 16:01:55,106 [INFO] HTTP Request: GET https://wafeeknfpzjzngzuphoz.supabase.co/rest/v1/articles?select=article_id&original_url=eq.https%3A%2F%2Fwww.aitimes.com%2Fnews%2FarticleView.html%3Fidxno%3D214204 "HTTP/2 200 OK"
2026-08-21 16:01:55,592 [INFO] HTTP Request: GET https://wafeeknfpzjzngzuphoz.supabase.co/rest/v1/articles?select=article_id&original_url=eq.https%3A%2F%2Fnews.google.com%2Frss%2Farticles%2FCBMiXEFVX3lxTE9DWXkyN3hhUDFHR0tCMXdpVkt3OTAyS1dBUUN6QXBKTEpMOF9SLWJSZkl3VW5FdzE2N1JiYk13NGtFQXNnbjFZZ3Vsd3BZNGJLWDJTdVladTk0bXRi%3Foc%3D5 "HTTP/2 200 OK"
2026-08-21 16:01:55,611 [INFO] HTTP Request: GET https://wafeeknfpzjzngzuphoz.supabase.co/rest/v1/articles?select=article_id&original_url=eq.https%3A%2F%2Fnews.google.com%2Frss%2Farticles%2FCBMiVkFVX3lxTFBlSVhEWDF6dU85X3puVUswSzlXLUx4OXg5b0JZMlJYeHFXcHFsM1FLNEQ4MHQxTjlfRzZMZVhiU0JVTm5nS1paWnhEVXM1RzRmV0hWeWNR%3Foc%3D5 "HTTP/2 200 OK"
2026-08-21 16:01:55,630 [INFO] HTTP Request: GET https://wafeeknfpzjzngzuphoz.supabase.co/rest/v1/articles?select=article_id&original_url=eq.https%3A%2F%2Fnews.google.com%2Frss%2Farticles%2FCBMiX0FVX3lxTE5IRW4zbDg2OG1sYmVhVGhPUmNGaFJ6ZVdGYjNTeEd0eUp5REtWSm1fQ05rdnZFNkVPQVFlcExzYnU2YURSOE9PeHdiMEtCZXdBNkM0OFlOVWxoR1RySU84%3Foc%3D5 "HTTP/2 200 OK"
2026-08-21 16:01:55,651 [INFO] HTTP Request: GET https://wafeeknfpzjzngzuphoz.supabase.co/rest/v1/articles?select=article_id&original_url=eq.https%3A%2F%2Fnews.google.com%2Frss%2Farticles%2FCBMiSEFVX3lxTE1mczBWYm0wOEU3a2NSanExQ0V5ZjNDWmZhNURubTVxcmJDRUNjLXZzT1JmT2JlbVYwUjlWY0dxNXgxRW5ueHdveA%3Foc%3D5 "HTTP/2 200 OK"
2026-08-21 16:01:55,672 [INFO] HTTP Request: GET https://wafeeknfpzjzngzuphoz.supabase.co/rest/v1/articles?select=article_id&original_url=eq.https%3A%2F%2Fnews.google.com%2Frss%2Farticles%2FCBMijgFBVV95cUxPaXVvNUlaeE5USjVKOGE5WEpLRDA2Y0c4Z3hONXZLaXc3X2IySmlzMy1kSExBUzNRMlY5dmUyNWNnX295R0tucnRKUi1aUnJsMjkzUllJWGdzbHVtajMyVG5pWW81YUxVbzhRQUh1T3E4bTJaU3AtRlFzQ0RjUzFxc1BqMkZpNGRwVUhXTi1R%3Foc%3D5 "HTTP/2 200 OK"
2026-08-21 16:01:55,690 [INFO] HTTP Request: GET https://wafeeknfpzjzngzuphoz.supabase.co/rest/v1/articles?select=article_id&original_url=eq.https%3A%2F%2Fnews.google.com%2Frss%2Farticles%2FCBMib0FVX3lxTE1GYWxwbEp6YTFrUExYQ3J0aW1aVkdtTFptSlNqZ3dsWEdlLXI2RnJyb3UwQVhHWURDamk2UXE5N1dIMzQxZkxOT0R0V1gyUHRkYWhqdWgycHU4WHNXa2QtTUVReFpLbWZoZWlmS09nWQ%3Foc%3D5 "HTTP/2 200 OK"
2026-08-21 16:01:55,711 [INFO] HTTP Request: GET https://wafeeknfpzjzngzuphoz.supabase.co/rest/v1/articles?select=article_id&original_url=eq.https%3A%2F%2Fnews.google.com%2Frss%2Farticles%2FCBMiT0FVX3lxTFAzaWZPNVkxUlpVVTkzeEkyZURXNHppRWFtYkVEeUFCaDhTeVJFS0VubHd5Tjd6U09KRGI3ZDZYTXFNWWRQeHk5Q1F2eTlzeDQ%3Foc%3D5 "HTTP/2 200 OK"
2026-08-21 16:01:55,731 [INFO] HTTP Request: GET https://wafeeknfpzjzngzuphoz.supabase.co/rest/v1/articles?select=article_id&original_url=eq.https%3A%2F%2Fnews.google.com%2Frss%2Farticles%2FCBMiiAFBVV95cUxPcUNMUVl5OG0ydkJSb2c3eVJiLXNNdFYzQno4XzkyYzl2d2lvLUNnYzBzb1lqaHBxNzZtSXBuNzc0dlpfSHZuTC1TeG16RU1OQUhBUDFHaDVRQjB5bVBWazRINWdMZm1hYXpfOURrZzlQV1Ayb3ViWTRLZUl3eGdvdDY3WVVMNExo%3Foc%3D5 "HTTP/2 200 OK"
2026-08-21 16:01:55,750 [INFO] HTTP Request: GET https://wafeeknfpzjzngzuphoz.supabase.co/rest/v1/articles?select=article_id&original_url=eq.https%3A%2F%2Fnews.google.com%2Frss%2Farticles%2FCBMiWEFVX3lxTFBvd3pDNkp0cF9pMEIwd3lGQTg4VDE1VUVKREgtdEZRVUVuamgtZk5pNTlDM25oSnZCYVh1eENCQ1A0djlaYWdJU3RGWXdyakFlV2E3b1NZUEHSAV5BVV95cUxOMk1seVBkRzVWbHJUaW1IRzY4bTIyS1NEQnlMbzM2V1pPdW00N0pnazJTRW1sRF9QV3h3ZExUb0RDWU1HVGVGR2hwYW1WTzN3ZGVPX2NweG00ZDVUX3pR%3Foc%3D5 "HTTP/2 200 OK"
2026-08-21 16:01:55,768 [INFO] HTTP Request: GET https://wafeeknfpzjzngzuphoz.supabase.co/rest/v1/articles?select=article_id&original_url=eq.https%3A%2F%2Fnews.google.com%2Frss%2Farticles%2FCBMic0FVX3lxTE1WUnZtUmtkcS1Ec0ppZVV4WjBnNWswaTlPY1JsOXJaWkVaai1kdjdsSXNFY2tTM2hybFJGT3pnLUZUSEp3eHYzVGtYbkhsZEYxdTRhb2JQTXd5Z1I2YXROYlhQN3d6QWJZNHNhZjZreWp3YmM%3Foc%3D5 "HTTP/2 200 OK"
2026-08-21 16:01:56,427 [INFO] HTTP Request: GET https://wafeeknfpzjzngzuphoz.supabase.co/rest/v1/articles?select=article_id&original_url=eq.https%3A%2F%2Fnews.google.com%2Frss%2Farticles%2FCBMiVkFVX3lxTE1QNVk5ZkUyd3ZRRzBMU0VVZlVBRDZFYVltVFZLc0t6VzVlbFlsVGNnVFh1UWdTazFGd3VvMWdYWGlrUWNwSGFnODFQa2l2NlNLN2dEZHp3%3Foc%3D5 "HTTP/2 200 OK"
2026-08-21 16:01:56,449 [INFO] HTTP Request: GET https://wafeeknfpzjzngzuphoz.supabase.co/rest/v1/articles?select=article_id&original_url=eq.https%3A%2F%2Fnews.google.com%2Frss%2Farticles%2FCBMiWkFVX3lxTE95SGFjUDdLYVhPYXBjSXRhelZMMndBZXdkQTR0dTNvRG82U1hRbTVweUJveVVyYUtnR3dOREt5WDFjOVdVQnd0VWlLU0k2cTVDdUprWENTaTREUdIBX0FVX3lxTE1ITGZzcjlrQkNDWDE3RnBpdXVPV2RtVXNKT3NUUzRVcWYzSk5mRW92cWs2X09aVVNNeTZyYlhkekY2OUQ1UWwzcUJFY1hiTFgwU2hVS0xLWXZlVXFheFhJ%3Foc%3D5 "HTTP/2 200 OK"
2026-08-21 16:01:56,470 [INFO] HTTP Request: GET https://wafeeknfpzjzngzuphoz.supabase.co/rest/v1/articles?select=article_id&original_url=eq.https%3A%2F%2Fnews.google.com%2Frss%2Farticles%2FCBMiT0FVX3lxTE00Nkhqc0VNYks2STk3Vk9SVy16UWp0bmRCZGc5QlNHTjJlcms2Z0dfT0tZdDhvWmJZNnFka3RUcTVJX0s3VW5oYkp5UjYwcU0%3Foc%3D5 "HTTP/2 200 OK"
2026-08-21 16:01:56,489 [INFO] HTTP Request: GET https://wafeeknfpzjzngzuphoz.supabase.co/rest/v1/articles?select=article_id&original_url=eq.https%3A%2F%2Fnews.google.com%2Frss%2Farticles%2FCBMiXEFVX3lxTE9FTkJLTmFvLVJJem5NckxBWUJfVW5BWklBd1ExZjFhbF85NzFRR21HRTBCbHI3QWs0blN0aDhiVTNMX2xmN2ZVdER5dGV3LWNPUFFxMHJMM1RjRnJa%3Foc%3D5 "HTTP/2 200 OK"
2026-08-21 16:01:56,509 [INFO] HTTP Request: GET https://wafeeknfpzjzngzuphoz.supabase.co/rest/v1/articles?select=article_id&original_url=eq.https%3A%2F%2Fnews.google.com%2Frss%2Farticles%2FCBMiYkFVX3lxTE1FdWNubjI3UUxJLVFiMm13dGVzQ3NVUEdxRnUzTkpzSTRmQ3RySWtyYU9Nb05xbFJxUmNlazQ0VHdyNXg0d0toelUyZ2I1ODFBMGR4M09WSkY3Y3B5SEtEdTNB%3Foc%3D5 "HTTP/2 200 OK"
2026-08-21 16:01:56,531 [INFO] HTTP Request: GET https://wafeeknfpzjzngzuphoz.supabase.co/rest/v1/articles?select=article_id&original_url=eq.https%3A%2F%2Fnews.google.com%2Frss%2Farticles%2FCBMihAFBVV95cUxQOHc5V0xHTzhmMnc0bzNvbHdpU0Q1RjZPVjl6Z3hRTkpYYlRqWDEyZlQ5WnhORG56Ry1zNkQySWtQclFnTmlTeDZZcnFUckhka29Ed2RFTXZaaXhQX3FOQWJaOThFQUlTNzVwMTdzUFVRcml6b1hkS2R2M09NU2tuazFBaFA%3Foc%3D5 "HTTP/2 200 OK"
2026-08-21 16:01:56,563 [INFO] HTTP Request: GET https://wafeeknfpzjzngzuphoz.supabase.co/rest/v1/articles?select=article_id&original_url=eq.https%3A%2F%2Fnews.google.com%2Frss%2Farticles%2FCBMic0FVX3lxTE1kZmtaTGNLYUhmOEdnTXBqTm13b3ZKNXk1MS0xU3ZKWl9fTm5yc3hrNDRaeUF1TkF6WFFDU3QzZG0yTkNQbzZGbDNPMG1xU1ByeFZaSHhEOG9vZ09ZSDFtVXBILTVGd2dobFZfNnZzWk1kdUHSAXdBVV95cUxQcHR3Y092blBPc202b1JaOHh5ZFl1Vkw2NnRzdmNuRXBpYUpOQkc5NkpkMUFpWl9aN2VxVlZFSmZXSzdPOFhacHJjWXV6Unp2cGRVVUNCNFdJYjZ3bDZ1OTFDUXRFWXVHa0Uwa1dUUE43RlJvQ2Ztdw%3Foc%3D5 "HTTP/2 200 OK"
2026-08-21 16:01:56,584 [INFO] HTTP Request: GET https://wafeeknfpzjzngzuphoz.supabase.co/rest/v1/articles?select=article_id&original_url=eq.https%3A%2F%2Fnews.google.com%2Frss%2Farticles%2FCBMiaEFVX3lxTE9GdVM2T3VXYmhMWGxqSlFwREc5VzExOWpSWU1rNE5KY1VLTUlGcHJJZFVtdlBCSm0tclpMMWZINTJucnJObW05UXQxbDZ3aXJRNVBLVFgtUnFiWF9WRFh2YlphbUh4VGNP0gFsQVVfeXFMUFF2cUJROC1HMnpmNGNUVkJNa3htd2NsYk5CUzRTWjBGZkVwRXpKWWlFU2F5bVN3ZFNiai1aeU5SN1ZOWmZvRmJ6UTFrUzRqU2F6R0s0TEFtWl9CVXdzT3ZXdnRqU2hObS00enhK%3Foc%3D5 "HTTP/2 200 OK"
2026-08-21 16:01:56,603 [INFO] HTTP Request: GET https://wafeeknfpzjzngzuphoz.supabase.co/rest/v1/articles?select=article_id&original_url=eq.https%3A%2F%2Fnews.google.com%2Frss%2Farticles%2FCBMic0FVX3lxTE9EdUhvQV9xVlE2WER4QWV0NWx0ajRpbVBOR1VCclR2dkZpS21EakV2a1VFUVFuSmdjN2tLS0I4eWhXV2hIMjFFZ191Z09sNmFvZTY4ZFNYNzdBcmlWWmFhWHBuYlJ3eE03M245V19KMnFFRFk%3Foc%3D5 "HTTP/2 200 OK"
2026-08-21 16:01:56,621 [INFO] HTTP Request: GET https://wafeeknfpzjzngzuphoz.supabase.co/rest/v1/articles?select=article_id&original_url=eq.https%3A%2F%2Fnews.google.com%2Frss%2Farticles%2FCBMiZEFVX3lxTE8xaEVuWHhyODVkLWNFYlpFS0dldk50NUhRVUFkZnE4ZmM2ZmF5d2VtcWxoRWhUUk1qN2ZKOXgyakhPNVc3elVwV21iWWl6VXlEaDBGUmR3dVQ3XzgwM3V1SGtSb0s%3Foc%3D5 "HTTP/2 200 OK"
2026-08-21 16:01:56,756 [INFO] HTTP Request: GET https://wafeeknfpzjzngzuphoz.supabase.co/rest/v1/articles?select=article_id&original_url=eq.https%3A%2F%2Fyozm.wishket.com%2Fmagazine%2Fdetail%2F3908 "HTTP/2 200 OK"
2026-08-21 16:01:56,776 [INFO] HTTP Request: GET https://wafeeknfpzjzngzuphoz.supabase.co/rest/v1/articles?select=article_id&original_url=eq.https%3A%2F%2Fyozm.wishket.com%2Fmagazine%2Fdetail%2F3907 "HTTP/2 200 OK"
2026-08-21 16:01:56,796 [INFO] HTTP Request: GET https://wafeeknfpzjzngzuphoz.supabase.co/rest/v1/articles?select=article_id&original_url=eq.https%3A%2F%2Fyozm.wishket.com%2Fmagazine%2Fdetail%2F3906 "HTTP/2 200 OK"
2026-08-21 16:01:56,814 [INFO] HTTP Request: GET https://wafeeknfpzjzngzuphoz.supabase.co/rest/v1/articles?select=article_id&original_url=eq.https%3A%2F%2Fyozm.wishket.com%2Fmagazine%2Fdetail%2F3905 "HTTP/2 200 OK"
2026-08-21 16:01:56,832 [INFO] HTTP Request: GET https://wafeeknfpzjzngzuphoz.supabase.co/rest/v1/articles?select=article_id&original_url=eq.https%3A%2F%2Fyozm.wishket.com%2Fmagazine%2Fdetail%2F3904 "HTTP/2 200 OK"
2026-08-21 16:01:56,852 [INFO] HTTP Request: GET https://wafeeknfpzjzngzuphoz.supabase.co/rest/v1/articles?select=article_id&original_url=eq.https%3A%2F%2Fyozm.wishket.com%2Fmagazine%2Fdetail%2F3903 "HTTP/2 200 OK"
2026-08-21 16:01:56,870 [INFO] HTTP Request: GET https://wafeeknfpzjzngzuphoz.supabase.co/rest/v1/articles?select=article_id&original_url=eq.https%3A%2F%2Fyozm.wishket.com%2Fmagazine%2Fdetail%2F3902 "HTTP/2 200 OK"
2026-08-21 16:01:56,888 [INFO] HTTP Request: GET https://wafeeknfpzjzngzuphoz.supabase.co/rest/v1/articles?select=article_id&original_url=eq.https%3A%2F%2Fyozm.wishket.com%2Fmagazine%2Fdetail%2F3901 "HTTP/2 200 OK"
2026-08-21 16:01:56,910 [INFO] HTTP Request: GET https://wafeeknfpzjzngzuphoz.supabase.co/rest/v1/articles?select=article_id&original_url=eq.https%3A%2F%2Fyozm.wishket.com%2Fmagazine%2Fdetail%2F3900 "HTTP/2 200 OK"
2026-08-21 16:01:56,931 [INFO] HTTP Request: GET https://wafeeknfpzjzngzuphoz.supabase.co/rest/v1/articles?select=article_id&original_url=eq.https%3A%2F%2Fyozm.wishket.com%2Fmagazine%2Fdetail%2F3899 "HTTP/2 200 OK"
2026-08-21 16:01:57,253 [INFO] HTTP Request: GET https://wafeeknfpzjzngzuphoz.supabase.co/rest/v1/articles?select=article_id&original_url=eq.https%3A%2F%2Ftechblog.woowahan.com%2F26876%2F "HTTP/2 200 OK"
2026-08-21 16:01:57,272 [INFO] HTTP Request: GET https://wafeeknfpzjzngzuphoz.supabase.co/rest/v1/articles?select=article_id&original_url=eq.https%3A%2F%2Ftechblog.woowahan.com%2F26777%2F "HTTP/2 200 OK"
2026-08-21 16:01:57,291 [INFO] HTTP Request: GET https://wafeeknfpzjzngzuphoz.supabase.co/rest/v1/articles?select=article_id&original_url=eq.https%3A%2F%2Ftechblog.woowahan.com%2F26729%2F "HTTP/2 200 OK"
2026-08-21 16:01:57,312 [INFO] HTTP Request: GET https://wafeeknfpzjzngzuphoz.supabase.co/rest/v1/articles?select=article_id&original_url=eq.https%3A%2F%2Ftechblog.woowahan.com%2F26507%2F "HTTP/2 200 OK"
2026-08-21 16:01:57,332 [INFO] HTTP Request: GET https://wafeeknfpzjzngzuphoz.supabase.co/rest/v1/articles?select=article_id&original_url=eq.https%3A%2F%2Ftechblog.woowahan.com%2F26624%2F "HTTP/2 200 OK"
2026-08-21 16:01:57,355 [INFO] HTTP Request: GET https://wafeeknfpzjzngzuphoz.supabase.co/rest/v1/articles?select=article_id&original_url=eq.https%3A%2F%2Ftechblog.woowahan.com%2F26492%2F "HTTP/2 200 OK"
2026-08-21 16:01:57,374 [INFO] HTTP Request: GET https://wafeeknfpzjzngzuphoz.supabase.co/rest/v1/articles?select=article_id&original_url=eq.https%3A%2F%2Ftechblog.woowahan.com%2F26459%2F "HTTP/2 200 OK"
2026-08-21 16:01:57,395 [INFO] HTTP Request: GET https://wafeeknfpzjzngzuphoz.supabase.co/rest/v1/articles?select=article_id&original_url=eq.https%3A%2F%2Ftechblog.woowahan.com%2F26379%2F "HTTP/2 200 OK"
2026-08-21 16:01:57,414 [INFO] HTTP Request: GET https://wafeeknfpzjzngzuphoz.supabase.co/rest/v1/articles?select=article_id&original_url=eq.https%3A%2F%2Ftechblog.woowahan.com%2F26388%2F "HTTP/2 200 OK"
2026-08-21 16:01:57,431 [INFO] HTTP Request: GET https://wafeeknfpzjzngzuphoz.supabase.co/rest/v1/articles?select=article_id&original_url=eq.https%3A%2F%2Ftechblog.woowahan.com%2F26319%2F "HTTP/2 200 OK"
2026-08-21 16:01:57,553 [INFO] HTTP Request: GET https://wafeeknfpzjzngzuphoz.supabase.co/rest/v1/articles?select=article_id&original_url=eq.https%3A%2F%2Ftech.kakao.com%2Fposts%2F829 "HTTP/2 200 OK"
2026-08-21 16:01:57,570 [INFO] HTTP Request: GET https://wafeeknfpzjzngzuphoz.supabase.co/rest/v1/articles?select=article_id&original_url=eq.https%3A%2F%2Ftech.kakao.com%2Fposts%2F828 "HTTP/2 200 OK"
2026-08-21 16:01:57,589 [INFO] HTTP Request: GET https://wafeeknfpzjzngzuphoz.supabase.co/rest/v1/articles?select=article_id&original_url=eq.https%3A%2F%2Ftech.kakao.com%2Fposts%2F827 "HTTP/2 200 OK"
2026-08-21 16:01:57,607 [INFO] HTTP Request: GET https://wafeeknfpzjzngzuphoz.supabase.co/rest/v1/articles?select=article_id&original_url=eq.https%3A%2F%2Ftech.kakao.com%2Fposts%2F826 "HTTP/2 200 OK"
2026-08-21 16:01:57,626 [INFO] HTTP Request: GET https://wafeeknfpzjzngzuphoz.supabase.co/rest/v1/articles?select=article_id&original_url=eq.https%3A%2F%2Ftech.kakao.com%2Fposts%2F825 "HTTP/2 200 OK"
2026-08-21 16:01:57,645 [INFO] HTTP Request: GET https://wafeeknfpzjzngzuphoz.supabase.co/rest/v1/articles?select=article_id&original_url=eq.https%3A%2F%2Ftech.kakao.com%2Fposts%2F824 "HTTP/2 200 OK"
2026-08-21 16:01:57,664 [INFO] HTTP Request: GET https://wafeeknfpzjzngzuphoz.supabase.co/rest/v1/articles?select=article_id&original_url=eq.https%3A%2F%2Ftech.kakao.com%2Fposts%2F823 "HTTP/2 200 OK"
2026-08-21 16:01:57,683 [INFO] HTTP Request: GET https://wafeeknfpzjzngzuphoz.supabase.co/rest/v1/articles?select=article_id&original_url=eq.https%3A%2F%2Ftech.kakao.com%2Fposts%2F818 "HTTP/2 200 OK"
2026-08-21 16:01:57,703 [INFO] HTTP Request: GET https://wafeeknfpzjzngzuphoz.supabase.co/rest/v1/articles?select=article_id&original_url=eq.https%3A%2F%2Ftech.kakao.com%2Fposts%2F822 "HTTP/2 200 OK"
2026-08-21 16:01:57,724 [INFO] HTTP Request: GET https://wafeeknfpzjzngzuphoz.supabase.co/rest/v1/articles?select=article_id&original_url=eq.https%3A%2F%2Ftech.kakao.com%2Fposts%2F821 "HTTP/2 200 OK"
2026-08-21 16:01:57,756 [INFO] HTTP Request: GET https://wafeeknfpzjzngzuphoz.supabase.co/rest/v1/articles?select=category_id%2Coriginal_url%2Ctitle%2Csummary%2Csources%28name%2Ctype%2Creliability_score%29%2Ccategories%28name%29&collected_at=gte.2026-08-21T00%3A00%3A00 "HTTP/2 200 OK"
2026-08-21 16:01:57,764 [INFO] 📄 HTML 파일 생성 완료: news/2026-08-21.html
2026-08-21 16:01:57,764 [INFO] ✅ 총 0개 신규 기사 DB 저장 완료
2026-08-21 16:01:57,764 [INFO] 🔗 오늘자 웹페이지 확인: http://localhost:3000/news/2026-08-21.html

2026-08-21 16:04:17,115 [INFO] ⚡ [--now] 옵션 감지: 즉시 수집 작업을 실행합니다.
2026-08-21 16:04:17,115 [INFO] 🚀 [Start] RSS 피드 수집 및 DB 저장 시작
2026-08-21 16:04:17,466 [INFO] HTTP Request: GET https://wafeeknfpzjzngzuphoz.supabase.co/rest/v1/sources?select=source_id%2Cname%2Curl&is_active=eq.True "HTTP/2 200 OK"
2026-08-21 16:04:17,501 [INFO] HTTP Request: GET https://wafeeknfpzjzngzuphoz.supabase.co/rest/v1/categories?select=category_id%2Cname&is_active=eq.True "HTTP/2 200 OK"
2026-08-21 16:04:18,087 [INFO] HTTP Request: GET https://wafeeknfpzjzngzuphoz.supabase.co/rest/v1/articles?select=article_id&original_url=eq.https%3A%2F%2Fopenai.com%2Findex%2Fintroducing-ai-futures "HTTP/2 200 OK"
2026-08-21 16:04:18,109 [INFO] HTTP Request: GET https://wafeeknfpzjzngzuphoz.supabase.co/rest/v1/articles?select=article_id&original_url=eq.https%3A%2F%2Fopenai.com%2Findex%2Fstampli "HTTP/2 200 OK"
2026-08-21 16:04:18,133 [INFO] HTTP Request: GET https://wafeeknfpzjzngzuphoz.supabase.co/rest/v1/articles?select=article_id&original_url=eq.https%3A%2F%2Fopenai.com%2Findex%2Foffering-zero-data-retention-for-frontier-models "HTTP/2 200 OK"
2026-08-21 16:04:18,156 [INFO] HTTP Request: GET https://wafeeknfpzjzngzuphoz.supabase.co/rest/v1/articles?select=article_id&original_url=eq.https%3A%2F%2Fopenai.com%2Findex%2Freplit "HTTP/2 200 OK"
2026-08-21 16:04:18,181 [INFO] HTTP Request: GET https://wafeeknfpzjzngzuphoz.supabase.co/rest/v1/articles?select=article_id&original_url=eq.https%3A%2F%2Fopenai.com%2Findex%2Fchatgpt-ads-expands-across-europe "HTTP/2 200 OK"
2026-08-21 16:04:18,201 [INFO] HTTP Request: GET https://wafeeknfpzjzngzuphoz.supabase.co/rest/v1/articles?select=article_id&original_url=eq.https%3A%2F%2Fopenai.com%2Findex%2Fstrengthening-democratic-oversight-in-national-security "HTTP/2 200 OK"
2026-08-21 16:04:18,220 [INFO] HTTP Request: GET https://wafeeknfpzjzngzuphoz.supabase.co/rest/v1/articles?select=article_id&original_url=eq.https%3A%2F%2Fopenai.com%2Findex%2Fpartnering-with-codeai "HTTP/2 200 OK"
2026-08-21 16:04:18,246 [INFO] HTTP Request: GET https://wafeeknfpzjzngzuphoz.supabase.co/rest/v1/articles?select=article_id&original_url=eq.https%3A%2F%2Fopenai.com%2Findex%2Fpacing-model-development-cyber-capabilities "HTTP/2 200 OK"
2026-08-21 16:04:18,266 [INFO] HTTP Request: GET https://wafeeknfpzjzngzuphoz.supabase.co/rest/v1/articles?select=article_id&original_url=eq.https%3A%2F%2Fopenai.com%2Findex%2Fchatgpt-for-teens "HTTP/2 200 OK"
2026-08-21 16:04:18,286 [INFO] HTTP Request: GET https://wafeeknfpzjzngzuphoz.supabase.co/rest/v1/articles?select=article_id&original_url=eq.https%3A%2F%2Fopenai.com%2Findex%2Fnvidia%2Fchatgpt-work "HTTP/2 200 OK"
2026-08-21 16:04:19,120 [INFO] HTTP Request: GET https://wafeeknfpzjzngzuphoz.supabase.co/rest/v1/articles?select=article_id&original_url=eq.https%3A%2F%2Fblog.google%2Fproducts-and-platforms%2Fproducts%2Fsearch%2Fback-to-school-study-tools%2F "HTTP/2 200 OK"
2026-08-21 16:04:19,142 [INFO] HTTP Request: GET https://wafeeknfpzjzngzuphoz.supabase.co/rest/v1/articles?select=article_id&original_url=eq.https%3A%2F%2Fblog.google%2Fproducts-and-platforms%2Fproducts%2Fgemini%2Fgoogle-gemini-pixel-football-club-partnerships%2F "HTTP/2 200 OK"
2026-08-21 16:04:19,161 [INFO] HTTP Request: GET https://wafeeknfpzjzngzuphoz.supabase.co/rest/v1/articles?select=article_id&original_url=eq.https%3A%2F%2Fblog.google%2Fproducts-and-platforms%2Fproducts%2Fworkspace%2Fsheets-canvas-for-google-sheets-spreadsheets%2F "HTTP/2 200 OK"
2026-08-21 16:04:19,182 [INFO] HTTP Request: GET https://wafeeknfpzjzngzuphoz.supabase.co/rest/v1/articles?select=article_id&original_url=eq.https%3A%2F%2Fblog.google%2Finnovation-and-ai%2Fmodels-and-research%2Fgoogle-research%2Famie-video-consultations%2F "HTTP/2 200 OK"
2026-08-21 16:04:19,211 [INFO] HTTP Request: GET https://wafeeknfpzjzngzuphoz.supabase.co/rest/v1/articles?select=article_id&original_url=eq.https%3A%2F%2Fblog.google%2Fproducts%2Fads-commerce%2Fgoogle-ads-analytics-ai-updates%2F "HTTP/2 200 OK"
2026-08-21 16:04:19,229 [INFO] HTTP Request: GET https://wafeeknfpzjzngzuphoz.supabase.co/rest/v1/articles?select=article_id&original_url=eq.https%3A%2F%2Fblog.google%2Finnovation-and-ai%2Ftechnology%2Fai%2Fgoogle-ai-updates-july-2026%2F "HTTP/2 200 OK"
2026-08-21 16:04:19,248 [INFO] HTTP Request: GET https://wafeeknfpzjzngzuphoz.supabase.co/rest/v1/articles?select=article_id&original_url=eq.https%3A%2F%2Fblog.google%2Finnovation-and-ai%2Ftechnology%2Fdevelopers-tools%2Fai-agents-intensive-recap-2026%2F "HTTP/2 200 OK"
2026-08-21 16:04:19,270 [INFO] HTTP Request: GET https://wafeeknfpzjzngzuphoz.supabase.co/rest/v1/articles?select=article_id&original_url=eq.https%3A%2F%2Fblog.google%2Finnovation-and-ai%2Ftechnology%2Fdevelopers-tools%2Fexpanding-managed-agents-gemini-api-3-6-flash-hooks%2F "HTTP/2 200 OK"
2026-08-21 16:04:19,290 [INFO] HTTP Request: GET https://wafeeknfpzjzngzuphoz.supabase.co/rest/v1/articles?select=article_id&original_url=eq.https%3A%2F%2Fblog.google%2Fproducts-and-platforms%2Fproducts%2Fsearch%2Fai-mode-real-world-tips%2F "HTTP/2 200 OK"
2026-08-21 16:04:19,312 [INFO] HTTP Request: GET https://wafeeknfpzjzngzuphoz.supabase.co/rest/v1/articles?select=article_id&original_url=eq.https%3A%2F%2Fblog.google%2Fproducts-and-platforms%2Fproducts%2Fsearch%2Fdinner-party-hosting-tips%2F "HTTP/2 200 OK"
2026-08-21 16:04:20,166 [INFO] HTTP Request: GET https://wafeeknfpzjzngzuphoz.supabase.co/rest/v1/articles?select=article_id&original_url=eq.https%3A%2F%2Fnews.hada.io%2Ftopic%3Fid%3D32720 "HTTP/2 200 OK"
2026-08-21 16:04:20,187 [INFO] HTTP Request: GET https://wafeeknfpzjzngzuphoz.supabase.co/rest/v1/articles?select=article_id&original_url=eq.https%3A%2F%2Fnews.hada.io%2Ftopic%3Fid%3D32719 "HTTP/2 200 OK"
2026-08-21 16:04:20,205 [INFO] HTTP Request: GET https://wafeeknfpzjzngzuphoz.supabase.co/rest/v1/articles?select=article_id&original_url=eq.https%3A%2F%2Fnews.hada.io%2Ftopic%3Fid%3D32717 "HTTP/2 200 OK"
2026-08-21 16:04:20,225 [INFO] HTTP Request: GET https://wafeeknfpzjzngzuphoz.supabase.co/rest/v1/articles?select=article_id&original_url=eq.https%3A%2F%2Fnews.hada.io%2Ftopic%3Fid%3D32716 "HTTP/2 200 OK"
2026-08-21 16:04:20,244 [INFO] HTTP Request: GET https://wafeeknfpzjzngzuphoz.supabase.co/rest/v1/articles?select=article_id&original_url=eq.https%3A%2F%2Fnews.hada.io%2Ftopic%3Fid%3D32715 "HTTP/2 200 OK"
2026-08-21 16:04:20,266 [INFO] HTTP Request: GET https://wafeeknfpzjzngzuphoz.supabase.co/rest/v1/articles?select=article_id&original_url=eq.https%3A%2F%2Fnews.hada.io%2Ftopic%3Fid%3D32714 "HTTP/2 200 OK"
2026-08-21 16:04:20,285 [INFO] HTTP Request: GET https://wafeeknfpzjzngzuphoz.supabase.co/rest/v1/articles?select=article_id&original_url=eq.https%3A%2F%2Fnews.hada.io%2Ftopic%3Fid%3D32713 "HTTP/2 200 OK"
2026-08-21 16:04:20,306 [INFO] HTTP Request: GET https://wafeeknfpzjzngzuphoz.supabase.co/rest/v1/articles?select=article_id&original_url=eq.https%3A%2F%2Fnews.hada.io%2Ftopic%3Fid%3D32712 "HTTP/2 200 OK"
2026-08-21 16:04:20,324 [INFO] HTTP Request: GET https://wafeeknfpzjzngzuphoz.supabase.co/rest/v1/articles?select=article_id&original_url=eq.https%3A%2F%2Fnews.hada.io%2Ftopic%3Fid%3D32711 "HTTP/2 200 OK"
2026-08-21 16:04:20,342 [INFO] HTTP Request: GET https://wafeeknfpzjzngzuphoz.supabase.co/rest/v1/articles?select=article_id&original_url=eq.https%3A%2F%2Fnews.hada.io%2Ftopic%3Fid%3D32710 "HTTP/2 200 OK"
2026-08-21 16:04:20,423 [INFO] HTTP Request: GET https://wafeeknfpzjzngzuphoz.supabase.co/rest/v1/articles?select=article_id&original_url=eq.https%3A%2F%2Fwww.aitimes.com%2Fnews%2FarticleView.html%3Fidxno%3D214210 "HTTP/2 200 OK"
2026-08-21 16:04:20,446 [INFO] HTTP Request: GET https://wafeeknfpzjzngzuphoz.supabase.co/rest/v1/articles?select=article_id&original_url=eq.https%3A%2F%2Fwww.aitimes.com%2Fnews%2FarticleView.html%3Fidxno%3D214217 "HTTP/2 200 OK"
2026-08-21 16:04:20,467 [INFO] HTTP Request: GET https://wafeeknfpzjzngzuphoz.supabase.co/rest/v1/articles?select=article_id&original_url=eq.https%3A%2F%2Fwww.aitimes.com%2Fnews%2FarticleView.html%3Fidxno%3D214216 "HTTP/2 200 OK"
2026-08-21 16:04:20,485 [INFO] HTTP Request: GET https://wafeeknfpzjzngzuphoz.supabase.co/rest/v1/articles?select=article_id&original_url=eq.https%3A%2F%2Fwww.aitimes.com%2Fnews%2FarticleView.html%3Fidxno%3D214218 "HTTP/2 200 OK"
2026-08-21 16:04:20,504 [INFO] HTTP Request: GET https://wafeeknfpzjzngzuphoz.supabase.co/rest/v1/articles?select=article_id&original_url=eq.https%3A%2F%2Fwww.aitimes.com%2Fnews%2FarticleView.html%3Fidxno%3D214211 "HTTP/2 200 OK"
2026-08-21 16:04:20,521 [INFO] HTTP Request: GET https://wafeeknfpzjzngzuphoz.supabase.co/rest/v1/articles?select=article_id&original_url=eq.https%3A%2F%2Fwww.aitimes.com%2Fnews%2FarticleView.html%3Fidxno%3D214206 "HTTP/2 200 OK"
2026-08-21 16:04:20,541 [INFO] HTTP Request: GET https://wafeeknfpzjzngzuphoz.supabase.co/rest/v1/articles?select=article_id&original_url=eq.https%3A%2F%2Fwww.aitimes.com%2Fnews%2FarticleView.html%3Fidxno%3D214215 "HTTP/2 200 OK"
2026-08-21 16:04:20,561 [INFO] HTTP Request: GET https://wafeeknfpzjzngzuphoz.supabase.co/rest/v1/articles?select=article_id&original_url=eq.https%3A%2F%2Fwww.aitimes.com%2Fnews%2FarticleView.html%3Fidxno%3D214212 "HTTP/2 200 OK"
2026-08-21 16:04:20,580 [INFO] HTTP Request: GET https://wafeeknfpzjzngzuphoz.supabase.co/rest/v1/articles?select=article_id&original_url=eq.https%3A%2F%2Fwww.aitimes.com%2Fnews%2FarticleView.html%3Fidxno%3D214209 "HTTP/2 200 OK"
2026-08-21 16:04:20,599 [INFO] HTTP Request: GET https://wafeeknfpzjzngzuphoz.supabase.co/rest/v1/articles?select=article_id&original_url=eq.https%3A%2F%2Fwww.aitimes.com%2Fnews%2FarticleView.html%3Fidxno%3D214204 "HTTP/2 200 OK"
2026-08-21 16:04:21,114 [INFO] HTTP Request: GET https://wafeeknfpzjzngzuphoz.supabase.co/rest/v1/articles?select=article_id&original_url=eq.https%3A%2F%2Fnews.google.com%2Frss%2Farticles%2FCBMiXEFVX3lxTE9DWXkyN3hhUDFHR0tCMXdpVkt3OTAyS1dBUUN6QXBKTEpMOF9SLWJSZkl3VW5FdzE2N1JiYk13NGtFQXNnbjFZZ3Vsd3BZNGJLWDJTdVladTk0bXRi%3Foc%3D5 "HTTP/2 200 OK"
2026-08-21 16:04:21,134 [INFO] HTTP Request: GET https://wafeeknfpzjzngzuphoz.supabase.co/rest/v1/articles?select=article_id&original_url=eq.https%3A%2F%2Fnews.google.com%2Frss%2Farticles%2FCBMiVkFVX3lxTFBlSVhEWDF6dU85X3puVUswSzlXLUx4OXg5b0JZMlJYeHFXcHFsM1FLNEQ4MHQxTjlfRzZMZVhiU0JVTm5nS1paWnhEVXM1RzRmV0hWeWNR%3Foc%3D5 "HTTP/2 200 OK"
2026-08-21 16:04:21,164 [INFO] HTTP Request: GET https://wafeeknfpzjzngzuphoz.supabase.co/rest/v1/articles?select=article_id&original_url=eq.https%3A%2F%2Fnews.google.com%2Frss%2Farticles%2FCBMijgFBVV95cUxPaXVvNUlaeE5USjVKOGE5WEpLRDA2Y0c4Z3hONXZLaXc3X2IySmlzMy1kSExBUzNRMlY5dmUyNWNnX295R0tucnRKUi1aUnJsMjkzUllJWGdzbHVtajMyVG5pWW81YUxVbzhRQUh1T3E4bTJaU3AtRlFzQ0RjUzFxc1BqMkZpNGRwVUhXTi1R%3Foc%3D5 "HTTP/2 200 OK"
2026-08-21 16:04:21,182 [INFO] HTTP Request: GET https://wafeeknfpzjzngzuphoz.supabase.co/rest/v1/articles?select=article_id&original_url=eq.https%3A%2F%2Fnews.google.com%2Frss%2Farticles%2FCBMiSEFVX3lxTE1mczBWYm0wOEU3a2NSanExQ0V5ZjNDWmZhNURubTVxcmJDRUNjLXZzT1JmT2JlbVYwUjlWY0dxNXgxRW5ueHdveA%3Foc%3D5 "HTTP/2 200 OK"
2026-08-21 16:04:21,201 [INFO] HTTP Request: GET https://wafeeknfpzjzngzuphoz.supabase.co/rest/v1/articles?select=article_id&original_url=eq.https%3A%2F%2Fnews.google.com%2Frss%2Farticles%2FCBMib0FVX3lxTE1GYWxwbEp6YTFrUExYQ3J0aW1aVkdtTFptSlNqZ3dsWEdlLXI2RnJyb3UwQVhHWURDamk2UXE5N1dIMzQxZkxOT0R0V1gyUHRkYWhqdWgycHU4WHNXa2QtTUVReFpLbWZoZWlmS09nWQ%3Foc%3D5 "HTTP/2 200 OK"
2026-08-21 16:04:21,221 [INFO] HTTP Request: GET https://wafeeknfpzjzngzuphoz.supabase.co/rest/v1/articles?select=article_id&original_url=eq.https%3A%2F%2Fnews.google.com%2Frss%2Farticles%2FCBMiT0FVX3lxTFAzaWZPNVkxUlpVVTkzeEkyZURXNHppRWFtYkVEeUFCaDhTeVJFS0VubHd5Tjd6U09KRGI3ZDZYTXFNWWRQeHk5Q1F2eTlzeDQ%3Foc%3D5 "HTTP/2 200 OK"
2026-08-21 16:04:21,240 [INFO] HTTP Request: GET https://wafeeknfpzjzngzuphoz.supabase.co/rest/v1/articles?select=article_id&original_url=eq.https%3A%2F%2Fnews.google.com%2Frss%2Farticles%2FCBMiZEFVX3lxTE9Pdk1TUFhhVkFtNWhIX2VSYWpDVmZJRGhSLXN1OUdjOHV3MUZkTEwxdXltekZ3QUJPWTJVdEhpX3NhekUyUE45MEsySUQ0Y3lvZmNpeEJSdDJmMDl5UWdmTW0yUmvSAWhBVV95cUxQY0pZWjNrQkk5dmc5T21vRVFRZ05KYVlnOGRCc1I2cU1QczFoWWF0eXRBQkFLa20xRENOb1B4cnRmMmZta2lTdlljYjF3bVNzelp4enhONU52Z2twUDAxcTk2SDlTZU5ZNw%3Foc%3D5 "HTTP/2 200 OK"
2026-08-21 16:04:21,259 [INFO] HTTP Request: GET https://wafeeknfpzjzngzuphoz.supabase.co/rest/v1/articles?select=article_id&original_url=eq.https%3A%2F%2Fnews.google.com%2Frss%2Farticles%2FCBMiiAFBVV95cUxPcUNMUVl5OG0ydkJSb2c3eVJiLXNNdFYzQno4XzkyYzl2d2lvLUNnYzBzb1lqaHBxNzZtSXBuNzc0dlpfSHZuTC1TeG16RU1OQUhBUDFHaDVRQjB5bVBWazRINWdMZm1hYXpfOURrZzlQV1Ayb3ViWTRLZUl3eGdvdDY3WVVMNExo%3Foc%3D5 "HTTP/2 200 OK"
2026-08-21 16:04:21,279 [INFO] HTTP Request: GET https://wafeeknfpzjzngzuphoz.supabase.co/rest/v1/articles?select=article_id&original_url=eq.https%3A%2F%2Fnews.google.com%2Frss%2Farticles%2FCBMiWEFVX3lxTFBvd3pDNkp0cF9pMEIwd3lGQTg4VDE1VUVKREgtdEZRVUVuamgtZk5pNTlDM25oSnZCYVh1eENCQ1A0djlaYWdJU3RGWXdyakFlV2E3b1NZUEHSAV5BVV95cUxOMk1seVBkRzVWbHJUaW1IRzY4bTIyS1NEQnlMbzM2V1pPdW00N0pnazJTRW1sRF9QV3h3ZExUb0RDWU1HVGVGR2hwYW1WTzN3ZGVPX2NweG00ZDVUX3pR%3Foc%3D5 "HTTP/2 200 OK"
2026-08-21 16:04:21,298 [INFO] HTTP Request: GET https://wafeeknfpzjzngzuphoz.supabase.co/rest/v1/articles?select=article_id&original_url=eq.https%3A%2F%2Fnews.google.com%2Frss%2Farticles%2FCBMic0FVX3lxTE1WUnZtUmtkcS1Ec0ppZVV4WjBnNWswaTlPY1JsOXJaWkVaai1kdjdsSXNFY2tTM2hybFJGT3pnLUZUSEp3eHYzVGtYbkhsZEYxdTRhb2JQTXd5Z1I2YXROYlhQN3d6QWJZNHNhZjZreWp3YmM%3Foc%3D5 "HTTP/2 200 OK"
2026-08-21 16:04:21,933 [INFO] HTTP Request: GET https://wafeeknfpzjzngzuphoz.supabase.co/rest/v1/articles?select=article_id&original_url=eq.https%3A%2F%2Fnews.google.com%2Frss%2Farticles%2FCBMiVkFVX3lxTE1QNVk5ZkUyd3ZRRzBMU0VVZlVBRDZFYVltVFZLc0t6VzVlbFlsVGNnVFh1UWdTazFGd3VvMWdYWGlrUWNwSGFnODFQa2l2NlNLN2dEZHp3%3Foc%3D5 "HTTP/2 200 OK"
2026-08-21 16:04:21,953 [INFO] HTTP Request: GET https://wafeeknfpzjzngzuphoz.supabase.co/rest/v1/articles?select=article_id&original_url=eq.https%3A%2F%2Fnews.google.com%2Frss%2Farticles%2FCBMiWkFVX3lxTE95SGFjUDdLYVhPYXBjSXRhelZMMndBZXdkQTR0dTNvRG82U1hRbTVweUJveVVyYUtnR3dOREt5WDFjOVdVQnd0VWlLU0k2cTVDdUprWENTaTREUdIBX0FVX3lxTE1ITGZzcjlrQkNDWDE3RnBpdXVPV2RtVXNKT3NUUzRVcWYzSk5mRW92cWs2X09aVVNNeTZyYlhkekY2OUQ1UWwzcUJFY1hiTFgwU2hVS0xLWXZlVXFheFhJ%3Foc%3D5 "HTTP/2 200 OK"
2026-08-21 16:04:21,971 [INFO] HTTP Request: GET https://wafeeknfpzjzngzuphoz.supabase.co/rest/v1/articles?select=article_id&original_url=eq.https%3A%2F%2Fnews.google.com%2Frss%2Farticles%2FCBMiT0FVX3lxTE00Nkhqc0VNYks2STk3Vk9SVy16UWp0bmRCZGc5QlNHTjJlcms2Z0dfT0tZdDhvWmJZNnFka3RUcTVJX0s3VW5oYkp5UjYwcU0%3Foc%3D5 "HTTP/2 200 OK"
2026-08-21 16:04:21,991 [INFO] HTTP Request: GET https://wafeeknfpzjzngzuphoz.supabase.co/rest/v1/articles?select=article_id&original_url=eq.https%3A%2F%2Fnews.google.com%2Frss%2Farticles%2FCBMiXEFVX3lxTE9FTkJLTmFvLVJJem5NckxBWUJfVW5BWklBd1ExZjFhbF85NzFRR21HRTBCbHI3QWs0blN0aDhiVTNMX2xmN2ZVdER5dGV3LWNPUFFxMHJMM1RjRnJa%3Foc%3D5 "HTTP/2 200 OK"
2026-08-21 16:04:22,009 [INFO] HTTP Request: GET https://wafeeknfpzjzngzuphoz.supabase.co/rest/v1/articles?select=article_id&original_url=eq.https%3A%2F%2Fnews.google.com%2Frss%2Farticles%2FCBMiYkFVX3lxTE1FdWNubjI3UUxJLVFiMm13dGVzQ3NVUEdxRnUzTkpzSTRmQ3RySWtyYU9Nb05xbFJxUmNlazQ0VHdyNXg0d0toelUyZ2I1ODFBMGR4M09WSkY3Y3B5SEtEdTNB%3Foc%3D5 "HTTP/2 200 OK"
2026-08-21 16:04:22,028 [INFO] HTTP Request: GET https://wafeeknfpzjzngzuphoz.supabase.co/rest/v1/articles?select=article_id&original_url=eq.https%3A%2F%2Fnews.google.com%2Frss%2Farticles%2FCBMihAFBVV95cUxQOHc5V0xHTzhmMnc0bzNvbHdpU0Q1RjZPVjl6Z3hRTkpYYlRqWDEyZlQ5WnhORG56Ry1zNkQySWtQclFnTmlTeDZZcnFUckhka29Ed2RFTXZaaXhQX3FOQWJaOThFQUlTNzVwMTdzUFVRcml6b1hkS2R2M09NU2tuazFBaFA%3Foc%3D5 "HTTP/2 200 OK"
2026-08-21 16:04:22,046 [INFO] HTTP Request: GET https://wafeeknfpzjzngzuphoz.supabase.co/rest/v1/articles?select=article_id&original_url=eq.https%3A%2F%2Fnews.google.com%2Frss%2Farticles%2FCBMic0FVX3lxTE1kZmtaTGNLYUhmOEdnTXBqTm13b3ZKNXk1MS0xU3ZKWl9fTm5yc3hrNDRaeUF1TkF6WFFDU3QzZG0yTkNQbzZGbDNPMG1xU1ByeFZaSHhEOG9vZ09ZSDFtVXBILTVGd2dobFZfNnZzWk1kdUHSAXdBVV95cUxQcHR3Y092blBPc202b1JaOHh5ZFl1Vkw2NnRzdmNuRXBpYUpOQkc5NkpkMUFpWl9aN2VxVlZFSmZXSzdPOFhacHJjWXV6Unp2cGRVVUNCNFdJYjZ3bDZ1OTFDUXRFWXVHa0Uwa1dUUE43RlJvQ2Ztdw%3Foc%3D5 "HTTP/2 200 OK"
2026-08-21 16:04:22,065 [INFO] HTTP Request: GET https://wafeeknfpzjzngzuphoz.supabase.co/rest/v1/articles?select=article_id&original_url=eq.https%3A%2F%2Fnews.google.com%2Frss%2Farticles%2FCBMiaEFVX3lxTE9GdVM2T3VXYmhMWGxqSlFwREc5VzExOWpSWU1rNE5KY1VLTUlGcHJJZFVtdlBCSm0tclpMMWZINTJucnJObW05UXQxbDZ3aXJRNVBLVFgtUnFiWF9WRFh2YlphbUh4VGNP0gFsQVVfeXFMUFF2cUJROC1HMnpmNGNUVkJNa3htd2NsYk5CUzRTWjBGZkVwRXpKWWlFU2F5bVN3ZFNiai1aeU5SN1ZOWmZvRmJ6UTFrUzRqU2F6R0s0TEFtWl9CVXdzT3ZXdnRqU2hObS00enhK%3Foc%3D5 "HTTP/2 200 OK"
2026-08-21 16:04:22,085 [INFO] HTTP Request: GET https://wafeeknfpzjzngzuphoz.supabase.co/rest/v1/articles?select=article_id&original_url=eq.https%3A%2F%2Fnews.google.com%2Frss%2Farticles%2FCBMic0FVX3lxTE9EdUhvQV9xVlE2WER4QWV0NWx0ajRpbVBOR1VCclR2dkZpS21EakV2a1VFUVFuSmdjN2tLS0I4eWhXV2hIMjFFZ191Z09sNmFvZTY4ZFNYNzdBcmlWWmFhWHBuYlJ3eE03M245V19KMnFFRFk%3Foc%3D5 "HTTP/2 200 OK"
2026-08-21 16:04:22,111 [INFO] HTTP Request: GET https://wafeeknfpzjzngzuphoz.supabase.co/rest/v1/articles?select=article_id&original_url=eq.https%3A%2F%2Fnews.google.com%2Frss%2Farticles%2FCBMiZEFVX3lxTE8xaEVuWHhyODVkLWNFYlpFS0dldk50NUhRVUFkZnE4ZmM2ZmF5d2VtcWxoRWhUUk1qN2ZKOXgyakhPNVc3elVwV21iWWl6VXlEaDBGUmR3dVQ3XzgwM3V1SGtSb0s%3Foc%3D5 "HTTP/2 200 OK"
2026-08-21 16:04:22,241 [INFO] HTTP Request: GET https://wafeeknfpzjzngzuphoz.supabase.co/rest/v1/articles?select=article_id&original_url=eq.https%3A%2F%2Fyozm.wishket.com%2Fmagazine%2Fdetail%2F3908 "HTTP/2 200 OK"
2026-08-21 16:04:22,261 [INFO] HTTP Request: GET https://wafeeknfpzjzngzuphoz.supabase.co/rest/v1/articles?select=article_id&original_url=eq.https%3A%2F%2Fyozm.wishket.com%2Fmagazine%2Fdetail%2F3907 "HTTP/2 200 OK"
2026-08-21 16:04:22,279 [INFO] HTTP Request: GET https://wafeeknfpzjzngzuphoz.supabase.co/rest/v1/articles?select=article_id&original_url=eq.https%3A%2F%2Fyozm.wishket.com%2Fmagazine%2Fdetail%2F3906 "HTTP/2 200 OK"
2026-08-21 16:04:22,298 [INFO] HTTP Request: GET https://wafeeknfpzjzngzuphoz.supabase.co/rest/v1/articles?select=article_id&original_url=eq.https%3A%2F%2Fyozm.wishket.com%2Fmagazine%2Fdetail%2F3905 "HTTP/2 200 OK"
2026-08-21 16:04:22,318 [INFO] HTTP Request: GET https://wafeeknfpzjzngzuphoz.supabase.co/rest/v1/articles?select=article_id&original_url=eq.https%3A%2F%2Fyozm.wishket.com%2Fmagazine%2Fdetail%2F3904 "HTTP/2 200 OK"
2026-08-21 16:04:22,337 [INFO] HTTP Request: GET https://wafeeknfpzjzngzuphoz.supabase.co/rest/v1/articles?select=article_id&original_url=eq.https%3A%2F%2Fyozm.wishket.com%2Fmagazine%2Fdetail%2F3903 "HTTP/2 200 OK"
2026-08-21 16:04:22,364 [INFO] HTTP Request: GET https://wafeeknfpzjzngzuphoz.supabase.co/rest/v1/articles?select=article_id&original_url=eq.https%3A%2F%2Fyozm.wishket.com%2Fmagazine%2Fdetail%2F3902 "HTTP/2 200 OK"
2026-08-21 16:04:22,383 [INFO] HTTP Request: GET https://wafeeknfpzjzngzuphoz.supabase.co/rest/v1/articles?select=article_id&original_url=eq.https%3A%2F%2Fyozm.wishket.com%2Fmagazine%2Fdetail%2F3901 "HTTP/2 200 OK"
2026-08-21 16:04:22,403 [INFO] HTTP Request: GET https://wafeeknfpzjzngzuphoz.supabase.co/rest/v1/articles?select=article_id&original_url=eq.https%3A%2F%2Fyozm.wishket.com%2Fmagazine%2Fdetail%2F3900 "HTTP/2 200 OK"
2026-08-21 16:04:22,424 [INFO] HTTP Request: GET https://wafeeknfpzjzngzuphoz.supabase.co/rest/v1/articles?select=article_id&original_url=eq.https%3A%2F%2Fyozm.wishket.com%2Fmagazine%2Fdetail%2F3899 "HTTP/2 200 OK"
2026-08-21 16:04:22,798 [INFO] HTTP Request: GET https://wafeeknfpzjzngzuphoz.supabase.co/rest/v1/articles?select=article_id&original_url=eq.https%3A%2F%2Ftechblog.woowahan.com%2F26876%2F "HTTP/2 200 OK"
2026-08-21 16:04:22,818 [INFO] HTTP Request: GET https://wafeeknfpzjzngzuphoz.supabase.co/rest/v1/articles?select=article_id&original_url=eq.https%3A%2F%2Ftechblog.woowahan.com%2F26777%2F "HTTP/2 200 OK"
2026-08-21 16:04:22,836 [INFO] HTTP Request: GET https://wafeeknfpzjzngzuphoz.supabase.co/rest/v1/articles?select=article_id&original_url=eq.https%3A%2F%2Ftechblog.woowahan.com%2F26729%2F "HTTP/2 200 OK"
2026-08-21 16:04:22,854 [INFO] HTTP Request: GET https://wafeeknfpzjzngzuphoz.supabase.co/rest/v1/articles?select=article_id&original_url=eq.https%3A%2F%2Ftechblog.woowahan.com%2F26507%2F "HTTP/2 200 OK"
2026-08-21 16:04:22,873 [INFO] HTTP Request: GET https://wafeeknfpzjzngzuphoz.supabase.co/rest/v1/articles?select=article_id&original_url=eq.https%3A%2F%2Ftechblog.woowahan.com%2F26624%2F "HTTP/2 200 OK"
2026-08-21 16:04:22,892 [INFO] HTTP Request: GET https://wafeeknfpzjzngzuphoz.supabase.co/rest/v1/articles?select=article_id&original_url=eq.https%3A%2F%2Ftechblog.woowahan.com%2F26492%2F "HTTP/2 200 OK"
2026-08-21 16:04:22,910 [INFO] HTTP Request: GET https://wafeeknfpzjzngzuphoz.supabase.co/rest/v1/articles?select=article_id&original_url=eq.https%3A%2F%2Ftechblog.woowahan.com%2F26459%2F "HTTP/2 200 OK"
2026-08-21 16:04:22,931 [INFO] HTTP Request: GET https://wafeeknfpzjzngzuphoz.supabase.co/rest/v1/articles?select=article_id&original_url=eq.https%3A%2F%2Ftechblog.woowahan.com%2F26379%2F "HTTP/2 200 OK"
2026-08-21 16:04:22,948 [INFO] HTTP Request: GET https://wafeeknfpzjzngzuphoz.supabase.co/rest/v1/articles?select=article_id&original_url=eq.https%3A%2F%2Ftechblog.woowahan.com%2F26388%2F "HTTP/2 200 OK"
2026-08-21 16:04:22,967 [INFO] HTTP Request: GET https://wafeeknfpzjzngzuphoz.supabase.co/rest/v1/articles?select=article_id&original_url=eq.https%3A%2F%2Ftechblog.woowahan.com%2F26319%2F "HTTP/2 200 OK"
2026-08-21 16:04:23,087 [INFO] HTTP Request: GET https://wafeeknfpzjzngzuphoz.supabase.co/rest/v1/articles?select=article_id&original_url=eq.https%3A%2F%2Ftech.kakao.com%2Fposts%2F829 "HTTP/2 200 OK"
2026-08-21 16:04:23,105 [INFO] HTTP Request: GET https://wafeeknfpzjzngzuphoz.supabase.co/rest/v1/articles?select=article_id&original_url=eq.https%3A%2F%2Ftech.kakao.com%2Fposts%2F828 "HTTP/2 200 OK"
2026-08-21 16:04:23,127 [INFO] HTTP Request: GET https://wafeeknfpzjzngzuphoz.supabase.co/rest/v1/articles?select=article_id&original_url=eq.https%3A%2F%2Ftech.kakao.com%2Fposts%2F827 "HTTP/2 200 OK"
2026-08-21 16:04:23,145 [INFO] HTTP Request: GET https://wafeeknfpzjzngzuphoz.supabase.co/rest/v1/articles?select=article_id&original_url=eq.https%3A%2F%2Ftech.kakao.com%2Fposts%2F826 "HTTP/2 200 OK"
2026-08-21 16:04:23,164 [INFO] HTTP Request: GET https://wafeeknfpzjzngzuphoz.supabase.co/rest/v1/articles?select=article_id&original_url=eq.https%3A%2F%2Ftech.kakao.com%2Fposts%2F825 "HTTP/2 200 OK"
2026-08-21 16:04:23,183 [INFO] HTTP Request: GET https://wafeeknfpzjzngzuphoz.supabase.co/rest/v1/articles?select=article_id&original_url=eq.https%3A%2F%2Ftech.kakao.com%2Fposts%2F824 "HTTP/2 200 OK"
2026-08-21 16:04:23,204 [INFO] HTTP Request: GET https://wafeeknfpzjzngzuphoz.supabase.co/rest/v1/articles?select=article_id&original_url=eq.https%3A%2F%2Ftech.kakao.com%2Fposts%2F823 "HTTP/2 200 OK"
2026-08-21 16:04:23,224 [INFO] HTTP Request: GET https://wafeeknfpzjzngzuphoz.supabase.co/rest/v1/articles?select=article_id&original_url=eq.https%3A%2F%2Ftech.kakao.com%2Fposts%2F818 "HTTP/2 200 OK"
2026-08-21 16:04:23,244 [INFO] HTTP Request: GET https://wafeeknfpzjzngzuphoz.supabase.co/rest/v1/articles?select=article_id&original_url=eq.https%3A%2F%2Ftech.kakao.com%2Fposts%2F822 "HTTP/2 200 OK"
2026-08-21 16:04:23,263 [INFO] HTTP Request: GET https://wafeeknfpzjzngzuphoz.supabase.co/rest/v1/articles?select=article_id&original_url=eq.https%3A%2F%2Ftech.kakao.com%2Fposts%2F821 "HTTP/2 200 OK"
2026-08-21 16:04:23,299 [INFO] HTTP Request: GET https://wafeeknfpzjzngzuphoz.supabase.co/rest/v1/articles?select=category_id%2Coriginal_url%2Ctitle%2Csummary%2Csources%28name%2Ctype%2Creliability_score%29%2Ccategories%28name%29&collected_at=gte.2026-08-21T00%3A00%3A00 "HTTP/2 200 OK"
2026-08-21 16:04:23,307 [INFO] 📄 HTML 파일 생성 완료: news/2026-08-21.html
2026-08-21 16:04:23,307 [INFO] ✅ 총 0개 신규 기사 DB 저장 완료
2026-08-21 16:04:23,307 [INFO] 🔗 오늘자 웹페이지 확인: http://localhost:3000/news/2026-08-21.html

2026-08-21 16:08:50,719 [INFO] ⚡ [--now] 옵션 감지: 즉시 수집 작업을 실행합니다.
2026-08-21 16:08:50,719 [INFO] 🚀 [Start] RSS 피드 수집 및 DB 저장 시작
2026-08-21 16:08:51,093 [INFO] HTTP Request: GET https://wafeeknfpzjzngzuphoz.supabase.co/rest/v1/sources?select=source_id%2Cname%2Curl&is_active=eq.True "HTTP/2 200 OK"
2026-08-21 16:08:51,134 [INFO] HTTP Request: GET https://wafeeknfpzjzngzuphoz.supabase.co/rest/v1/categories?select=category_id%2Cname&is_active=eq.True "HTTP/2 200 OK"
2026-08-21 16:08:51,726 [INFO] HTTP Request: GET https://wafeeknfpzjzngzuphoz.supabase.co/rest/v1/articles?select=article_id&original_url=eq.https%3A%2F%2Fopenai.com%2Findex%2Fintroducing-ai-futures "HTTP/2 200 OK"
2026-08-21 16:08:51,760 [INFO] HTTP Request: GET https://wafeeknfpzjzngzuphoz.supabase.co/rest/v1/articles?select=article_id&original_url=eq.https%3A%2F%2Fopenai.com%2Findex%2Fstampli "HTTP/2 200 OK"
2026-08-21 16:08:51,790 [INFO] HTTP Request: GET https://wafeeknfpzjzngzuphoz.supabase.co/rest/v1/articles?select=article_id&original_url=eq.https%3A%2F%2Fopenai.com%2Findex%2Foffering-zero-data-retention-for-frontier-models "HTTP/2 200 OK"
2026-08-21 16:08:51,821 [INFO] HTTP Request: GET https://wafeeknfpzjzngzuphoz.supabase.co/rest/v1/articles?select=article_id&original_url=eq.https%3A%2F%2Fopenai.com%2Findex%2Freplit "HTTP/2 200 OK"
2026-08-21 16:08:51,840 [INFO] HTTP Request: GET https://wafeeknfpzjzngzuphoz.supabase.co/rest/v1/articles?select=article_id&original_url=eq.https%3A%2F%2Fopenai.com%2Findex%2Fchatgpt-ads-expands-across-europe "HTTP/2 200 OK"
2026-08-21 16:08:51,867 [INFO] HTTP Request: GET https://wafeeknfpzjzngzuphoz.supabase.co/rest/v1/articles?select=article_id&original_url=eq.https%3A%2F%2Fopenai.com%2Findex%2Fstrengthening-democratic-oversight-in-national-security "HTTP/2 200 OK"
2026-08-21 16:08:51,896 [INFO] HTTP Request: GET https://wafeeknfpzjzngzuphoz.supabase.co/rest/v1/articles?select=article_id&original_url=eq.https%3A%2F%2Fopenai.com%2Findex%2Fpartnering-with-codeai "HTTP/2 200 OK"
2026-08-21 16:08:51,926 [INFO] HTTP Request: GET https://wafeeknfpzjzngzuphoz.supabase.co/rest/v1/articles?select=article_id&original_url=eq.https%3A%2F%2Fopenai.com%2Findex%2Fpacing-model-development-cyber-capabilities "HTTP/2 200 OK"
2026-08-21 16:08:51,943 [INFO] HTTP Request: GET https://wafeeknfpzjzngzuphoz.supabase.co/rest/v1/articles?select=article_id&original_url=eq.https%3A%2F%2Fopenai.com%2Findex%2Fchatgpt-for-teens "HTTP/2 200 OK"
2026-08-21 16:08:51,962 [INFO] HTTP Request: GET https://wafeeknfpzjzngzuphoz.supabase.co/rest/v1/articles?select=article_id&original_url=eq.https%3A%2F%2Fopenai.com%2Findex%2Fnvidia%2Fchatgpt-work "HTTP/2 200 OK"
2026-08-21 16:08:52,779 [INFO] HTTP Request: GET https://wafeeknfpzjzngzuphoz.supabase.co/rest/v1/articles?select=article_id&original_url=eq.https%3A%2F%2Fblog.google%2Fproducts-and-platforms%2Fproducts%2Fsearch%2Fback-to-school-study-tools%2F "HTTP/2 200 OK"
2026-08-21 16:08:52,795 [INFO] HTTP Request: GET https://wafeeknfpzjzngzuphoz.supabase.co/rest/v1/articles?select=article_id&original_url=eq.https%3A%2F%2Fblog.google%2Fproducts-and-platforms%2Fproducts%2Fgemini%2Fgoogle-gemini-pixel-football-club-partnerships%2F "HTTP/2 200 OK"
2026-08-21 16:08:52,826 [INFO] HTTP Request: GET https://wafeeknfpzjzngzuphoz.supabase.co/rest/v1/articles?select=article_id&original_url=eq.https%3A%2F%2Fblog.google%2Fproducts-and-platforms%2Fproducts%2Fworkspace%2Fsheets-canvas-for-google-sheets-spreadsheets%2F "HTTP/2 200 OK"
2026-08-21 16:08:52,846 [INFO] HTTP Request: GET https://wafeeknfpzjzngzuphoz.supabase.co/rest/v1/articles?select=article_id&original_url=eq.https%3A%2F%2Fblog.google%2Finnovation-and-ai%2Fmodels-and-research%2Fgoogle-research%2Famie-video-consultations%2F "HTTP/2 200 OK"
2026-08-21 16:08:52,865 [INFO] HTTP Request: GET https://wafeeknfpzjzngzuphoz.supabase.co/rest/v1/articles?select=article_id&original_url=eq.https%3A%2F%2Fblog.google%2Fproducts%2Fads-commerce%2Fgoogle-ads-analytics-ai-updates%2F "HTTP/2 200 OK"
2026-08-21 16:08:52,885 [INFO] HTTP Request: GET https://wafeeknfpzjzngzuphoz.supabase.co/rest/v1/articles?select=article_id&original_url=eq.https%3A%2F%2Fblog.google%2Finnovation-and-ai%2Ftechnology%2Fai%2Fgoogle-ai-updates-july-2026%2F "HTTP/2 200 OK"
2026-08-21 16:08:52,908 [INFO] HTTP Request: GET https://wafeeknfpzjzngzuphoz.supabase.co/rest/v1/articles?select=article_id&original_url=eq.https%3A%2F%2Fblog.google%2Finnovation-and-ai%2Ftechnology%2Fdevelopers-tools%2Fai-agents-intensive-recap-2026%2F "HTTP/2 200 OK"
2026-08-21 16:08:52,925 [INFO] HTTP Request: GET https://wafeeknfpzjzngzuphoz.supabase.co/rest/v1/articles?select=article_id&original_url=eq.https%3A%2F%2Fblog.google%2Finnovation-and-ai%2Ftechnology%2Fdevelopers-tools%2Fexpanding-managed-agents-gemini-api-3-6-flash-hooks%2F "HTTP/2 200 OK"
2026-08-21 16:08:52,951 [INFO] HTTP Request: GET https://wafeeknfpzjzngzuphoz.supabase.co/rest/v1/articles?select=article_id&original_url=eq.https%3A%2F%2Fblog.google%2Fproducts-and-platforms%2Fproducts%2Fsearch%2Fai-mode-real-world-tips%2F "HTTP/2 200 OK"
2026-08-21 16:08:52,970 [INFO] HTTP Request: GET https://wafeeknfpzjzngzuphoz.supabase.co/rest/v1/articles?select=article_id&original_url=eq.https%3A%2F%2Fblog.google%2Fproducts-and-platforms%2Fproducts%2Fsearch%2Fdinner-party-hosting-tips%2F "HTTP/2 200 OK"
2026-08-21 16:08:53,732 [INFO] HTTP Request: GET https://wafeeknfpzjzngzuphoz.supabase.co/rest/v1/articles?select=article_id&original_url=eq.https%3A%2F%2Fnews.hada.io%2Farticle%2Fopenrouter-is-not-just-a-proxy "HTTP/2 200 OK"
2026-08-21 16:08:53,770 [INFO] HTTP Request: POST https://wafeeknfpzjzngzuphoz.supabase.co/rest/v1/articles "HTTP/2 201 Created"
2026-08-21 16:08:53,790 [INFO] HTTP Request: GET https://wafeeknfpzjzngzuphoz.supabase.co/rest/v1/articles?select=article_id&original_url=eq.https%3A%2F%2Fnews.hada.io%2Ftopic%3Fid%3D32720 "HTTP/2 200 OK"
2026-08-21 16:08:53,809 [INFO] HTTP Request: GET https://wafeeknfpzjzngzuphoz.supabase.co/rest/v1/articles?select=article_id&original_url=eq.https%3A%2F%2Fnews.hada.io%2Ftopic%3Fid%3D32719 "HTTP/2 200 OK"
2026-08-21 16:08:53,826 [INFO] HTTP Request: GET https://wafeeknfpzjzngzuphoz.supabase.co/rest/v1/articles?select=article_id&original_url=eq.https%3A%2F%2Fnews.hada.io%2Ftopic%3Fid%3D32717 "HTTP/2 200 OK"
2026-08-21 16:08:53,845 [INFO] HTTP Request: GET https://wafeeknfpzjzngzuphoz.supabase.co/rest/v1/articles?select=article_id&original_url=eq.https%3A%2F%2Fnews.hada.io%2Ftopic%3Fid%3D32716 "HTTP/2 200 OK"
2026-08-21 16:08:53,861 [INFO] HTTP Request: GET https://wafeeknfpzjzngzuphoz.supabase.co/rest/v1/articles?select=article_id&original_url=eq.https%3A%2F%2Fnews.hada.io%2Ftopic%3Fid%3D32715 "HTTP/2 200 OK"
2026-08-21 16:08:53,884 [INFO] HTTP Request: GET https://wafeeknfpzjzngzuphoz.supabase.co/rest/v1/articles?select=article_id&original_url=eq.https%3A%2F%2Fnews.hada.io%2Ftopic%3Fid%3D32714 "HTTP/2 200 OK"
2026-08-21 16:08:53,900 [INFO] HTTP Request: GET https://wafeeknfpzjzngzuphoz.supabase.co/rest/v1/articles?select=article_id&original_url=eq.https%3A%2F%2Fnews.hada.io%2Ftopic%3Fid%3D32713 "HTTP/2 200 OK"
2026-08-21 16:08:53,918 [INFO] HTTP Request: GET https://wafeeknfpzjzngzuphoz.supabase.co/rest/v1/articles?select=article_id&original_url=eq.https%3A%2F%2Fnews.hada.io%2Ftopic%3Fid%3D32712 "HTTP/2 200 OK"
2026-08-21 16:08:53,936 [INFO] HTTP Request: GET https://wafeeknfpzjzngzuphoz.supabase.co/rest/v1/articles?select=article_id&original_url=eq.https%3A%2F%2Fnews.hada.io%2Ftopic%3Fid%3D32711 "HTTP/2 200 OK"
2026-08-21 16:08:54,008 [INFO] HTTP Request: GET https://wafeeknfpzjzngzuphoz.supabase.co/rest/v1/articles?select=article_id&original_url=eq.https%3A%2F%2Fwww.aitimes.com%2Fnews%2FarticleView.html%3Fidxno%3D214210 "HTTP/2 200 OK"
2026-08-21 16:08:54,026 [INFO] HTTP Request: GET https://wafeeknfpzjzngzuphoz.supabase.co/rest/v1/articles?select=article_id&original_url=eq.https%3A%2F%2Fwww.aitimes.com%2Fnews%2FarticleView.html%3Fidxno%3D214217 "HTTP/2 200 OK"
2026-08-21 16:08:54,043 [INFO] HTTP Request: GET https://wafeeknfpzjzngzuphoz.supabase.co/rest/v1/articles?select=article_id&original_url=eq.https%3A%2F%2Fwww.aitimes.com%2Fnews%2FarticleView.html%3Fidxno%3D214216 "HTTP/2 200 OK"
2026-08-21 16:08:54,060 [INFO] HTTP Request: GET https://wafeeknfpzjzngzuphoz.supabase.co/rest/v1/articles?select=article_id&original_url=eq.https%3A%2F%2Fwww.aitimes.com%2Fnews%2FarticleView.html%3Fidxno%3D214218 "HTTP/2 200 OK"
2026-08-21 16:08:54,077 [INFO] HTTP Request: GET https://wafeeknfpzjzngzuphoz.supabase.co/rest/v1/articles?select=article_id&original_url=eq.https%3A%2F%2Fwww.aitimes.com%2Fnews%2FarticleView.html%3Fidxno%3D214211 "HTTP/2 200 OK"
2026-08-21 16:08:54,100 [INFO] HTTP Request: GET https://wafeeknfpzjzngzuphoz.supabase.co/rest/v1/articles?select=article_id&original_url=eq.https%3A%2F%2Fwww.aitimes.com%2Fnews%2FarticleView.html%3Fidxno%3D214206 "HTTP/2 200 OK"
2026-08-21 16:08:54,119 [INFO] HTTP Request: GET https://wafeeknfpzjzngzuphoz.supabase.co/rest/v1/articles?select=article_id&original_url=eq.https%3A%2F%2Fwww.aitimes.com%2Fnews%2FarticleView.html%3Fidxno%3D214215 "HTTP/2 200 OK"
2026-08-21 16:08:54,138 [INFO] HTTP Request: GET https://wafeeknfpzjzngzuphoz.supabase.co/rest/v1/articles?select=article_id&original_url=eq.https%3A%2F%2Fwww.aitimes.com%2Fnews%2FarticleView.html%3Fidxno%3D214212 "HTTP/2 200 OK"
2026-08-21 16:08:54,157 [INFO] HTTP Request: GET https://wafeeknfpzjzngzuphoz.supabase.co/rest/v1/articles?select=article_id&original_url=eq.https%3A%2F%2Fwww.aitimes.com%2Fnews%2FarticleView.html%3Fidxno%3D214209 "HTTP/2 200 OK"
2026-08-21 16:08:54,176 [INFO] HTTP Request: GET https://wafeeknfpzjzngzuphoz.supabase.co/rest/v1/articles?select=article_id&original_url=eq.https%3A%2F%2Fwww.aitimes.com%2Fnews%2FarticleView.html%3Fidxno%3D214204 "HTTP/2 200 OK"
2026-08-21 16:08:54,793 [INFO] HTTP Request: GET https://wafeeknfpzjzngzuphoz.supabase.co/rest/v1/articles?select=article_id&original_url=eq.https%3A%2F%2Fnews.google.com%2Frss%2Farticles%2FCBMiXEFVX3lxTE9DWXkyN3hhUDFHR0tCMXdpVkt3OTAyS1dBUUN6QXBKTEpMOF9SLWJSZkl3VW5FdzE2N1JiYk13NGtFQXNnbjFZZ3Vsd3BZNGJLWDJTdVladTk0bXRi%3Foc%3D5 "HTTP/2 200 OK"
2026-08-21 16:08:54,810 [INFO] HTTP Request: GET https://wafeeknfpzjzngzuphoz.supabase.co/rest/v1/articles?select=article_id&original_url=eq.https%3A%2F%2Fnews.google.com%2Frss%2Farticles%2FCBMiVkFVX3lxTFBlSVhEWDF6dU85X3puVUswSzlXLUx4OXg5b0JZMlJYeHFXcHFsM1FLNEQ4MHQxTjlfRzZMZVhiU0JVTm5nS1paWnhEVXM1RzRmV0hWeWNR%3Foc%3D5 "HTTP/2 200 OK"
2026-08-21 16:08:54,830 [INFO] HTTP Request: GET https://wafeeknfpzjzngzuphoz.supabase.co/rest/v1/articles?select=article_id&original_url=eq.https%3A%2F%2Fnews.google.com%2Frss%2Farticles%2FCBMiX0FVX3lxTE5IRW4zbDg2OG1sYmVhVGhPUmNGaFJ6ZVdGYjNTeEd0eUp5REtWSm1fQ05rdnZFNkVPQVFlcExzYnU2YURSOE9PeHdiMEtCZXdBNkM0OFlOVWxoR1RySU84%3Foc%3D5 "HTTP/2 200 OK"
2026-08-21 16:08:54,849 [INFO] HTTP Request: GET https://wafeeknfpzjzngzuphoz.supabase.co/rest/v1/articles?select=article_id&original_url=eq.https%3A%2F%2Fnews.google.com%2Frss%2Farticles%2FCBMiSEFVX3lxTE1mczBWYm0wOEU3a2NSanExQ0V5ZjNDWmZhNURubTVxcmJDRUNjLXZzT1JmT2JlbVYwUjlWY0dxNXgxRW5ueHdveA%3Foc%3D5 "HTTP/2 200 OK"
2026-08-21 16:08:54,869 [INFO] HTTP Request: GET https://wafeeknfpzjzngzuphoz.supabase.co/rest/v1/articles?select=article_id&original_url=eq.https%3A%2F%2Fnews.google.com%2Frss%2Farticles%2FCBMijgFBVV95cUxPaXVvNUlaeE5USjVKOGE5WEpLRDA2Y0c4Z3hONXZLaXc3X2IySmlzMy1kSExBUzNRMlY5dmUyNWNnX295R0tucnRKUi1aUnJsMjkzUllJWGdzbHVtajMyVG5pWW81YUxVbzhRQUh1T3E4bTJaU3AtRlFzQ0RjUzFxc1BqMkZpNGRwVUhXTi1R%3Foc%3D5 "HTTP/2 200 OK"
2026-08-21 16:08:54,890 [INFO] HTTP Request: GET https://wafeeknfpzjzngzuphoz.supabase.co/rest/v1/articles?select=article_id&original_url=eq.https%3A%2F%2Fnews.google.com%2Frss%2Farticles%2FCBMib0FVX3lxTE1GYWxwbEp6YTFrUExYQ3J0aW1aVkdtTFptSlNqZ3dsWEdlLXI2RnJyb3UwQVhHWURDamk2UXE5N1dIMzQxZkxOT0R0V1gyUHRkYWhqdWgycHU4WHNXa2QtTUVReFpLbWZoZWlmS09nWQ%3Foc%3D5 "HTTP/2 200 OK"
2026-08-21 16:08:54,912 [INFO] HTTP Request: GET https://wafeeknfpzjzngzuphoz.supabase.co/rest/v1/articles?select=article_id&original_url=eq.https%3A%2F%2Fnews.google.com%2Frss%2Farticles%2FCBMiT0FVX3lxTFAzaWZPNVkxUlpVVTkzeEkyZURXNHppRWFtYkVEeUFCaDhTeVJFS0VubHd5Tjd6U09KRGI3ZDZYTXFNWWRQeHk5Q1F2eTlzeDQ%3Foc%3D5 "HTTP/2 200 OK"
2026-08-21 16:08:54,932 [INFO] HTTP Request: GET https://wafeeknfpzjzngzuphoz.supabase.co/rest/v1/articles?select=article_id&original_url=eq.https%3A%2F%2Fnews.google.com%2Frss%2Farticles%2FCBMiiAFBVV95cUxPcUNMUVl5OG0ydkJSb2c3eVJiLXNNdFYzQno4XzkyYzl2d2lvLUNnYzBzb1lqaHBxNzZtSXBuNzc0dlpfSHZuTC1TeG16RU1OQUhBUDFHaDVRQjB5bVBWazRINWdMZm1hYXpfOURrZzlQV1Ayb3ViWTRLZUl3eGdvdDY3WVVMNExo%3Foc%3D5 "HTTP/2 200 OK"
2026-08-21 16:08:54,952 [INFO] HTTP Request: GET https://wafeeknfpzjzngzuphoz.supabase.co/rest/v1/articles?select=article_id&original_url=eq.https%3A%2F%2Fnews.google.com%2Frss%2Farticles%2FCBMiWEFVX3lxTFBvd3pDNkp0cF9pMEIwd3lGQTg4VDE1VUVKREgtdEZRVUVuamgtZk5pNTlDM25oSnZCYVh1eENCQ1A0djlaYWdJU3RGWXdyakFlV2E3b1NZUEHSAV5BVV95cUxOMk1seVBkRzVWbHJUaW1IRzY4bTIyS1NEQnlMbzM2V1pPdW00N0pnazJTRW1sRF9QV3h3ZExUb0RDWU1HVGVGR2hwYW1WTzN3ZGVPX2NweG00ZDVUX3pR%3Foc%3D5 "HTTP/2 200 OK"
2026-08-21 16:08:54,971 [INFO] HTTP Request: GET https://wafeeknfpzjzngzuphoz.supabase.co/rest/v1/articles?select=article_id&original_url=eq.https%3A%2F%2Fnews.google.com%2Frss%2Farticles%2FCBMic0FVX3lxTE1WUnZtUmtkcS1Ec0ppZVV4WjBnNWswaTlPY1JsOXJaWkVaai1kdjdsSXNFY2tTM2hybFJGT3pnLUZUSEp3eHYzVGtYbkhsZEYxdTRhb2JQTXd5Z1I2YXROYlhQN3d6QWJZNHNhZjZreWp3YmM%3Foc%3D5 "HTTP/2 200 OK"
2026-08-21 16:08:55,609 [INFO] HTTP Request: GET https://wafeeknfpzjzngzuphoz.supabase.co/rest/v1/articles?select=article_id&original_url=eq.https%3A%2F%2Fnews.google.com%2Frss%2Farticles%2FCBMiVkFVX3lxTE1QNVk5ZkUyd3ZRRzBMU0VVZlVBRDZFYVltVFZLc0t6VzVlbFlsVGNnVFh1UWdTazFGd3VvMWdYWGlrUWNwSGFnODFQa2l2NlNLN2dEZHp3%3Foc%3D5 "HTTP/2 200 OK"
2026-08-21 16:08:55,627 [INFO] HTTP Request: GET https://wafeeknfpzjzngzuphoz.supabase.co/rest/v1/articles?select=article_id&original_url=eq.https%3A%2F%2Fnews.google.com%2Frss%2Farticles%2FCBMiWkFVX3lxTE95SGFjUDdLYVhPYXBjSXRhelZMMndBZXdkQTR0dTNvRG82U1hRbTVweUJveVVyYUtnR3dOREt5WDFjOVdVQnd0VWlLU0k2cTVDdUprWENTaTREUdIBX0FVX3lxTE1ITGZzcjlrQkNDWDE3RnBpdXVPV2RtVXNKT3NUUzRVcWYzSk5mRW92cWs2X09aVVNNeTZyYlhkekY2OUQ1UWwzcUJFY1hiTFgwU2hVS0xLWXZlVXFheFhJ%3Foc%3D5 "HTTP/2 200 OK"
2026-08-21 16:08:55,646 [INFO] HTTP Request: GET https://wafeeknfpzjzngzuphoz.supabase.co/rest/v1/articles?select=article_id&original_url=eq.https%3A%2F%2Fnews.google.com%2Frss%2Farticles%2FCBMiT0FVX3lxTE00Nkhqc0VNYks2STk3Vk9SVy16UWp0bmRCZGc5QlNHTjJlcms2Z0dfT0tZdDhvWmJZNnFka3RUcTVJX0s3VW5oYkp5UjYwcU0%3Foc%3D5 "HTTP/2 200 OK"
2026-08-21 16:08:55,664 [INFO] HTTP Request: GET https://wafeeknfpzjzngzuphoz.supabase.co/rest/v1/articles?select=article_id&original_url=eq.https%3A%2F%2Fnews.google.com%2Frss%2Farticles%2FCBMiXEFVX3lxTE9FTkJLTmFvLVJJem5NckxBWUJfVW5BWklBd1ExZjFhbF85NzFRR21HRTBCbHI3QWs0blN0aDhiVTNMX2xmN2ZVdER5dGV3LWNPUFFxMHJMM1RjRnJa%3Foc%3D5 "HTTP/2 200 OK"
2026-08-21 16:08:55,682 [INFO] HTTP Request: GET https://wafeeknfpzjzngzuphoz.supabase.co/rest/v1/articles?select=article_id&original_url=eq.https%3A%2F%2Fnews.google.com%2Frss%2Farticles%2FCBMiYkFVX3lxTE1FdWNubjI3UUxJLVFiMm13dGVzQ3NVUEdxRnUzTkpzSTRmQ3RySWtyYU9Nb05xbFJxUmNlazQ0VHdyNXg0d0toelUyZ2I1ODFBMGR4M09WSkY3Y3B5SEtEdTNB%3Foc%3D5 "HTTP/2 200 OK"
2026-08-21 16:08:55,701 [INFO] HTTP Request: GET https://wafeeknfpzjzngzuphoz.supabase.co/rest/v1/articles?select=article_id&original_url=eq.https%3A%2F%2Fnews.google.com%2Frss%2Farticles%2FCBMihAFBVV95cUxQOHc5V0xHTzhmMnc0bzNvbHdpU0Q1RjZPVjl6Z3hRTkpYYlRqWDEyZlQ5WnhORG56Ry1zNkQySWtQclFnTmlTeDZZcnFUckhka29Ed2RFTXZaaXhQX3FOQWJaOThFQUlTNzVwMTdzUFVRcml6b1hkS2R2M09NU2tuazFBaFA%3Foc%3D5 "HTTP/2 200 OK"
2026-08-21 16:08:55,720 [INFO] HTTP Request: GET https://wafeeknfpzjzngzuphoz.supabase.co/rest/v1/articles?select=article_id&original_url=eq.https%3A%2F%2Fnews.google.com%2Frss%2Farticles%2FCBMic0FVX3lxTE1kZmtaTGNLYUhmOEdnTXBqTm13b3ZKNXk1MS0xU3ZKWl9fTm5yc3hrNDRaeUF1TkF6WFFDU3QzZG0yTkNQbzZGbDNPMG1xU1ByeFZaSHhEOG9vZ09ZSDFtVXBILTVGd2dobFZfNnZzWk1kdUHSAXdBVV95cUxQcHR3Y092blBPc202b1JaOHh5ZFl1Vkw2NnRzdmNuRXBpYUpOQkc5NkpkMUFpWl9aN2VxVlZFSmZXSzdPOFhacHJjWXV6Unp2cGRVVUNCNFdJYjZ3bDZ1OTFDUXRFWXVHa0Uwa1dUUE43RlJvQ2Ztdw%3Foc%3D5 "HTTP/2 200 OK"
2026-08-21 16:08:55,741 [INFO] HTTP Request: GET https://wafeeknfpzjzngzuphoz.supabase.co/rest/v1/articles?select=article_id&original_url=eq.https%3A%2F%2Fnews.google.com%2Frss%2Farticles%2FCBMiaEFVX3lxTE9GdVM2T3VXYmhMWGxqSlFwREc5VzExOWpSWU1rNE5KY1VLTUlGcHJJZFVtdlBCSm0tclpMMWZINTJucnJObW05UXQxbDZ3aXJRNVBLVFgtUnFiWF9WRFh2YlphbUh4VGNP0gFsQVVfeXFMUFF2cUJROC1HMnpmNGNUVkJNa3htd2NsYk5CUzRTWjBGZkVwRXpKWWlFU2F5bVN3ZFNiai1aeU5SN1ZOWmZvRmJ6UTFrUzRqU2F6R0s0TEFtWl9CVXdzT3ZXdnRqU2hObS00enhK%3Foc%3D5 "HTTP/2 200 OK"
2026-08-21 16:08:55,758 [INFO] HTTP Request: GET https://wafeeknfpzjzngzuphoz.supabase.co/rest/v1/articles?select=article_id&original_url=eq.https%3A%2F%2Fnews.google.com%2Frss%2Farticles%2FCBMic0FVX3lxTE9EdUhvQV9xVlE2WER4QWV0NWx0ajRpbVBOR1VCclR2dkZpS21EakV2a1VFUVFuSmdjN2tLS0I4eWhXV2hIMjFFZ191Z09sNmFvZTY4ZFNYNzdBcmlWWmFhWHBuYlJ3eE03M245V19KMnFFRFk%3Foc%3D5 "HTTP/2 200 OK"
2026-08-21 16:08:55,775 [INFO] HTTP Request: GET https://wafeeknfpzjzngzuphoz.supabase.co/rest/v1/articles?select=article_id&original_url=eq.https%3A%2F%2Fnews.google.com%2Frss%2Farticles%2FCBMiZEFVX3lxTE8xaEVuWHhyODVkLWNFYlpFS0dldk50NUhRVUFkZnE4ZmM2ZmF5d2VtcWxoRWhUUk1qN2ZKOXgyakhPNVc3elVwV21iWWl6VXlEaDBGUmR3dVQ3XzgwM3V1SGtSb0s%3Foc%3D5 "HTTP/2 200 OK"
2026-08-21 16:08:55,896 [INFO] HTTP Request: GET https://wafeeknfpzjzngzuphoz.supabase.co/rest/v1/articles?select=article_id&original_url=eq.https%3A%2F%2Fyozm.wishket.com%2Fmagazine%2Fdetail%2F3908 "HTTP/2 200 OK"
2026-08-21 16:08:55,914 [INFO] HTTP Request: GET https://wafeeknfpzjzngzuphoz.supabase.co/rest/v1/articles?select=article_id&original_url=eq.https%3A%2F%2Fyozm.wishket.com%2Fmagazine%2Fdetail%2F3907 "HTTP/2 200 OK"
2026-08-21 16:08:55,931 [INFO] HTTP Request: GET https://wafeeknfpzjzngzuphoz.supabase.co/rest/v1/articles?select=article_id&original_url=eq.https%3A%2F%2Fyozm.wishket.com%2Fmagazine%2Fdetail%2F3906 "HTTP/2 200 OK"
2026-08-21 16:08:55,948 [INFO] HTTP Request: GET https://wafeeknfpzjzngzuphoz.supabase.co/rest/v1/articles?select=article_id&original_url=eq.https%3A%2F%2Fyozm.wishket.com%2Fmagazine%2Fdetail%2F3905 "HTTP/2 200 OK"
2026-08-21 16:08:55,963 [INFO] HTTP Request: GET https://wafeeknfpzjzngzuphoz.supabase.co/rest/v1/articles?select=article_id&original_url=eq.https%3A%2F%2Fyozm.wishket.com%2Fmagazine%2Fdetail%2F3904 "HTTP/2 200 OK"
2026-08-21 16:08:55,981 [INFO] HTTP Request: GET https://wafeeknfpzjzngzuphoz.supabase.co/rest/v1/articles?select=article_id&original_url=eq.https%3A%2F%2Fyozm.wishket.com%2Fmagazine%2Fdetail%2F3903 "HTTP/2 200 OK"
2026-08-21 16:08:55,997 [INFO] HTTP Request: GET https://wafeeknfpzjzngzuphoz.supabase.co/rest/v1/articles?select=article_id&original_url=eq.https%3A%2F%2Fyozm.wishket.com%2Fmagazine%2Fdetail%2F3902 "HTTP/2 200 OK"
2026-08-21 16:08:56,016 [INFO] HTTP Request: GET https://wafeeknfpzjzngzuphoz.supabase.co/rest/v1/articles?select=article_id&original_url=eq.https%3A%2F%2Fyozm.wishket.com%2Fmagazine%2Fdetail%2F3901 "HTTP/2 200 OK"
2026-08-21 16:08:56,036 [INFO] HTTP Request: GET https://wafeeknfpzjzngzuphoz.supabase.co/rest/v1/articles?select=article_id&original_url=eq.https%3A%2F%2Fyozm.wishket.com%2Fmagazine%2Fdetail%2F3900 "HTTP/2 200 OK"
2026-08-21 16:08:56,053 [INFO] HTTP Request: GET https://wafeeknfpzjzngzuphoz.supabase.co/rest/v1/articles?select=article_id&original_url=eq.https%3A%2F%2Fyozm.wishket.com%2Fmagazine%2Fdetail%2F3899 "HTTP/2 200 OK"
2026-08-21 16:08:56,394 [INFO] HTTP Request: GET https://wafeeknfpzjzngzuphoz.supabase.co/rest/v1/articles?select=article_id&original_url=eq.https%3A%2F%2Ftechblog.woowahan.com%2F26876%2F "HTTP/2 200 OK"
2026-08-21 16:08:56,415 [INFO] HTTP Request: GET https://wafeeknfpzjzngzuphoz.supabase.co/rest/v1/articles?select=article_id&original_url=eq.https%3A%2F%2Ftechblog.woowahan.com%2F26777%2F "HTTP/2 200 OK"
2026-08-21 16:08:56,434 [INFO] HTTP Request: GET https://wafeeknfpzjzngzuphoz.supabase.co/rest/v1/articles?select=article_id&original_url=eq.https%3A%2F%2Ftechblog.woowahan.com%2F26729%2F "HTTP/2 200 OK"
2026-08-21 16:08:56,453 [INFO] HTTP Request: GET https://wafeeknfpzjzngzuphoz.supabase.co/rest/v1/articles?select=article_id&original_url=eq.https%3A%2F%2Ftechblog.woowahan.com%2F26507%2F "HTTP/2 200 OK"
2026-08-21 16:08:56,474 [INFO] HTTP Request: GET https://wafeeknfpzjzngzuphoz.supabase.co/rest/v1/articles?select=article_id&original_url=eq.https%3A%2F%2Ftechblog.woowahan.com%2F26624%2F "HTTP/2 200 OK"
2026-08-21 16:08:56,492 [INFO] HTTP Request: GET https://wafeeknfpzjzngzuphoz.supabase.co/rest/v1/articles?select=article_id&original_url=eq.https%3A%2F%2Ftechblog.woowahan.com%2F26492%2F "HTTP/2 200 OK"
2026-08-21 16:08:56,510 [INFO] HTTP Request: GET https://wafeeknfpzjzngzuphoz.supabase.co/rest/v1/articles?select=article_id&original_url=eq.https%3A%2F%2Ftechblog.woowahan.com%2F26459%2F "HTTP/2 200 OK"
2026-08-21 16:08:56,529 [INFO] HTTP Request: GET https://wafeeknfpzjzngzuphoz.supabase.co/rest/v1/articles?select=article_id&original_url=eq.https%3A%2F%2Ftechblog.woowahan.com%2F26379%2F "HTTP/2 200 OK"
2026-08-21 16:08:56,546 [INFO] HTTP Request: GET https://wafeeknfpzjzngzuphoz.supabase.co/rest/v1/articles?select=article_id&original_url=eq.https%3A%2F%2Ftechblog.woowahan.com%2F26388%2F "HTTP/2 200 OK"
2026-08-21 16:08:56,565 [INFO] HTTP Request: GET https://wafeeknfpzjzngzuphoz.supabase.co/rest/v1/articles?select=article_id&original_url=eq.https%3A%2F%2Ftechblog.woowahan.com%2F26319%2F "HTTP/2 200 OK"
2026-08-21 16:08:56,698 [INFO] HTTP Request: GET https://wafeeknfpzjzngzuphoz.supabase.co/rest/v1/articles?select=article_id&original_url=eq.https%3A%2F%2Ftech.kakao.com%2Fposts%2F829 "HTTP/2 200 OK"
2026-08-21 16:08:56,719 [INFO] HTTP Request: GET https://wafeeknfpzjzngzuphoz.supabase.co/rest/v1/articles?select=article_id&original_url=eq.https%3A%2F%2Ftech.kakao.com%2Fposts%2F828 "HTTP/2 200 OK"
2026-08-21 16:08:56,743 [INFO] HTTP Request: GET https://wafeeknfpzjzngzuphoz.supabase.co/rest/v1/articles?select=article_id&original_url=eq.https%3A%2F%2Ftech.kakao.com%2Fposts%2F827 "HTTP/2 200 OK"
2026-08-21 16:08:56,765 [INFO] HTTP Request: GET https://wafeeknfpzjzngzuphoz.supabase.co/rest/v1/articles?select=article_id&original_url=eq.https%3A%2F%2Ftech.kakao.com%2Fposts%2F826 "HTTP/2 200 OK"
2026-08-21 16:08:56,784 [INFO] HTTP Request: GET https://wafeeknfpzjzngzuphoz.supabase.co/rest/v1/articles?select=article_id&original_url=eq.https%3A%2F%2Ftech.kakao.com%2Fposts%2F825 "HTTP/2 200 OK"
2026-08-21 16:08:56,802 [INFO] HTTP Request: GET https://wafeeknfpzjzngzuphoz.supabase.co/rest/v1/articles?select=article_id&original_url=eq.https%3A%2F%2Ftech.kakao.com%2Fposts%2F824 "HTTP/2 200 OK"
2026-08-21 16:08:56,826 [INFO] HTTP Request: GET https://wafeeknfpzjzngzuphoz.supabase.co/rest/v1/articles?select=article_id&original_url=eq.https%3A%2F%2Ftech.kakao.com%2Fposts%2F823 "HTTP/2 200 OK"
2026-08-21 16:08:56,846 [INFO] HTTP Request: GET https://wafeeknfpzjzngzuphoz.supabase.co/rest/v1/articles?select=article_id&original_url=eq.https%3A%2F%2Ftech.kakao.com%2Fposts%2F818 "HTTP/2 200 OK"
2026-08-21 16:08:56,865 [INFO] HTTP Request: GET https://wafeeknfpzjzngzuphoz.supabase.co/rest/v1/articles?select=article_id&original_url=eq.https%3A%2F%2Ftech.kakao.com%2Fposts%2F822 "HTTP/2 200 OK"
2026-08-21 16:08:56,884 [INFO] HTTP Request: GET https://wafeeknfpzjzngzuphoz.supabase.co/rest/v1/articles?select=article_id&original_url=eq.https%3A%2F%2Ftech.kakao.com%2Fposts%2F821 "HTTP/2 200 OK"
2026-08-21 16:08:56,912 [INFO] HTTP Request: GET https://wafeeknfpzjzngzuphoz.supabase.co/rest/v1/articles?select=category_id%2Coriginal_url%2Ctitle%2Csummary%2Csources%28name%2Ctype%2Creliability_score%29%2Ccategories%28name%29&collected_at=gte.2026-08-21T00%3A00%3A00 "HTTP/2 200 OK"
2026-08-21 16:08:56,919 [INFO] 📄 HTML 파일 생성 완료: news/2026-08-21.html
2026-08-21 16:08:56,919 [INFO] ✅ 총 1개 신규 기사 DB 저장 완료
2026-08-21 16:08:56,920 [INFO] 🔗 오늘자 웹페이지 확인: http://localhost:3000/news/2026-08-21.html

2026-08-21 17:28:57,633 [INFO] ⚡ [--now] 옵션 감지: 즉시 수집 작업을 실행합니다.
2026-08-21 17:28:57,633 [INFO] 🚀 [Start] RSS 피드 수집 및 DB 저장 시작
2026-08-21 17:28:58,299 [INFO] HTTP Request: GET https://wafeeknfpzjzngzuphoz.supabase.co/rest/v1/sources?select=source_id%2Cname%2Curl&is_active=eq.True "HTTP/2 200 OK"
2026-08-21 17:28:58,336 [INFO] HTTP Request: GET https://wafeeknfpzjzngzuphoz.supabase.co/rest/v1/categories?select=category_id%2Cname&is_active=eq.True "HTTP/2 200 OK"
2026-08-21 17:28:58,925 [INFO] HTTP Request: GET https://wafeeknfpzjzngzuphoz.supabase.co/rest/v1/articles?select=article_id&original_url=eq.https%3A%2F%2Fopenai.com%2Findex%2Fintroducing-ai-futures "HTTP/2 200 OK"
2026-08-21 17:28:58,944 [INFO] HTTP Request: GET https://wafeeknfpzjzngzuphoz.supabase.co/rest/v1/articles?select=article_id&original_url=eq.https%3A%2F%2Fopenai.com%2Findex%2Fstampli "HTTP/2 200 OK"
2026-08-21 17:28:58,964 [INFO] HTTP Request: GET https://wafeeknfpzjzngzuphoz.supabase.co/rest/v1/articles?select=article_id&original_url=eq.https%3A%2F%2Fopenai.com%2Findex%2Foffering-zero-data-retention-for-frontier-models "HTTP/2 200 OK"
2026-08-21 17:28:58,986 [INFO] HTTP Request: GET https://wafeeknfpzjzngzuphoz.supabase.co/rest/v1/articles?select=article_id&original_url=eq.https%3A%2F%2Fopenai.com%2Findex%2Freplit "HTTP/2 200 OK"
2026-08-21 17:28:59,016 [INFO] HTTP Request: GET https://wafeeknfpzjzngzuphoz.supabase.co/rest/v1/articles?select=article_id&original_url=eq.https%3A%2F%2Fopenai.com%2Findex%2Fchatgpt-ads-expands-across-europe "HTTP/2 200 OK"
2026-08-21 17:28:59,046 [INFO] HTTP Request: GET https://wafeeknfpzjzngzuphoz.supabase.co/rest/v1/articles?select=article_id&original_url=eq.https%3A%2F%2Fopenai.com%2Findex%2Fstrengthening-democratic-oversight-in-national-security "HTTP/2 200 OK"
2026-08-21 17:28:59,067 [INFO] HTTP Request: GET https://wafeeknfpzjzngzuphoz.supabase.co/rest/v1/articles?select=article_id&original_url=eq.https%3A%2F%2Fopenai.com%2Findex%2Fpartnering-with-codeai "HTTP/2 200 OK"
2026-08-21 17:28:59,085 [INFO] HTTP Request: GET https://wafeeknfpzjzngzuphoz.supabase.co/rest/v1/articles?select=article_id&original_url=eq.https%3A%2F%2Fopenai.com%2Findex%2Fpacing-model-development-cyber-capabilities "HTTP/2 200 OK"
2026-08-21 17:28:59,103 [INFO] HTTP Request: GET https://wafeeknfpzjzngzuphoz.supabase.co/rest/v1/articles?select=article_id&original_url=eq.https%3A%2F%2Fopenai.com%2Findex%2Fchatgpt-for-teens "HTTP/2 200 OK"
2026-08-21 17:28:59,122 [INFO] HTTP Request: GET https://wafeeknfpzjzngzuphoz.supabase.co/rest/v1/articles?select=article_id&original_url=eq.https%3A%2F%2Fopenai.com%2Findex%2Fnvidia%2Fchatgpt-work "HTTP/2 200 OK"
2026-08-21 17:28:59,929 [INFO] HTTP Request: GET https://wafeeknfpzjzngzuphoz.supabase.co/rest/v1/articles?select=article_id&original_url=eq.https%3A%2F%2Fblog.google%2Fproducts-and-platforms%2Fproducts%2Fsearch%2Fback-to-school-study-tools%2F "HTTP/2 200 OK"
2026-08-21 17:28:59,951 [INFO] HTTP Request: GET https://wafeeknfpzjzngzuphoz.supabase.co/rest/v1/articles?select=article_id&original_url=eq.https%3A%2F%2Fblog.google%2Fproducts-and-platforms%2Fproducts%2Fgemini%2Fgoogle-gemini-pixel-football-club-partnerships%2F "HTTP/2 200 OK"
2026-08-21 17:28:59,970 [INFO] HTTP Request: GET https://wafeeknfpzjzngzuphoz.supabase.co/rest/v1/articles?select=article_id&original_url=eq.https%3A%2F%2Fblog.google%2Fproducts-and-platforms%2Fproducts%2Fworkspace%2Fsheets-canvas-for-google-sheets-spreadsheets%2F "HTTP/2 200 OK"
2026-08-21 17:28:59,990 [INFO] HTTP Request: GET https://wafeeknfpzjzngzuphoz.supabase.co/rest/v1/articles?select=article_id&original_url=eq.https%3A%2F%2Fblog.google%2Finnovation-and-ai%2Fmodels-and-research%2Fgoogle-research%2Famie-video-consultations%2F "HTTP/2 200 OK"
2026-08-21 17:29:00,010 [INFO] HTTP Request: GET https://wafeeknfpzjzngzuphoz.supabase.co/rest/v1/articles?select=article_id&original_url=eq.https%3A%2F%2Fblog.google%2Fproducts%2Fads-commerce%2Fgoogle-ads-analytics-ai-updates%2F "HTTP/2 200 OK"
2026-08-21 17:29:00,028 [INFO] HTTP Request: GET https://wafeeknfpzjzngzuphoz.supabase.co/rest/v1/articles?select=article_id&original_url=eq.https%3A%2F%2Fblog.google%2Finnovation-and-ai%2Ftechnology%2Fai%2Fgoogle-ai-updates-july-2026%2F "HTTP/2 200 OK"
2026-08-21 17:29:00,068 [INFO] HTTP Request: GET https://wafeeknfpzjzngzuphoz.supabase.co/rest/v1/articles?select=article_id&original_url=eq.https%3A%2F%2Fblog.google%2Finnovation-and-ai%2Ftechnology%2Fdevelopers-tools%2Fai-agents-intensive-recap-2026%2F "HTTP/2 200 OK"
2026-08-21 17:29:00,101 [INFO] HTTP Request: GET https://wafeeknfpzjzngzuphoz.supabase.co/rest/v1/articles?select=article_id&original_url=eq.https%3A%2F%2Fblog.google%2Finnovation-and-ai%2Ftechnology%2Fdevelopers-tools%2Fexpanding-managed-agents-gemini-api-3-6-flash-hooks%2F "HTTP/2 200 OK"
2026-08-21 17:29:00,122 [INFO] HTTP Request: GET https://wafeeknfpzjzngzuphoz.supabase.co/rest/v1/articles?select=article_id&original_url=eq.https%3A%2F%2Fblog.google%2Fproducts-and-platforms%2Fproducts%2Fsearch%2Fai-mode-real-world-tips%2F "HTTP/2 200 OK"
2026-08-21 17:29:00,142 [INFO] HTTP Request: GET https://wafeeknfpzjzngzuphoz.supabase.co/rest/v1/articles?select=article_id&original_url=eq.https%3A%2F%2Fblog.google%2Fproducts-and-platforms%2Fproducts%2Fsearch%2Fdinner-party-hosting-tips%2F "HTTP/2 200 OK"
2026-08-21 17:29:00,872 [INFO] HTTP Request: GET https://wafeeknfpzjzngzuphoz.supabase.co/rest/v1/articles?select=article_id&original_url=eq.https%3A%2F%2Fnews.hada.io%2Ftopic%3Fid%3D32723 "HTTP/2 200 OK"
2026-08-21 17:29:00,908 [INFO] HTTP Request: POST https://wafeeknfpzjzngzuphoz.supabase.co/rest/v1/articles "HTTP/2 201 Created"
2026-08-21 17:29:00,928 [INFO] HTTP Request: GET https://wafeeknfpzjzngzuphoz.supabase.co/rest/v1/articles?select=article_id&original_url=eq.https%3A%2F%2Fnews.hada.io%2Farticle%2Fopenrouter-is-not-just-a-proxy "HTTP/2 200 OK"
2026-08-21 17:29:00,946 [INFO] HTTP Request: GET https://wafeeknfpzjzngzuphoz.supabase.co/rest/v1/articles?select=article_id&original_url=eq.https%3A%2F%2Fnews.hada.io%2Ftopic%3Fid%3D32720 "HTTP/2 200 OK"
2026-08-21 17:29:00,965 [INFO] HTTP Request: GET https://wafeeknfpzjzngzuphoz.supabase.co/rest/v1/articles?select=article_id&original_url=eq.https%3A%2F%2Fnews.hada.io%2Ftopic%3Fid%3D32719 "HTTP/2 200 OK"
2026-08-21 17:29:00,984 [INFO] HTTP Request: GET https://wafeeknfpzjzngzuphoz.supabase.co/rest/v1/articles?select=article_id&original_url=eq.https%3A%2F%2Fnews.hada.io%2Ftopic%3Fid%3D32717 "HTTP/2 200 OK"
2026-08-21 17:29:01,003 [INFO] HTTP Request: GET https://wafeeknfpzjzngzuphoz.supabase.co/rest/v1/articles?select=article_id&original_url=eq.https%3A%2F%2Fnews.hada.io%2Ftopic%3Fid%3D32716 "HTTP/2 200 OK"
2026-08-21 17:29:01,021 [INFO] HTTP Request: GET https://wafeeknfpzjzngzuphoz.supabase.co/rest/v1/articles?select=article_id&original_url=eq.https%3A%2F%2Fnews.hada.io%2Ftopic%3Fid%3D32715 "HTTP/2 200 OK"
2026-08-21 17:29:01,040 [INFO] HTTP Request: GET https://wafeeknfpzjzngzuphoz.supabase.co/rest/v1/articles?select=article_id&original_url=eq.https%3A%2F%2Fnews.hada.io%2Ftopic%3Fid%3D32714 "HTTP/2 200 OK"
2026-08-21 17:29:01,059 [INFO] HTTP Request: GET https://wafeeknfpzjzngzuphoz.supabase.co/rest/v1/articles?select=article_id&original_url=eq.https%3A%2F%2Fnews.hada.io%2Ftopic%3Fid%3D32713 "HTTP/2 200 OK"
2026-08-21 17:29:01,087 [INFO] HTTP Request: GET https://wafeeknfpzjzngzuphoz.supabase.co/rest/v1/articles?select=article_id&original_url=eq.https%3A%2F%2Fnews.hada.io%2Ftopic%3Fid%3D32712 "HTTP/2 200 OK"
2026-08-21 17:29:01,165 [INFO] HTTP Request: GET https://wafeeknfpzjzngzuphoz.supabase.co/rest/v1/articles?select=article_id&original_url=eq.https%3A%2F%2Fwww.aitimes.com%2Fnews%2FarticleView.html%3Fidxno%3D214213 "HTTP/2 200 OK"
2026-08-21 17:29:01,187 [INFO] HTTP Request: POST https://wafeeknfpzjzngzuphoz.supabase.co/rest/v1/articles "HTTP/2 201 Created"
2026-08-21 17:29:01,208 [INFO] HTTP Request: GET https://wafeeknfpzjzngzuphoz.supabase.co/rest/v1/articles?select=article_id&original_url=eq.https%3A%2F%2Fwww.aitimes.com%2Fnews%2FarticleView.html%3Fidxno%3D214226 "HTTP/2 200 OK"
2026-08-21 17:29:01,226 [INFO] HTTP Request: POST https://wafeeknfpzjzngzuphoz.supabase.co/rest/v1/articles "HTTP/2 201 Created"
2026-08-21 17:29:01,247 [INFO] HTTP Request: GET https://wafeeknfpzjzngzuphoz.supabase.co/rest/v1/articles?select=article_id&original_url=eq.https%3A%2F%2Fwww.aitimes.com%2Fnews%2FarticleView.html%3Fidxno%3D214189 "HTTP/2 200 OK"
2026-08-21 17:29:01,273 [INFO] HTTP Request: POST https://wafeeknfpzjzngzuphoz.supabase.co/rest/v1/articles "HTTP/2 201 Created"
2026-08-21 17:29:01,292 [INFO] HTTP Request: GET https://wafeeknfpzjzngzuphoz.supabase.co/rest/v1/articles?select=article_id&original_url=eq.https%3A%2F%2Fwww.aitimes.com%2Fnews%2FarticleView.html%3Fidxno%3D214222 "HTTP/2 200 OK"
2026-08-21 17:29:01,312 [INFO] HTTP Request: POST https://wafeeknfpzjzngzuphoz.supabase.co/rest/v1/articles "HTTP/2 201 Created"
2026-08-21 17:29:01,332 [INFO] HTTP Request: GET https://wafeeknfpzjzngzuphoz.supabase.co/rest/v1/articles?select=article_id&original_url=eq.https%3A%2F%2Fwww.aitimes.com%2Fnews%2FarticleView.html%3Fidxno%3D214223 "HTTP/2 200 OK"
2026-08-21 17:29:01,352 [INFO] HTTP Request: POST https://wafeeknfpzjzngzuphoz.supabase.co/rest/v1/articles "HTTP/2 201 Created"
2026-08-21 17:29:01,380 [INFO] HTTP Request: GET https://wafeeknfpzjzngzuphoz.supabase.co/rest/v1/articles?select=article_id&original_url=eq.https%3A%2F%2Fwww.aitimes.com%2Fnews%2FarticleView.html%3Fidxno%3D214219 "HTTP/2 200 OK"
2026-08-21 17:29:01,399 [INFO] HTTP Request: POST https://wafeeknfpzjzngzuphoz.supabase.co/rest/v1/articles "HTTP/2 201 Created"
2026-08-21 17:29:01,428 [INFO] HTTP Request: GET https://wafeeknfpzjzngzuphoz.supabase.co/rest/v1/articles?select=article_id&original_url=eq.https%3A%2F%2Fwww.aitimes.com%2Fnews%2FarticleView.html%3Fidxno%3D214224 "HTTP/2 200 OK"
2026-08-21 17:29:01,447 [INFO] HTTP Request: POST https://wafeeknfpzjzngzuphoz.supabase.co/rest/v1/articles "HTTP/2 201 Created"
2026-08-21 17:29:01,465 [INFO] HTTP Request: GET https://wafeeknfpzjzngzuphoz.supabase.co/rest/v1/articles?select=article_id&original_url=eq.https%3A%2F%2Fwww.aitimes.com%2Fnews%2FarticleView.html%3Fidxno%3D214210 "HTTP/2 200 OK"
2026-08-21 17:29:01,483 [INFO] HTTP Request: GET https://wafeeknfpzjzngzuphoz.supabase.co/rest/v1/articles?select=article_id&original_url=eq.https%3A%2F%2Fwww.aitimes.com%2Fnews%2FarticleView.html%3Fidxno%3D214217 "HTTP/2 200 OK"
2026-08-21 17:29:01,502 [INFO] HTTP Request: GET https://wafeeknfpzjzngzuphoz.supabase.co/rest/v1/articles?select=article_id&original_url=eq.https%3A%2F%2Fwww.aitimes.com%2Fnews%2FarticleView.html%3Fidxno%3D214216 "HTTP/2 200 OK"
2026-08-21 17:29:02,048 [INFO] HTTP Request: GET https://wafeeknfpzjzngzuphoz.supabase.co/rest/v1/articles?select=article_id&original_url=eq.https%3A%2F%2Fnews.google.com%2Frss%2Farticles%2FCBMiXEFVX3lxTE9DWXkyN3hhUDFHR0tCMXdpVkt3OTAyS1dBUUN6QXBKTEpMOF9SLWJSZkl3VW5FdzE2N1JiYk13NGtFQXNnbjFZZ3Vsd3BZNGJLWDJTdVladTk0bXRi%3Foc%3D5 "HTTP/2 200 OK"
2026-08-21 17:29:02,067 [INFO] HTTP Request: GET https://wafeeknfpzjzngzuphoz.supabase.co/rest/v1/articles?select=article_id&original_url=eq.https%3A%2F%2Fnews.google.com%2Frss%2Farticles%2FCBMiVkFVX3lxTFBlSVhEWDF6dU85X3puVUswSzlXLUx4OXg5b0JZMlJYeHFXcHFsM1FLNEQ4MHQxTjlfRzZMZVhiU0JVTm5nS1paWnhEVXM1RzRmV0hWeWNR%3Foc%3D5 "HTTP/2 200 OK"
2026-08-21 17:29:02,087 [INFO] HTTP Request: GET https://wafeeknfpzjzngzuphoz.supabase.co/rest/v1/articles?select=article_id&original_url=eq.https%3A%2F%2Fnews.google.com%2Frss%2Farticles%2FCBMiX0FVX3lxTE5IRW4zbDg2OG1sYmVhVGhPUmNGaFJ6ZVdGYjNTeEd0eUp5REtWSm1fQ05rdnZFNkVPQVFlcExzYnU2YURSOE9PeHdiMEtCZXdBNkM0OFlOVWxoR1RySU84%3Foc%3D5 "HTTP/2 200 OK"
2026-08-21 17:29:02,107 [INFO] HTTP Request: GET https://wafeeknfpzjzngzuphoz.supabase.co/rest/v1/articles?select=article_id&original_url=eq.https%3A%2F%2Fnews.google.com%2Frss%2Farticles%2FCBMiSEFVX3lxTE1mczBWYm0wOEU3a2NSanExQ0V5ZjNDWmZhNURubTVxcmJDRUNjLXZzT1JmT2JlbVYwUjlWY0dxNXgxRW5ueHdveA%3Foc%3D5 "HTTP/2 200 OK"
2026-08-21 17:29:02,127 [INFO] HTTP Request: GET https://wafeeknfpzjzngzuphoz.supabase.co/rest/v1/articles?select=article_id&original_url=eq.https%3A%2F%2Fnews.google.com%2Frss%2Farticles%2FCBMijgFBVV95cUxPaXVvNUlaeE5USjVKOGE5WEpLRDA2Y0c4Z3hONXZLaXc3X2IySmlzMy1kSExBUzNRMlY5dmUyNWNnX295R0tucnRKUi1aUnJsMjkzUllJWGdzbHVtajMyVG5pWW81YUxVbzhRQUh1T3E4bTJaU3AtRlFzQ0RjUzFxc1BqMkZpNGRwVUhXTi1R%3Foc%3D5 "HTTP/2 200 OK"
2026-08-21 17:29:02,146 [INFO] HTTP Request: GET https://wafeeknfpzjzngzuphoz.supabase.co/rest/v1/articles?select=article_id&original_url=eq.https%3A%2F%2Fnews.google.com%2Frss%2Farticles%2FCBMib0FVX3lxTE1GYWxwbEp6YTFrUExYQ3J0aW1aVkdtTFptSlNqZ3dsWEdlLXI2RnJyb3UwQVhHWURDamk2UXE5N1dIMzQxZkxOT0R0V1gyUHRkYWhqdWgycHU4WHNXa2QtTUVReFpLbWZoZWlmS09nWQ%3Foc%3D5 "HTTP/2 200 OK"
2026-08-21 17:29:02,165 [INFO] HTTP Request: GET https://wafeeknfpzjzngzuphoz.supabase.co/rest/v1/articles?select=article_id&original_url=eq.https%3A%2F%2Fnews.google.com%2Frss%2Farticles%2FCBMiT0FVX3lxTFAzaWZPNVkxUlpVVTkzeEkyZURXNHppRWFtYkVEeUFCaDhTeVJFS0VubHd5Tjd6U09KRGI3ZDZYTXFNWWRQeHk5Q1F2eTlzeDQ%3Foc%3D5 "HTTP/2 200 OK"
2026-08-21 17:29:02,184 [INFO] HTTP Request: GET https://wafeeknfpzjzngzuphoz.supabase.co/rest/v1/articles?select=article_id&original_url=eq.https%3A%2F%2Fnews.google.com%2Frss%2Farticles%2FCBMiiAFBVV95cUxPcUNMUVl5OG0ydkJSb2c3eVJiLXNNdFYzQno4XzkyYzl2d2lvLUNnYzBzb1lqaHBxNzZtSXBuNzc0dlpfSHZuTC1TeG16RU1OQUhBUDFHaDVRQjB5bVBWazRINWdMZm1hYXpfOURrZzlQV1Ayb3ViWTRLZUl3eGdvdDY3WVVMNExo%3Foc%3D5 "HTTP/2 200 OK"
2026-08-21 17:29:02,205 [INFO] HTTP Request: GET https://wafeeknfpzjzngzuphoz.supabase.co/rest/v1/articles?select=article_id&original_url=eq.https%3A%2F%2Fnews.google.com%2Frss%2Farticles%2FCBMiWEFVX3lxTFBvd3pDNkp0cF9pMEIwd3lGQTg4VDE1VUVKREgtdEZRVUVuamgtZk5pNTlDM25oSnZCYVh1eENCQ1A0djlaYWdJU3RGWXdyakFlV2E3b1NZUEHSAV5BVV95cUxOMk1seVBkRzVWbHJUaW1IRzY4bTIyS1NEQnlMbzM2V1pPdW00N0pnazJTRW1sRF9QV3h3ZExUb0RDWU1HVGVGR2hwYW1WTzN3ZGVPX2NweG00ZDVUX3pR%3Foc%3D5 "HTTP/2 200 OK"
2026-08-21 17:29:02,225 [INFO] HTTP Request: GET https://wafeeknfpzjzngzuphoz.supabase.co/rest/v1/articles?select=article_id&original_url=eq.https%3A%2F%2Fnews.google.com%2Frss%2Farticles%2FCBMic0FVX3lxTE1WUnZtUmtkcS1Ec0ppZVV4WjBnNWswaTlPY1JsOXJaWkVaai1kdjdsSXNFY2tTM2hybFJGT3pnLUZUSEp3eHYzVGtYbkhsZEYxdTRhb2JQTXd5Z1I2YXROYlhQN3d6QWJZNHNhZjZreWp3YmM%3Foc%3D5 "HTTP/2 200 OK"
2026-08-21 17:29:02,862 [INFO] HTTP Request: GET https://wafeeknfpzjzngzuphoz.supabase.co/rest/v1/articles?select=article_id&original_url=eq.https%3A%2F%2Fnews.google.com%2Frss%2Farticles%2FCBMiT0FVX3lxTE5pT2NxbXJmajNtcGRxTHZNcjlXazcwQ29IeGNUN0F3X2dUOWV2S1dDVHMyZUtrdWNoLWhXZHJ0SlJLRUNfcUNjMXR5MUpYTzQ%3Foc%3D5 "HTTP/2 200 OK"
2026-08-21 17:29:02,885 [INFO] HTTP Request: POST https://wafeeknfpzjzngzuphoz.supabase.co/rest/v1/articles "HTTP/2 201 Created"
2026-08-21 17:29:02,905 [INFO] HTTP Request: GET https://wafeeknfpzjzngzuphoz.supabase.co/rest/v1/articles?select=article_id&original_url=eq.https%3A%2F%2Fnews.google.com%2Frss%2Farticles%2FCBMiWkFVX3lxTE95SGFjUDdLYVhPYXBjSXRhelZMMndBZXdkQTR0dTNvRG82U1hRbTVweUJveVVyYUtnR3dOREt5WDFjOVdVQnd0VWlLU0k2cTVDdUprWENTaTREUdIBX0FVX3lxTE1ITGZzcjlrQkNDWDE3RnBpdXVPV2RtVXNKT3NUUzRVcWYzSk5mRW92cWs2X09aVVNNeTZyYlhkekY2OUQ1UWwzcUJFY1hiTFgwU2hVS0xLWXZlVXFheFhJ%3Foc%3D5 "HTTP/2 200 OK"
2026-08-21 17:29:02,924 [INFO] HTTP Request: GET https://wafeeknfpzjzngzuphoz.supabase.co/rest/v1/articles?select=article_id&original_url=eq.https%3A%2F%2Fnews.google.com%2Frss%2Farticles%2FCBMiWkFVX3lxTE1sa0hTYXF5WDhTS1pzWXBMWVVsYnpCNW1MTkpKc19lcmhuelEzdTJVSDlwNkVzMTIxWUdpRlBMSC1oNGN4R2xPSlN3V0poR2RGa0pvbUZvMVdhUdIBWEFVX3lxTE1OR2llcHJQMTBTaDBNVVVkT3cwd0xfQWJ4b2VRcmtFSnNNUE1JZjMtZUhld0lqRDdOYjM2b1JSVk5UT1JwM0F1OS1OaWZIbTdKQ3Ixck10LUc%3Foc%3D5 "HTTP/2 200 OK"
2026-08-21 17:29:02,942 [INFO] HTTP Request: POST https://wafeeknfpzjzngzuphoz.supabase.co/rest/v1/articles "HTTP/2 201 Created"
2026-08-21 17:29:02,960 [INFO] HTTP Request: GET https://wafeeknfpzjzngzuphoz.supabase.co/rest/v1/articles?select=article_id&original_url=eq.https%3A%2F%2Fnews.google.com%2Frss%2Farticles%2FCBMiXEFVX3lxTE9FTkJLTmFvLVJJem5NckxBWUJfVW5BWklBd1ExZjFhbF85NzFRR21HRTBCbHI3QWs0blN0aDhiVTNMX2xmN2ZVdER5dGV3LWNPUFFxMHJMM1RjRnJa%3Foc%3D5 "HTTP/2 200 OK"
2026-08-21 17:29:02,980 [INFO] HTTP Request: GET https://wafeeknfpzjzngzuphoz.supabase.co/rest/v1/articles?select=article_id&original_url=eq.https%3A%2F%2Fnews.google.com%2Frss%2Farticles%2FCBMiYkFVX3lxTE1FdWNubjI3UUxJLVFiMm13dGVzQ3NVUEdxRnUzTkpzSTRmQ3RySWtyYU9Nb05xbFJxUmNlazQ0VHdyNXg0d0toelUyZ2I1ODFBMGR4M09WSkY3Y3B5SEtEdTNB%3Foc%3D5 "HTTP/2 200 OK"
2026-08-21 17:29:03,000 [INFO] HTTP Request: GET https://wafeeknfpzjzngzuphoz.supabase.co/rest/v1/articles?select=article_id&original_url=eq.https%3A%2F%2Fnews.google.com%2Frss%2Farticles%2FCBMihAFBVV95cUxQOHc5V0xHTzhmMnc0bzNvbHdpU0Q1RjZPVjl6Z3hRTkpYYlRqWDEyZlQ5WnhORG56Ry1zNkQySWtQclFnTmlTeDZZcnFUckhka29Ed2RFTXZaaXhQX3FOQWJaOThFQUlTNzVwMTdzUFVRcml6b1hkS2R2M09NU2tuazFBaFA%3Foc%3D5 "HTTP/2 200 OK"
2026-08-21 17:29:03,165 [INFO] HTTP Request: GET https://wafeeknfpzjzngzuphoz.supabase.co/rest/v1/articles?select=article_id&original_url=eq.https%3A%2F%2Fnews.google.com%2Frss%2Farticles%2FCBMiVkFVX3lxTE1QNVk5ZkUyd3ZRRzBMU0VVZlVBRDZFYVltVFZLc0t6VzVlbFlsVGNnVFh1UWdTazFGd3VvMWdYWGlrUWNwSGFnODFQa2l2NlNLN2dEZHp3%3Foc%3D5 "HTTP/2 200 OK"
2026-08-21 17:29:03,187 [INFO] HTTP Request: GET https://wafeeknfpzjzngzuphoz.supabase.co/rest/v1/articles?select=article_id&original_url=eq.https%3A%2F%2Fnews.google.com%2Frss%2Farticles%2FCBMic0FVX3lxTE1kZmtaTGNLYUhmOEdnTXBqTm13b3ZKNXk1MS0xU3ZKWl9fTm5yc3hrNDRaeUF1TkF6WFFDU3QzZG0yTkNQbzZGbDNPMG1xU1ByeFZaSHhEOG9vZ09ZSDFtVXBILTVGd2dobFZfNnZzWk1kdUHSAXdBVV95cUxQcHR3Y092blBPc202b1JaOHh5ZFl1Vkw2NnRzdmNuRXBpYUpOQkc5NkpkMUFpWl9aN2VxVlZFSmZXSzdPOFhacHJjWXV6Unp2cGRVVUNCNFdJYjZ3bDZ1OTFDUXRFWXVHa0Uwa1dUUE43RlJvQ2Ztdw%3Foc%3D5 "HTTP/2 200 OK"
2026-08-21 17:29:03,207 [INFO] HTTP Request: GET https://wafeeknfpzjzngzuphoz.supabase.co/rest/v1/articles?select=article_id&original_url=eq.https%3A%2F%2Fnews.google.com%2Frss%2Farticles%2FCBMiaEFVX3lxTE9GdVM2T3VXYmhMWGxqSlFwREc5VzExOWpSWU1rNE5KY1VLTUlGcHJJZFVtdlBCSm0tclpMMWZINTJucnJObW05UXQxbDZ3aXJRNVBLVFgtUnFiWF9WRFh2YlphbUh4VGNP0gFsQVVfeXFMUFF2cUJROC1HMnpmNGNUVkJNa3htd2NsYk5CUzRTWjBGZkVwRXpKWWlFU2F5bVN3ZFNiai1aeU5SN1ZOWmZvRmJ6UTFrUzRqU2F6R0s0TEFtWl9CVXdzT3ZXdnRqU2hObS00enhK%3Foc%3D5 "HTTP/2 200 OK"
2026-08-21 17:29:03,225 [INFO] HTTP Request: GET https://wafeeknfpzjzngzuphoz.supabase.co/rest/v1/articles?select=article_id&original_url=eq.https%3A%2F%2Fnews.google.com%2Frss%2Farticles%2FCBMic0FVX3lxTE9EdUhvQV9xVlE2WER4QWV0NWx0ajRpbVBOR1VCclR2dkZpS21EakV2a1VFUVFuSmdjN2tLS0I4eWhXV2hIMjFFZ191Z09sNmFvZTY4ZFNYNzdBcmlWWmFhWHBuYlJ3eE03M245V19KMnFFRFk%3Foc%3D5 "HTTP/2 200 OK"
2026-08-21 17:29:03,354 [INFO] HTTP Request: GET https://wafeeknfpzjzngzuphoz.supabase.co/rest/v1/articles?select=article_id&original_url=eq.https%3A%2F%2Fyozm.wishket.com%2Fmagazine%2Fdetail%2F3908 "HTTP/2 200 OK"
2026-08-21 17:29:03,373 [INFO] HTTP Request: GET https://wafeeknfpzjzngzuphoz.supabase.co/rest/v1/articles?select=article_id&original_url=eq.https%3A%2F%2Fyozm.wishket.com%2Fmagazine%2Fdetail%2F3907 "HTTP/2 200 OK"
2026-08-21 17:29:03,391 [INFO] HTTP Request: GET https://wafeeknfpzjzngzuphoz.supabase.co/rest/v1/articles?select=article_id&original_url=eq.https%3A%2F%2Fyozm.wishket.com%2Fmagazine%2Fdetail%2F3906 "HTTP/2 200 OK"
2026-08-21 17:29:03,411 [INFO] HTTP Request: GET https://wafeeknfpzjzngzuphoz.supabase.co/rest/v1/articles?select=article_id&original_url=eq.https%3A%2F%2Fyozm.wishket.com%2Fmagazine%2Fdetail%2F3905 "HTTP/2 200 OK"
2026-08-21 17:29:03,430 [INFO] HTTP Request: GET https://wafeeknfpzjzngzuphoz.supabase.co/rest/v1/articles?select=article_id&original_url=eq.https%3A%2F%2Fyozm.wishket.com%2Fmagazine%2Fdetail%2F3904 "HTTP/2 200 OK"
2026-08-21 17:29:03,448 [INFO] HTTP Request: GET https://wafeeknfpzjzngzuphoz.supabase.co/rest/v1/articles?select=article_id&original_url=eq.https%3A%2F%2Fyozm.wishket.com%2Fmagazine%2Fdetail%2F3903 "HTTP/2 200 OK"
2026-08-21 17:29:03,467 [INFO] HTTP Request: GET https://wafeeknfpzjzngzuphoz.supabase.co/rest/v1/articles?select=article_id&original_url=eq.https%3A%2F%2Fyozm.wishket.com%2Fmagazine%2Fdetail%2F3902 "HTTP/2 200 OK"
2026-08-21 17:29:03,488 [INFO] HTTP Request: GET https://wafeeknfpzjzngzuphoz.supabase.co/rest/v1/articles?select=article_id&original_url=eq.https%3A%2F%2Fyozm.wishket.com%2Fmagazine%2Fdetail%2F3901 "HTTP/2 200 OK"
2026-08-21 17:29:03,505 [INFO] HTTP Request: GET https://wafeeknfpzjzngzuphoz.supabase.co/rest/v1/articles?select=article_id&original_url=eq.https%3A%2F%2Fyozm.wishket.com%2Fmagazine%2Fdetail%2F3900 "HTTP/2 200 OK"
2026-08-21 17:29:03,525 [INFO] HTTP Request: GET https://wafeeknfpzjzngzuphoz.supabase.co/rest/v1/articles?select=article_id&original_url=eq.https%3A%2F%2Fyozm.wishket.com%2Fmagazine%2Fdetail%2F3899 "HTTP/2 200 OK"
2026-08-21 17:29:03,886 [INFO] HTTP Request: GET https://wafeeknfpzjzngzuphoz.supabase.co/rest/v1/articles?select=article_id&original_url=eq.https%3A%2F%2Ftechblog.woowahan.com%2F26876%2F "HTTP/2 200 OK"
2026-08-21 17:29:03,905 [INFO] HTTP Request: GET https://wafeeknfpzjzngzuphoz.supabase.co/rest/v1/articles?select=article_id&original_url=eq.https%3A%2F%2Ftechblog.woowahan.com%2F26777%2F "HTTP/2 200 OK"
2026-08-21 17:29:03,923 [INFO] HTTP Request: GET https://wafeeknfpzjzngzuphoz.supabase.co/rest/v1/articles?select=article_id&original_url=eq.https%3A%2F%2Ftechblog.woowahan.com%2F26729%2F "HTTP/2 200 OK"
2026-08-21 17:29:03,942 [INFO] HTTP Request: GET https://wafeeknfpzjzngzuphoz.supabase.co/rest/v1/articles?select=article_id&original_url=eq.https%3A%2F%2Ftechblog.woowahan.com%2F26507%2F "HTTP/2 200 OK"
2026-08-21 17:29:03,960 [INFO] HTTP Request: GET https://wafeeknfpzjzngzuphoz.supabase.co/rest/v1/articles?select=article_id&original_url=eq.https%3A%2F%2Ftechblog.woowahan.com%2F26624%2F "HTTP/2 200 OK"
2026-08-21 17:29:03,977 [INFO] HTTP Request: GET https://wafeeknfpzjzngzuphoz.supabase.co/rest/v1/articles?select=article_id&original_url=eq.https%3A%2F%2Ftechblog.woowahan.com%2F26492%2F "HTTP/2 200 OK"
2026-08-21 17:29:03,996 [INFO] HTTP Request: GET https://wafeeknfpzjzngzuphoz.supabase.co/rest/v1/articles?select=article_id&original_url=eq.https%3A%2F%2Ftechblog.woowahan.com%2F26459%2F "HTTP/2 200 OK"
2026-08-21 17:29:04,016 [INFO] HTTP Request: GET https://wafeeknfpzjzngzuphoz.supabase.co/rest/v1/articles?select=article_id&original_url=eq.https%3A%2F%2Ftechblog.woowahan.com%2F26379%2F "HTTP/2 200 OK"
2026-08-21 17:29:04,035 [INFO] HTTP Request: GET https://wafeeknfpzjzngzuphoz.supabase.co/rest/v1/articles?select=article_id&original_url=eq.https%3A%2F%2Ftechblog.woowahan.com%2F26388%2F "HTTP/2 200 OK"
2026-08-21 17:29:04,054 [INFO] HTTP Request: GET https://wafeeknfpzjzngzuphoz.supabase.co/rest/v1/articles?select=article_id&original_url=eq.https%3A%2F%2Ftechblog.woowahan.com%2F26319%2F "HTTP/2 200 OK"
2026-08-21 17:29:04,184 [INFO] HTTP Request: GET https://wafeeknfpzjzngzuphoz.supabase.co/rest/v1/articles?select=article_id&original_url=eq.https%3A%2F%2Ftech.kakao.com%2Fposts%2F829 "HTTP/2 200 OK"
2026-08-21 17:29:04,203 [INFO] HTTP Request: GET https://wafeeknfpzjzngzuphoz.supabase.co/rest/v1/articles?select=article_id&original_url=eq.https%3A%2F%2Ftech.kakao.com%2Fposts%2F828 "HTTP/2 200 OK"
2026-08-21 17:29:04,223 [INFO] HTTP Request: GET https://wafeeknfpzjzngzuphoz.supabase.co/rest/v1/articles?select=article_id&original_url=eq.https%3A%2F%2Ftech.kakao.com%2Fposts%2F827 "HTTP/2 200 OK"
2026-08-21 17:29:04,245 [INFO] HTTP Request: GET https://wafeeknfpzjzngzuphoz.supabase.co/rest/v1/articles?select=article_id&original_url=eq.https%3A%2F%2Ftech.kakao.com%2Fposts%2F826 "HTTP/2 200 OK"
2026-08-21 17:29:04,265 [INFO] HTTP Request: GET https://wafeeknfpzjzngzuphoz.supabase.co/rest/v1/articles?select=article_id&original_url=eq.https%3A%2F%2Ftech.kakao.com%2Fposts%2F825 "HTTP/2 200 OK"
2026-08-21 17:29:04,283 [INFO] HTTP Request: GET https://wafeeknfpzjzngzuphoz.supabase.co/rest/v1/articles?select=article_id&original_url=eq.https%3A%2F%2Ftech.kakao.com%2Fposts%2F824 "HTTP/2 200 OK"
2026-08-21 17:29:04,301 [INFO] HTTP Request: GET https://wafeeknfpzjzngzuphoz.supabase.co/rest/v1/articles?select=article_id&original_url=eq.https%3A%2F%2Ftech.kakao.com%2Fposts%2F823 "HTTP/2 200 OK"
2026-08-21 17:29:04,320 [INFO] HTTP Request: GET https://wafeeknfpzjzngzuphoz.supabase.co/rest/v1/articles?select=article_id&original_url=eq.https%3A%2F%2Ftech.kakao.com%2Fposts%2F818 "HTTP/2 200 OK"
2026-08-21 17:29:04,339 [INFO] HTTP Request: GET https://wafeeknfpzjzngzuphoz.supabase.co/rest/v1/articles?select=article_id&original_url=eq.https%3A%2F%2Ftech.kakao.com%2Fposts%2F822 "HTTP/2 200 OK"
2026-08-21 17:29:04,359 [INFO] HTTP Request: GET https://wafeeknfpzjzngzuphoz.supabase.co/rest/v1/articles?select=article_id&original_url=eq.https%3A%2F%2Ftech.kakao.com%2Fposts%2F821 "HTTP/2 200 OK"
2026-08-21 17:29:04,393 [INFO] HTTP Request: GET https://wafeeknfpzjzngzuphoz.supabase.co/rest/v1/articles?select=article_id%2Csource_id%2Ccategory_id%2Coriginal_url%2Ctitle%2Csummary%2Csources%28name%2Ctype%2Creliability_score%29%2Ccategories%28name%29&collected_at=gte.2026-08-21T00%3A00%3A00 "HTTP/2 200 OK"
2026-08-21 17:29:04,421 [INFO] HTTP Request: GET https://wafeeknfpzjzngzuphoz.supabase.co/rest/v1/users?select=user_id "HTTP/2 200 OK"
2026-08-21 17:29:04,458 [INFO] HTTP Request: GET https://wafeeknfpzjzngzuphoz.supabase.co/rest/v1/user_sources?select=source_id&user_id=eq.1&is_active=eq.True "HTTP/2 400 Bad Request"
2026-08-21 17:29:04,458 [ERROR] ❌ 사용자 ID 1의 구독/소스 정보 조회 중 오류: {'message': 'column user_sources.is_active does not exist', 'code': '42703', 'hint': None, 'details': None}
2026-08-21 17:29:04,458 [INFO] ✅ 총 10개 신규 기사 DB 저장 및 개인별 다이제스트 생성 완료

2026-08-21 17:30:26,745 [INFO] ⚡ [--now] 옵션 감지: 즉시 수집 작업을 실행합니다.
2026-08-21 17:30:26,745 [INFO] 🚀 [Start] RSS 피드 수집 및 DB 저장 시작
2026-08-21 17:30:26,854 [INFO] HTTP Request: GET https://wafeeknfpzjzngzuphoz.supabase.co/rest/v1/sources?select=source_id%2Cname%2Curl "HTTP/2 200 OK"
2026-08-21 17:30:26,886 [INFO] HTTP Request: GET https://wafeeknfpzjzngzuphoz.supabase.co/rest/v1/categories?select=category_id%2Cname&is_active=eq.True "HTTP/2 200 OK"
2026-08-21 17:30:27,486 [INFO] HTTP Request: GET https://wafeeknfpzjzngzuphoz.supabase.co/rest/v1/articles?select=article_id&original_url=eq.https%3A%2F%2Fopenai.com%2Findex%2Fintroducing-ai-futures "HTTP/2 200 OK"
2026-08-21 17:30:27,514 [INFO] HTTP Request: GET https://wafeeknfpzjzngzuphoz.supabase.co/rest/v1/articles?select=article_id&original_url=eq.https%3A%2F%2Fopenai.com%2Findex%2Fstampli "HTTP/2 200 OK"
2026-08-21 17:30:27,541 [INFO] HTTP Request: GET https://wafeeknfpzjzngzuphoz.supabase.co/rest/v1/articles?select=article_id&original_url=eq.https%3A%2F%2Fopenai.com%2Findex%2Foffering-zero-data-retention-for-frontier-models "HTTP/2 200 OK"
2026-08-21 17:30:27,569 [INFO] HTTP Request: GET https://wafeeknfpzjzngzuphoz.supabase.co/rest/v1/articles?select=article_id&original_url=eq.https%3A%2F%2Fopenai.com%2Findex%2Freplit "HTTP/2 200 OK"
2026-08-21 17:30:27,601 [INFO] HTTP Request: GET https://wafeeknfpzjzngzuphoz.supabase.co/rest/v1/articles?select=article_id&original_url=eq.https%3A%2F%2Fopenai.com%2Findex%2Fchatgpt-ads-expands-across-europe "HTTP/2 200 OK"
2026-08-21 17:30:27,633 [INFO] HTTP Request: GET https://wafeeknfpzjzngzuphoz.supabase.co/rest/v1/articles?select=article_id&original_url=eq.https%3A%2F%2Fopenai.com%2Findex%2Fstrengthening-democratic-oversight-in-national-security "HTTP/2 200 OK"
2026-08-21 17:30:27,665 [INFO] HTTP Request: GET https://wafeeknfpzjzngzuphoz.supabase.co/rest/v1/articles?select=article_id&original_url=eq.https%3A%2F%2Fopenai.com%2Findex%2Fpartnering-with-codeai "HTTP/2 200 OK"
2026-08-21 17:30:27,690 [INFO] HTTP Request: GET https://wafeeknfpzjzngzuphoz.supabase.co/rest/v1/articles?select=article_id&original_url=eq.https%3A%2F%2Fopenai.com%2Findex%2Fpacing-model-development-cyber-capabilities "HTTP/2 200 OK"
2026-08-21 17:30:27,710 [INFO] HTTP Request: GET https://wafeeknfpzjzngzuphoz.supabase.co/rest/v1/articles?select=article_id&original_url=eq.https%3A%2F%2Fopenai.com%2Findex%2Fchatgpt-for-teens "HTTP/2 200 OK"
2026-08-21 17:30:27,736 [INFO] HTTP Request: GET https://wafeeknfpzjzngzuphoz.supabase.co/rest/v1/articles?select=article_id&original_url=eq.https%3A%2F%2Fopenai.com%2Findex%2Fnvidia%2Fchatgpt-work "HTTP/2 200 OK"
2026-08-21 17:30:28,529 [INFO] HTTP Request: GET https://wafeeknfpzjzngzuphoz.supabase.co/rest/v1/articles?select=article_id&original_url=eq.https%3A%2F%2Fblog.google%2Fproducts-and-platforms%2Fproducts%2Fsearch%2Fback-to-school-study-tools%2F "HTTP/2 200 OK"
2026-08-21 17:30:28,546 [INFO] HTTP Request: GET https://wafeeknfpzjzngzuphoz.supabase.co/rest/v1/articles?select=article_id&original_url=eq.https%3A%2F%2Fblog.google%2Fproducts-and-platforms%2Fproducts%2Fgemini%2Fgoogle-gemini-pixel-football-club-partnerships%2F "HTTP/2 200 OK"
2026-08-21 17:30:28,563 [INFO] HTTP Request: GET https://wafeeknfpzjzngzuphoz.supabase.co/rest/v1/articles?select=article_id&original_url=eq.https%3A%2F%2Fblog.google%2Fproducts-and-platforms%2Fproducts%2Fworkspace%2Fsheets-canvas-for-google-sheets-spreadsheets%2F "HTTP/2 200 OK"
2026-08-21 17:30:28,581 [INFO] HTTP Request: GET https://wafeeknfpzjzngzuphoz.supabase.co/rest/v1/articles?select=article_id&original_url=eq.https%3A%2F%2Fblog.google%2Finnovation-and-ai%2Fmodels-and-research%2Fgoogle-research%2Famie-video-consultations%2F "HTTP/2 200 OK"
2026-08-21 17:30:28,600 [INFO] HTTP Request: GET https://wafeeknfpzjzngzuphoz.supabase.co/rest/v1/articles?select=article_id&original_url=eq.https%3A%2F%2Fblog.google%2Fproducts%2Fads-commerce%2Fgoogle-ads-analytics-ai-updates%2F "HTTP/2 200 OK"
2026-08-21 17:30:28,619 [INFO] HTTP Request: GET https://wafeeknfpzjzngzuphoz.supabase.co/rest/v1/articles?select=article_id&original_url=eq.https%3A%2F%2Fblog.google%2Finnovation-and-ai%2Ftechnology%2Fai%2Fgoogle-ai-updates-july-2026%2F "HTTP/2 200 OK"
2026-08-21 17:30:28,637 [INFO] HTTP Request: GET https://wafeeknfpzjzngzuphoz.supabase.co/rest/v1/articles?select=article_id&original_url=eq.https%3A%2F%2Fblog.google%2Finnovation-and-ai%2Ftechnology%2Fdevelopers-tools%2Fai-agents-intensive-recap-2026%2F "HTTP/2 200 OK"
2026-08-21 17:30:28,655 [INFO] HTTP Request: GET https://wafeeknfpzjzngzuphoz.supabase.co/rest/v1/articles?select=article_id&original_url=eq.https%3A%2F%2Fblog.google%2Finnovation-and-ai%2Ftechnology%2Fdevelopers-tools%2Fexpanding-managed-agents-gemini-api-3-6-flash-hooks%2F "HTTP/2 200 OK"
2026-08-21 17:30:28,677 [INFO] HTTP Request: GET https://wafeeknfpzjzngzuphoz.supabase.co/rest/v1/articles?select=article_id&original_url=eq.https%3A%2F%2Fblog.google%2Fproducts-and-platforms%2Fproducts%2Fsearch%2Fai-mode-real-world-tips%2F "HTTP/2 200 OK"
2026-08-21 17:30:28,696 [INFO] HTTP Request: GET https://wafeeknfpzjzngzuphoz.supabase.co/rest/v1/articles?select=article_id&original_url=eq.https%3A%2F%2Fblog.google%2Fproducts-and-platforms%2Fproducts%2Fsearch%2Fdinner-party-hosting-tips%2F "HTTP/2 200 OK"
2026-08-21 17:30:29,623 [INFO] HTTP Request: GET https://wafeeknfpzjzngzuphoz.supabase.co/rest/v1/articles?select=article_id&original_url=eq.https%3A%2F%2Fnews.hada.io%2Ftopic%3Fid%3D32723 "HTTP/2 200 OK"
2026-08-21 17:30:29,640 [INFO] HTTP Request: GET https://wafeeknfpzjzngzuphoz.supabase.co/rest/v1/articles?select=article_id&original_url=eq.https%3A%2F%2Fnews.hada.io%2Farticle%2Fopenrouter-is-not-just-a-proxy "HTTP/2 200 OK"
2026-08-21 17:30:29,666 [INFO] HTTP Request: GET https://wafeeknfpzjzngzuphoz.supabase.co/rest/v1/articles?select=article_id&original_url=eq.https%3A%2F%2Fnews.hada.io%2Ftopic%3Fid%3D32720 "HTTP/2 200 OK"
2026-08-21 17:30:29,683 [INFO] HTTP Request: GET https://wafeeknfpzjzngzuphoz.supabase.co/rest/v1/articles?select=article_id&original_url=eq.https%3A%2F%2Fnews.hada.io%2Ftopic%3Fid%3D32719 "HTTP/2 200 OK"
2026-08-21 17:30:29,700 [INFO] HTTP Request: GET https://wafeeknfpzjzngzuphoz.supabase.co/rest/v1/articles?select=article_id&original_url=eq.https%3A%2F%2Fnews.hada.io%2Ftopic%3Fid%3D32717 "HTTP/2 200 OK"
2026-08-21 17:30:29,719 [INFO] HTTP Request: GET https://wafeeknfpzjzngzuphoz.supabase.co/rest/v1/articles?select=article_id&original_url=eq.https%3A%2F%2Fnews.hada.io%2Ftopic%3Fid%3D32716 "HTTP/2 200 OK"
2026-08-21 17:30:29,737 [INFO] HTTP Request: GET https://wafeeknfpzjzngzuphoz.supabase.co/rest/v1/articles?select=article_id&original_url=eq.https%3A%2F%2Fnews.hada.io%2Ftopic%3Fid%3D32715 "HTTP/2 200 OK"
2026-08-21 17:30:29,753 [INFO] HTTP Request: GET https://wafeeknfpzjzngzuphoz.supabase.co/rest/v1/articles?select=article_id&original_url=eq.https%3A%2F%2Fnews.hada.io%2Ftopic%3Fid%3D32714 "HTTP/2 200 OK"
2026-08-21 17:30:29,772 [INFO] HTTP Request: GET https://wafeeknfpzjzngzuphoz.supabase.co/rest/v1/articles?select=article_id&original_url=eq.https%3A%2F%2Fnews.hada.io%2Ftopic%3Fid%3D32713 "HTTP/2 200 OK"
2026-08-21 17:30:29,788 [INFO] HTTP Request: GET https://wafeeknfpzjzngzuphoz.supabase.co/rest/v1/articles?select=article_id&original_url=eq.https%3A%2F%2Fnews.hada.io%2Ftopic%3Fid%3D32712 "HTTP/2 200 OK"
2026-08-21 17:30:29,860 [INFO] HTTP Request: GET https://wafeeknfpzjzngzuphoz.supabase.co/rest/v1/articles?select=article_id&original_url=eq.https%3A%2F%2Fwww.aitimes.com%2Fnews%2FarticleView.html%3Fidxno%3D214213 "HTTP/2 200 OK"
2026-08-21 17:30:29,878 [INFO] HTTP Request: GET https://wafeeknfpzjzngzuphoz.supabase.co/rest/v1/articles?select=article_id&original_url=eq.https%3A%2F%2Fwww.aitimes.com%2Fnews%2FarticleView.html%3Fidxno%3D214226 "HTTP/2 200 OK"
2026-08-21 17:30:29,904 [INFO] HTTP Request: GET https://wafeeknfpzjzngzuphoz.supabase.co/rest/v1/articles?select=article_id&original_url=eq.https%3A%2F%2Fwww.aitimes.com%2Fnews%2FarticleView.html%3Fidxno%3D214189 "HTTP/2 200 OK"
2026-08-21 17:30:29,922 [INFO] HTTP Request: GET https://wafeeknfpzjzngzuphoz.supabase.co/rest/v1/articles?select=article_id&original_url=eq.https%3A%2F%2Fwww.aitimes.com%2Fnews%2FarticleView.html%3Fidxno%3D214222 "HTTP/2 200 OK"
2026-08-21 17:30:29,939 [INFO] HTTP Request: GET https://wafeeknfpzjzngzuphoz.supabase.co/rest/v1/articles?select=article_id&original_url=eq.https%3A%2F%2Fwww.aitimes.com%2Fnews%2FarticleView.html%3Fidxno%3D214223 "HTTP/2 200 OK"
2026-08-21 17:30:29,957 [INFO] HTTP Request: GET https://wafeeknfpzjzngzuphoz.supabase.co/rest/v1/articles?select=article_id&original_url=eq.https%3A%2F%2Fwww.aitimes.com%2Fnews%2FarticleView.html%3Fidxno%3D214219 "HTTP/2 200 OK"
2026-08-21 17:30:29,975 [INFO] HTTP Request: GET https://wafeeknfpzjzngzuphoz.supabase.co/rest/v1/articles?select=article_id&original_url=eq.https%3A%2F%2Fwww.aitimes.com%2Fnews%2FarticleView.html%3Fidxno%3D214224 "HTTP/2 200 OK"
2026-08-21 17:30:29,992 [INFO] HTTP Request: GET https://wafeeknfpzjzngzuphoz.supabase.co/rest/v1/articles?select=article_id&original_url=eq.https%3A%2F%2Fwww.aitimes.com%2Fnews%2FarticleView.html%3Fidxno%3D214210 "HTTP/2 200 OK"
2026-08-21 17:30:30,010 [INFO] HTTP Request: GET https://wafeeknfpzjzngzuphoz.supabase.co/rest/v1/articles?select=article_id&original_url=eq.https%3A%2F%2Fwww.aitimes.com%2Fnews%2FarticleView.html%3Fidxno%3D214217 "HTTP/2 200 OK"
2026-08-21 17:30:30,028 [INFO] HTTP Request: GET https://wafeeknfpzjzngzuphoz.supabase.co/rest/v1/articles?select=article_id&original_url=eq.https%3A%2F%2Fwww.aitimes.com%2Fnews%2FarticleView.html%3Fidxno%3D214216 "HTTP/2 200 OK"
2026-08-21 17:30:30,532 [INFO] HTTP Request: GET https://wafeeknfpzjzngzuphoz.supabase.co/rest/v1/articles?select=article_id&original_url=eq.https%3A%2F%2Fnews.google.com%2Frss%2Farticles%2FCBMiXEFVX3lxTE9DWXkyN3hhUDFHR0tCMXdpVkt3OTAyS1dBUUN6QXBKTEpMOF9SLWJSZkl3VW5FdzE2N1JiYk13NGtFQXNnbjFZZ3Vsd3BZNGJLWDJTdVladTk0bXRi%3Foc%3D5 "HTTP/2 200 OK"
2026-08-21 17:30:30,553 [INFO] HTTP Request: GET https://wafeeknfpzjzngzuphoz.supabase.co/rest/v1/articles?select=article_id&original_url=eq.https%3A%2F%2Fnews.google.com%2Frss%2Farticles%2FCBMiVkFVX3lxTFBlSVhEWDF6dU85X3puVUswSzlXLUx4OXg5b0JZMlJYeHFXcHFsM1FLNEQ4MHQxTjlfRzZMZVhiU0JVTm5nS1paWnhEVXM1RzRmV0hWeWNR%3Foc%3D5 "HTTP/2 200 OK"
2026-08-21 17:30:30,573 [INFO] HTTP Request: GET https://wafeeknfpzjzngzuphoz.supabase.co/rest/v1/articles?select=article_id&original_url=eq.https%3A%2F%2Fnews.google.com%2Frss%2Farticles%2FCBMiX0FVX3lxTE5IRW4zbDg2OG1sYmVhVGhPUmNGaFJ6ZVdGYjNTeEd0eUp5REtWSm1fQ05rdnZFNkVPQVFlcExzYnU2YURSOE9PeHdiMEtCZXdBNkM0OFlOVWxoR1RySU84%3Foc%3D5 "HTTP/2 200 OK"
2026-08-21 17:30:30,593 [INFO] HTTP Request: GET https://wafeeknfpzjzngzuphoz.supabase.co/rest/v1/articles?select=article_id&original_url=eq.https%3A%2F%2Fnews.google.com%2Frss%2Farticles%2FCBMiSEFVX3lxTE1mczBWYm0wOEU3a2NSanExQ0V5ZjNDWmZhNURubTVxcmJDRUNjLXZzT1JmT2JlbVYwUjlWY0dxNXgxRW5ueHdveA%3Foc%3D5 "HTTP/2 200 OK"
2026-08-21 17:30:30,610 [INFO] HTTP Request: GET https://wafeeknfpzjzngzuphoz.supabase.co/rest/v1/articles?select=article_id&original_url=eq.https%3A%2F%2Fnews.google.com%2Frss%2Farticles%2FCBMijgFBVV95cUxPaXVvNUlaeE5USjVKOGE5WEpLRDA2Y0c4Z3hONXZLaXc3X2IySmlzMy1kSExBUzNRMlY5dmUyNWNnX295R0tucnRKUi1aUnJsMjkzUllJWGdzbHVtajMyVG5pWW81YUxVbzhRQUh1T3E4bTJaU3AtRlFzQ0RjUzFxc1BqMkZpNGRwVUhXTi1R%3Foc%3D5 "HTTP/2 200 OK"
2026-08-21 17:30:30,627 [INFO] HTTP Request: GET https://wafeeknfpzjzngzuphoz.supabase.co/rest/v1/articles?select=article_id&original_url=eq.https%3A%2F%2Fnews.google.com%2Frss%2Farticles%2FCBMib0FVX3lxTE1GYWxwbEp6YTFrUExYQ3J0aW1aVkdtTFptSlNqZ3dsWEdlLXI2RnJyb3UwQVhHWURDamk2UXE5N1dIMzQxZkxOT0R0V1gyUHRkYWhqdWgycHU4WHNXa2QtTUVReFpLbWZoZWlmS09nWQ%3Foc%3D5 "HTTP/2 200 OK"
2026-08-21 17:30:30,648 [INFO] HTTP Request: GET https://wafeeknfpzjzngzuphoz.supabase.co/rest/v1/articles?select=article_id&original_url=eq.https%3A%2F%2Fnews.google.com%2Frss%2Farticles%2FCBMiT0FVX3lxTFAzaWZPNVkxUlpVVTkzeEkyZURXNHppRWFtYkVEeUFCaDhTeVJFS0VubHd5Tjd6U09KRGI3ZDZYTXFNWWRQeHk5Q1F2eTlzeDQ%3Foc%3D5 "HTTP/2 200 OK"
2026-08-21 17:30:30,667 [INFO] HTTP Request: GET https://wafeeknfpzjzngzuphoz.supabase.co/rest/v1/articles?select=article_id&original_url=eq.https%3A%2F%2Fnews.google.com%2Frss%2Farticles%2FCBMiiAFBVV95cUxPcUNMUVl5OG0ydkJSb2c3eVJiLXNNdFYzQno4XzkyYzl2d2lvLUNnYzBzb1lqaHBxNzZtSXBuNzc0dlpfSHZuTC1TeG16RU1OQUhBUDFHaDVRQjB5bVBWazRINWdMZm1hYXpfOURrZzlQV1Ayb3ViWTRLZUl3eGdvdDY3WVVMNExo%3Foc%3D5 "HTTP/2 200 OK"
2026-08-21 17:30:30,686 [INFO] HTTP Request: GET https://wafeeknfpzjzngzuphoz.supabase.co/rest/v1/articles?select=article_id&original_url=eq.https%3A%2F%2Fnews.google.com%2Frss%2Farticles%2FCBMiWEFVX3lxTFBvd3pDNkp0cF9pMEIwd3lGQTg4VDE1VUVKREgtdEZRVUVuamgtZk5pNTlDM25oSnZCYVh1eENCQ1A0djlaYWdJU3RGWXdyakFlV2E3b1NZUEHSAV5BVV95cUxOMk1seVBkRzVWbHJUaW1IRzY4bTIyS1NEQnlMbzM2V1pPdW00N0pnazJTRW1sRF9QV3h3ZExUb0RDWU1HVGVGR2hwYW1WTzN3ZGVPX2NweG00ZDVUX3pR%3Foc%3D5 "HTTP/2 200 OK"
2026-08-21 17:30:30,704 [INFO] HTTP Request: GET https://wafeeknfpzjzngzuphoz.supabase.co/rest/v1/articles?select=article_id&original_url=eq.https%3A%2F%2Fnews.google.com%2Frss%2Farticles%2FCBMic0FVX3lxTE1WUnZtUmtkcS1Ec0ppZVV4WjBnNWswaTlPY1JsOXJaWkVaai1kdjdsSXNFY2tTM2hybFJGT3pnLUZUSEp3eHYzVGtYbkhsZEYxdTRhb2JQTXd5Z1I2YXROYlhQN3d6QWJZNHNhZjZreWp3YmM%3Foc%3D5 "HTTP/2 200 OK"
2026-08-21 17:30:31,328 [INFO] HTTP Request: GET https://wafeeknfpzjzngzuphoz.supabase.co/rest/v1/articles?select=article_id&original_url=eq.https%3A%2F%2Fnews.google.com%2Frss%2Farticles%2FCBMiT0FVX3lxTE5pT2NxbXJmajNtcGRxTHZNcjlXazcwQ29IeGNUN0F3X2dUOWV2S1dDVHMyZUtrdWNoLWhXZHJ0SlJLRUNfcUNjMXR5MUpYTzQ%3Foc%3D5 "HTTP/2 200 OK"
2026-08-21 17:30:31,347 [INFO] HTTP Request: GET https://wafeeknfpzjzngzuphoz.supabase.co/rest/v1/articles?select=article_id&original_url=eq.https%3A%2F%2Fnews.google.com%2Frss%2Farticles%2FCBMiWkFVX3lxTE95SGFjUDdLYVhPYXBjSXRhelZMMndBZXdkQTR0dTNvRG82U1hRbTVweUJveVVyYUtnR3dOREt5WDFjOVdVQnd0VWlLU0k2cTVDdUprWENTaTREUdIBX0FVX3lxTE1ITGZzcjlrQkNDWDE3RnBpdXVPV2RtVXNKT3NUUzRVcWYzSk5mRW92cWs2X09aVVNNeTZyYlhkekY2OUQ1UWwzcUJFY1hiTFgwU2hVS0xLWXZlVXFheFhJ%3Foc%3D5 "HTTP/2 200 OK"
2026-08-21 17:30:31,379 [INFO] HTTP Request: GET https://wafeeknfpzjzngzuphoz.supabase.co/rest/v1/articles?select=article_id&original_url=eq.https%3A%2F%2Fnews.google.com%2Frss%2Farticles%2FCBMiWkFVX3lxTE1sa0hTYXF5WDhTS1pzWXBMWVVsYnpCNW1MTkpKc19lcmhuelEzdTJVSDlwNkVzMTIxWUdpRlBMSC1oNGN4R2xPSlN3V0poR2RGa0pvbUZvMVdhUdIBWEFVX3lxTE1OR2llcHJQMTBTaDBNVVVkT3cwd0xfQWJ4b2VRcmtFSnNNUE1JZjMtZUhld0lqRDdOYjM2b1JSVk5UT1JwM0F1OS1OaWZIbTdKQ3Ixck10LUc%3Foc%3D5 "HTTP/2 200 OK"
2026-08-21 17:30:31,398 [INFO] HTTP Request: GET https://wafeeknfpzjzngzuphoz.supabase.co/rest/v1/articles?select=article_id&original_url=eq.https%3A%2F%2Fnews.google.com%2Frss%2Farticles%2FCBMiXEFVX3lxTE9FTkJLTmFvLVJJem5NckxBWUJfVW5BWklBd1ExZjFhbF85NzFRR21HRTBCbHI3QWs0blN0aDhiVTNMX2xmN2ZVdER5dGV3LWNPUFFxMHJMM1RjRnJa%3Foc%3D5 "HTTP/2 200 OK"
2026-08-21 17:30:31,417 [INFO] HTTP Request: GET https://wafeeknfpzjzngzuphoz.supabase.co/rest/v1/articles?select=article_id&original_url=eq.https%3A%2F%2Fnews.google.com%2Frss%2Farticles%2FCBMiYkFVX3lxTE1FdWNubjI3UUxJLVFiMm13dGVzQ3NVUEdxRnUzTkpzSTRmQ3RySWtyYU9Nb05xbFJxUmNlazQ0VHdyNXg0d0toelUyZ2I1ODFBMGR4M09WSkY3Y3B5SEtEdTNB%3Foc%3D5 "HTTP/2 200 OK"
2026-08-21 17:30:31,434 [INFO] HTTP Request: GET https://wafeeknfpzjzngzuphoz.supabase.co/rest/v1/articles?select=article_id&original_url=eq.https%3A%2F%2Fnews.google.com%2Frss%2Farticles%2FCBMihAFBVV95cUxQOHc5V0xHTzhmMnc0bzNvbHdpU0Q1RjZPVjl6Z3hRTkpYYlRqWDEyZlQ5WnhORG56Ry1zNkQySWtQclFnTmlTeDZZcnFUckhka29Ed2RFTXZaaXhQX3FOQWJaOThFQUlTNzVwMTdzUFVRcml6b1hkS2R2M09NU2tuazFBaFA%3Foc%3D5 "HTTP/2 200 OK"
2026-08-21 17:30:31,453 [INFO] HTTP Request: GET https://wafeeknfpzjzngzuphoz.supabase.co/rest/v1/articles?select=article_id&original_url=eq.https%3A%2F%2Fnews.google.com%2Frss%2Farticles%2FCBMiVkFVX3lxTE1QNVk5ZkUyd3ZRRzBMU0VVZlVBRDZFYVltVFZLc0t6VzVlbFlsVGNnVFh1UWdTazFGd3VvMWdYWGlrUWNwSGFnODFQa2l2NlNLN2dEZHp3%3Foc%3D5 "HTTP/2 200 OK"
2026-08-21 17:30:31,473 [INFO] HTTP Request: GET https://wafeeknfpzjzngzuphoz.supabase.co/rest/v1/articles?select=article_id&original_url=eq.https%3A%2F%2Fnews.google.com%2Frss%2Farticles%2FCBMic0FVX3lxTE1kZmtaTGNLYUhmOEdnTXBqTm13b3ZKNXk1MS0xU3ZKWl9fTm5yc3hrNDRaeUF1TkF6WFFDU3QzZG0yTkNQbzZGbDNPMG1xU1ByeFZaSHhEOG9vZ09ZSDFtVXBILTVGd2dobFZfNnZzWk1kdUHSAXdBVV95cUxQcHR3Y092blBPc202b1JaOHh5ZFl1Vkw2NnRzdmNuRXBpYUpOQkc5NkpkMUFpWl9aN2VxVlZFSmZXSzdPOFhacHJjWXV6Unp2cGRVVUNCNFdJYjZ3bDZ1OTFDUXRFWXVHa0Uwa1dUUE43RlJvQ2Ztdw%3Foc%3D5 "HTTP/2 200 OK"
2026-08-21 17:30:31,492 [INFO] HTTP Request: GET https://wafeeknfpzjzngzuphoz.supabase.co/rest/v1/articles?select=article_id&original_url=eq.https%3A%2F%2Fnews.google.com%2Frss%2Farticles%2FCBMiaEFVX3lxTE9GdVM2T3VXYmhMWGxqSlFwREc5VzExOWpSWU1rNE5KY1VLTUlGcHJJZFVtdlBCSm0tclpMMWZINTJucnJObW05UXQxbDZ3aXJRNVBLVFgtUnFiWF9WRFh2YlphbUh4VGNP0gFsQVVfeXFMUFF2cUJROC1HMnpmNGNUVkJNa3htd2NsYk5CUzRTWjBGZkVwRXpKWWlFU2F5bVN3ZFNiai1aeU5SN1ZOWmZvRmJ6UTFrUzRqU2F6R0s0TEFtWl9CVXdzT3ZXdnRqU2hObS00enhK%3Foc%3D5 "HTTP/2 200 OK"
2026-08-21 17:30:31,510 [INFO] HTTP Request: GET https://wafeeknfpzjzngzuphoz.supabase.co/rest/v1/articles?select=article_id&original_url=eq.https%3A%2F%2Fnews.google.com%2Frss%2Farticles%2FCBMic0FVX3lxTE9EdUhvQV9xVlE2WER4QWV0NWx0ajRpbVBOR1VCclR2dkZpS21EakV2a1VFUVFuSmdjN2tLS0I4eWhXV2hIMjFFZ191Z09sNmFvZTY4ZFNYNzdBcmlWWmFhWHBuYlJ3eE03M245V19KMnFFRFk%3Foc%3D5 "HTTP/2 200 OK"
2026-08-21 17:30:31,639 [INFO] HTTP Request: GET https://wafeeknfpzjzngzuphoz.supabase.co/rest/v1/articles?select=article_id&original_url=eq.https%3A%2F%2Fyozm.wishket.com%2Fmagazine%2Fdetail%2F3908 "HTTP/2 200 OK"
2026-08-21 17:30:31,663 [INFO] HTTP Request: GET https://wafeeknfpzjzngzuphoz.supabase.co/rest/v1/articles?select=article_id&original_url=eq.https%3A%2F%2Fyozm.wishket.com%2Fmagazine%2Fdetail%2F3907 "HTTP/2 200 OK"
2026-08-21 17:30:31,680 [INFO] HTTP Request: GET https://wafeeknfpzjzngzuphoz.supabase.co/rest/v1/articles?select=article_id&original_url=eq.https%3A%2F%2Fyozm.wishket.com%2Fmagazine%2Fdetail%2F3906 "HTTP/2 200 OK"
2026-08-21 17:30:31,698 [INFO] HTTP Request: GET https://wafeeknfpzjzngzuphoz.supabase.co/rest/v1/articles?select=article_id&original_url=eq.https%3A%2F%2Fyozm.wishket.com%2Fmagazine%2Fdetail%2F3905 "HTTP/2 200 OK"
2026-08-21 17:30:31,716 [INFO] HTTP Request: GET https://wafeeknfpzjzngzuphoz.supabase.co/rest/v1/articles?select=article_id&original_url=eq.https%3A%2F%2Fyozm.wishket.com%2Fmagazine%2Fdetail%2F3904 "HTTP/2 200 OK"
2026-08-21 17:30:31,735 [INFO] HTTP Request: GET https://wafeeknfpzjzngzuphoz.supabase.co/rest/v1/articles?select=article_id&original_url=eq.https%3A%2F%2Fyozm.wishket.com%2Fmagazine%2Fdetail%2F3903 "HTTP/2 200 OK"
2026-08-21 17:30:31,752 [INFO] HTTP Request: GET https://wafeeknfpzjzngzuphoz.supabase.co/rest/v1/articles?select=article_id&original_url=eq.https%3A%2F%2Fyozm.wishket.com%2Fmagazine%2Fdetail%2F3902 "HTTP/2 200 OK"
2026-08-21 17:30:31,771 [INFO] HTTP Request: GET https://wafeeknfpzjzngzuphoz.supabase.co/rest/v1/articles?select=article_id&original_url=eq.https%3A%2F%2Fyozm.wishket.com%2Fmagazine%2Fdetail%2F3901 "HTTP/2 200 OK"
2026-08-21 17:30:31,789 [INFO] HTTP Request: GET https://wafeeknfpzjzngzuphoz.supabase.co/rest/v1/articles?select=article_id&original_url=eq.https%3A%2F%2Fyozm.wishket.com%2Fmagazine%2Fdetail%2F3900 "HTTP/2 200 OK"
2026-08-21 17:30:31,814 [INFO] HTTP Request: GET https://wafeeknfpzjzngzuphoz.supabase.co/rest/v1/articles?select=article_id&original_url=eq.https%3A%2F%2Fyozm.wishket.com%2Fmagazine%2Fdetail%2F3899 "HTTP/2 200 OK"
2026-08-21 17:30:32,178 [INFO] HTTP Request: GET https://wafeeknfpzjzngzuphoz.supabase.co/rest/v1/articles?select=article_id&original_url=eq.https%3A%2F%2Ftechblog.woowahan.com%2F26876%2F "HTTP/2 200 OK"
2026-08-21 17:30:32,201 [INFO] HTTP Request: GET https://wafeeknfpzjzngzuphoz.supabase.co/rest/v1/articles?select=article_id&original_url=eq.https%3A%2F%2Ftechblog.woowahan.com%2F26777%2F "HTTP/2 200 OK"
2026-08-21 17:30:32,219 [INFO] HTTP Request: GET https://wafeeknfpzjzngzuphoz.supabase.co/rest/v1/articles?select=article_id&original_url=eq.https%3A%2F%2Ftechblog.woowahan.com%2F26729%2F "HTTP/2 200 OK"
2026-08-21 17:30:32,240 [INFO] HTTP Request: GET https://wafeeknfpzjzngzuphoz.supabase.co/rest/v1/articles?select=article_id&original_url=eq.https%3A%2F%2Ftechblog.woowahan.com%2F26507%2F "HTTP/2 200 OK"
2026-08-21 17:30:32,259 [INFO] HTTP Request: GET https://wafeeknfpzjzngzuphoz.supabase.co/rest/v1/articles?select=article_id&original_url=eq.https%3A%2F%2Ftechblog.woowahan.com%2F26624%2F "HTTP/2 200 OK"
2026-08-21 17:30:32,278 [INFO] HTTP Request: GET https://wafeeknfpzjzngzuphoz.supabase.co/rest/v1/articles?select=article_id&original_url=eq.https%3A%2F%2Ftechblog.woowahan.com%2F26492%2F "HTTP/2 200 OK"
2026-08-21 17:30:32,298 [INFO] HTTP Request: GET https://wafeeknfpzjzngzuphoz.supabase.co/rest/v1/articles?select=article_id&original_url=eq.https%3A%2F%2Ftechblog.woowahan.com%2F26459%2F "HTTP/2 200 OK"
2026-08-21 17:30:32,315 [INFO] HTTP Request: GET https://wafeeknfpzjzngzuphoz.supabase.co/rest/v1/articles?select=article_id&original_url=eq.https%3A%2F%2Ftechblog.woowahan.com%2F26379%2F "HTTP/2 200 OK"
2026-08-21 17:30:32,333 [INFO] HTTP Request: GET https://wafeeknfpzjzngzuphoz.supabase.co/rest/v1/articles?select=article_id&original_url=eq.https%3A%2F%2Ftechblog.woowahan.com%2F26388%2F "HTTP/2 200 OK"
2026-08-21 17:30:32,350 [INFO] HTTP Request: GET https://wafeeknfpzjzngzuphoz.supabase.co/rest/v1/articles?select=article_id&original_url=eq.https%3A%2F%2Ftechblog.woowahan.com%2F26319%2F "HTTP/2 200 OK"
2026-08-21 17:30:32,459 [INFO] HTTP Request: GET https://wafeeknfpzjzngzuphoz.supabase.co/rest/v1/articles?select=article_id&original_url=eq.https%3A%2F%2Ftech.kakao.com%2Fposts%2F829 "HTTP/2 200 OK"
2026-08-21 17:30:32,480 [INFO] HTTP Request: GET https://wafeeknfpzjzngzuphoz.supabase.co/rest/v1/articles?select=article_id&original_url=eq.https%3A%2F%2Ftech.kakao.com%2Fposts%2F828 "HTTP/2 200 OK"
2026-08-21 17:30:32,501 [INFO] HTTP Request: GET https://wafeeknfpzjzngzuphoz.supabase.co/rest/v1/articles?select=article_id&original_url=eq.https%3A%2F%2Ftech.kakao.com%2Fposts%2F827 "HTTP/2 200 OK"
2026-08-21 17:30:32,520 [INFO] HTTP Request: GET https://wafeeknfpzjzngzuphoz.supabase.co/rest/v1/articles?select=article_id&original_url=eq.https%3A%2F%2Ftech.kakao.com%2Fposts%2F826 "HTTP/2 200 OK"
2026-08-21 17:30:32,538 [INFO] HTTP Request: GET https://wafeeknfpzjzngzuphoz.supabase.co/rest/v1/articles?select=article_id&original_url=eq.https%3A%2F%2Ftech.kakao.com%2Fposts%2F825 "HTTP/2 200 OK"
2026-08-21 17:30:32,557 [INFO] HTTP Request: GET https://wafeeknfpzjzngzuphoz.supabase.co/rest/v1/articles?select=article_id&original_url=eq.https%3A%2F%2Ftech.kakao.com%2Fposts%2F824 "HTTP/2 200 OK"
2026-08-21 17:30:32,581 [INFO] HTTP Request: GET https://wafeeknfpzjzngzuphoz.supabase.co/rest/v1/articles?select=article_id&original_url=eq.https%3A%2F%2Ftech.kakao.com%2Fposts%2F823 "HTTP/2 200 OK"
2026-08-21 17:30:32,599 [INFO] HTTP Request: GET https://wafeeknfpzjzngzuphoz.supabase.co/rest/v1/articles?select=article_id&original_url=eq.https%3A%2F%2Ftech.kakao.com%2Fposts%2F818 "HTTP/2 200 OK"
2026-08-21 17:30:32,617 [INFO] HTTP Request: GET https://wafeeknfpzjzngzuphoz.supabase.co/rest/v1/articles?select=article_id&original_url=eq.https%3A%2F%2Ftech.kakao.com%2Fposts%2F822 "HTTP/2 200 OK"
2026-08-21 17:30:32,633 [INFO] HTTP Request: GET https://wafeeknfpzjzngzuphoz.supabase.co/rest/v1/articles?select=article_id&original_url=eq.https%3A%2F%2Ftech.kakao.com%2Fposts%2F821 "HTTP/2 200 OK"
2026-08-21 17:30:32,666 [INFO] HTTP Request: GET https://wafeeknfpzjzngzuphoz.supabase.co/rest/v1/articles?select=article_id%2Csource_id%2Ccategory_id%2Coriginal_url%2Ctitle%2Csummary%2Csources%28name%2Ctype%2Creliability_score%29%2Ccategories%28name%29&collected_at=gte.2026-08-21T00%3A00%3A00 "HTTP/2 200 OK"
2026-08-21 17:30:32,692 [INFO] HTTP Request: GET https://wafeeknfpzjzngzuphoz.supabase.co/rest/v1/users?select=user_id "HTTP/2 200 OK"
2026-08-21 17:30:32,711 [INFO] HTTP Request: GET https://wafeeknfpzjzngzuphoz.supabase.co/rest/v1/user_sources?select=source_id&user_id=eq.1 "HTTP/2 200 OK"
2026-08-21 17:30:32,733 [INFO] HTTP Request: GET https://wafeeknfpzjzngzuphoz.supabase.co/rest/v1/subscriptions?select=category_id&user_id=eq.1&is_active=eq.True "HTTP/2 200 OK"
2026-08-21 17:30:32,755 [INFO] HTTP Request: GET https://wafeeknfpzjzngzuphoz.supabase.co/rest/v1/digests?select=digest_id&user_id=eq.1&digest_date=eq.2026-08-21 "HTTP/2 200 OK"
2026-08-21 17:30:32,779 [INFO] HTTP Request: POST https://wafeeknfpzjzngzuphoz.supabase.co/rest/v1/digests "HTTP/2 201 Created"
2026-08-21 17:30:32,779 [INFO] 📄 사용자 ID 1 개인 다이제스트 생성 완료: news/user_1/2026-08-21.html
2026-08-21 17:30:32,779 [INFO] ✅ 총 0개 신규 기사 DB 저장 및 개인별 다이제스트 생성 완료

2026-08-21 17:35:25,468 [INFO] ⚡ [--now] 옵션 감지: 즉시 수집 작업을 실행합니다.
2026-08-21 17:35:25,468 [INFO] 🚀 [Start] RSS 피드 수집 및 DB 저장 시작
2026-08-21 17:35:26,128 [INFO] HTTP Request: GET https://wafeeknfpzjzngzuphoz.supabase.co/rest/v1/sources?select=source_id%2Cname%2Curl "HTTP/2 200 OK"
2026-08-21 17:35:26,163 [INFO] HTTP Request: GET https://wafeeknfpzjzngzuphoz.supabase.co/rest/v1/categories?select=category_id%2Cname&is_active=eq.True "HTTP/2 200 OK"
2026-08-21 17:35:26,666 [INFO] HTTP Request: GET https://wafeeknfpzjzngzuphoz.supabase.co/rest/v1/articles?select=article_id&original_url=eq.https%3A%2F%2Fopenai.com%2Findex%2Fintroducing-ai-futures "HTTP/2 200 OK"
2026-08-21 17:35:26,696 [INFO] HTTP Request: GET https://wafeeknfpzjzngzuphoz.supabase.co/rest/v1/articles?select=article_id&original_url=eq.https%3A%2F%2Fopenai.com%2Findex%2Fstampli "HTTP/2 200 OK"
2026-08-21 17:35:26,730 [INFO] HTTP Request: GET https://wafeeknfpzjzngzuphoz.supabase.co/rest/v1/articles?select=article_id&original_url=eq.https%3A%2F%2Fopenai.com%2Findex%2Foffering-zero-data-retention-for-frontier-models "HTTP/2 200 OK"
2026-08-21 17:35:26,764 [INFO] HTTP Request: GET https://wafeeknfpzjzngzuphoz.supabase.co/rest/v1/articles?select=article_id&original_url=eq.https%3A%2F%2Fopenai.com%2Findex%2Freplit "HTTP/2 200 OK"
2026-08-21 17:35:26,802 [INFO] HTTP Request: GET https://wafeeknfpzjzngzuphoz.supabase.co/rest/v1/articles?select=article_id&original_url=eq.https%3A%2F%2Fopenai.com%2Findex%2Fchatgpt-ads-expands-across-europe "HTTP/2 200 OK"
2026-08-21 17:35:26,837 [INFO] HTTP Request: GET https://wafeeknfpzjzngzuphoz.supabase.co/rest/v1/articles?select=article_id&original_url=eq.https%3A%2F%2Fopenai.com%2Findex%2Fstrengthening-democratic-oversight-in-national-security "HTTP/2 200 OK"
2026-08-21 17:35:26,879 [INFO] HTTP Request: GET https://wafeeknfpzjzngzuphoz.supabase.co/rest/v1/articles?select=article_id&original_url=eq.https%3A%2F%2Fopenai.com%2Findex%2Fpartnering-with-codeai "HTTP/2 200 OK"
2026-08-21 17:35:26,899 [INFO] HTTP Request: GET https://wafeeknfpzjzngzuphoz.supabase.co/rest/v1/articles?select=article_id&original_url=eq.https%3A%2F%2Fopenai.com%2Findex%2Fpacing-model-development-cyber-capabilities "HTTP/2 200 OK"
2026-08-21 17:35:26,928 [INFO] HTTP Request: GET https://wafeeknfpzjzngzuphoz.supabase.co/rest/v1/articles?select=article_id&original_url=eq.https%3A%2F%2Fopenai.com%2Findex%2Fchatgpt-for-teens "HTTP/2 200 OK"
2026-08-21 17:35:26,957 [INFO] HTTP Request: GET https://wafeeknfpzjzngzuphoz.supabase.co/rest/v1/articles?select=article_id&original_url=eq.https%3A%2F%2Fopenai.com%2Findex%2Fnvidia%2Fchatgpt-work "HTTP/2 200 OK"
2026-08-21 17:35:27,789 [INFO] HTTP Request: GET https://wafeeknfpzjzngzuphoz.supabase.co/rest/v1/articles?select=article_id&original_url=eq.https%3A%2F%2Fblog.google%2Fproducts-and-platforms%2Fproducts%2Fsearch%2Fback-to-school-study-tools%2F "HTTP/2 200 OK"
2026-08-21 17:35:27,808 [INFO] HTTP Request: GET https://wafeeknfpzjzngzuphoz.supabase.co/rest/v1/articles?select=article_id&original_url=eq.https%3A%2F%2Fblog.google%2Fproducts-and-platforms%2Fproducts%2Fgemini%2Fgoogle-gemini-pixel-football-club-partnerships%2F "HTTP/2 200 OK"
2026-08-21 17:35:27,830 [INFO] HTTP Request: GET https://wafeeknfpzjzngzuphoz.supabase.co/rest/v1/articles?select=article_id&original_url=eq.https%3A%2F%2Fblog.google%2Fproducts-and-platforms%2Fproducts%2Fworkspace%2Fsheets-canvas-for-google-sheets-spreadsheets%2F "HTTP/2 200 OK"
2026-08-21 17:35:27,849 [INFO] HTTP Request: GET https://wafeeknfpzjzngzuphoz.supabase.co/rest/v1/articles?select=article_id&original_url=eq.https%3A%2F%2Fblog.google%2Finnovation-and-ai%2Fmodels-and-research%2Fgoogle-research%2Famie-video-consultations%2F "HTTP/2 200 OK"
2026-08-21 17:35:27,870 [INFO] HTTP Request: GET https://wafeeknfpzjzngzuphoz.supabase.co/rest/v1/articles?select=article_id&original_url=eq.https%3A%2F%2Fblog.google%2Fproducts%2Fads-commerce%2Fgoogle-ads-analytics-ai-updates%2F "HTTP/2 200 OK"
2026-08-21 17:35:27,888 [INFO] HTTP Request: GET https://wafeeknfpzjzngzuphoz.supabase.co/rest/v1/articles?select=article_id&original_url=eq.https%3A%2F%2Fblog.google%2Finnovation-and-ai%2Ftechnology%2Fai%2Fgoogle-ai-updates-july-2026%2F "HTTP/2 200 OK"
2026-08-21 17:35:27,906 [INFO] HTTP Request: GET https://wafeeknfpzjzngzuphoz.supabase.co/rest/v1/articles?select=article_id&original_url=eq.https%3A%2F%2Fblog.google%2Finnovation-and-ai%2Ftechnology%2Fdevelopers-tools%2Fai-agents-intensive-recap-2026%2F "HTTP/2 200 OK"
2026-08-21 17:35:27,926 [INFO] HTTP Request: GET https://wafeeknfpzjzngzuphoz.supabase.co/rest/v1/articles?select=article_id&original_url=eq.https%3A%2F%2Fblog.google%2Finnovation-and-ai%2Ftechnology%2Fdevelopers-tools%2Fexpanding-managed-agents-gemini-api-3-6-flash-hooks%2F "HTTP/2 200 OK"
2026-08-21 17:35:27,947 [INFO] HTTP Request: GET https://wafeeknfpzjzngzuphoz.supabase.co/rest/v1/articles?select=article_id&original_url=eq.https%3A%2F%2Fblog.google%2Fproducts-and-platforms%2Fproducts%2Fsearch%2Fai-mode-real-world-tips%2F "HTTP/2 200 OK"
2026-08-21 17:35:27,966 [INFO] HTTP Request: GET https://wafeeknfpzjzngzuphoz.supabase.co/rest/v1/articles?select=article_id&original_url=eq.https%3A%2F%2Fblog.google%2Fproducts-and-platforms%2Fproducts%2Fsearch%2Fdinner-party-hosting-tips%2F "HTTP/2 200 OK"
2026-08-21 17:35:28,688 [INFO] HTTP Request: GET https://wafeeknfpzjzngzuphoz.supabase.co/rest/v1/articles?select=article_id&original_url=eq.https%3A%2F%2Fnews.hada.io%2Ftopic%3Fid%3D32723 "HTTP/2 200 OK"
2026-08-21 17:35:28,708 [INFO] HTTP Request: GET https://wafeeknfpzjzngzuphoz.supabase.co/rest/v1/articles?select=article_id&original_url=eq.https%3A%2F%2Fnews.hada.io%2Farticle%2Fopenrouter-is-not-just-a-proxy "HTTP/2 200 OK"
2026-08-21 17:35:28,728 [INFO] HTTP Request: GET https://wafeeknfpzjzngzuphoz.supabase.co/rest/v1/articles?select=article_id&original_url=eq.https%3A%2F%2Fnews.hada.io%2Ftopic%3Fid%3D32720 "HTTP/2 200 OK"
2026-08-21 17:35:28,745 [INFO] HTTP Request: GET https://wafeeknfpzjzngzuphoz.supabase.co/rest/v1/articles?select=article_id&original_url=eq.https%3A%2F%2Fnews.hada.io%2Ftopic%3Fid%3D32719 "HTTP/2 200 OK"
2026-08-21 17:35:28,765 [INFO] HTTP Request: GET https://wafeeknfpzjzngzuphoz.supabase.co/rest/v1/articles?select=article_id&original_url=eq.https%3A%2F%2Fnews.hada.io%2Ftopic%3Fid%3D32717 "HTTP/2 200 OK"
2026-08-21 17:35:28,789 [INFO] HTTP Request: GET https://wafeeknfpzjzngzuphoz.supabase.co/rest/v1/articles?select=article_id&original_url=eq.https%3A%2F%2Fnews.hada.io%2Ftopic%3Fid%3D32716 "HTTP/2 200 OK"
2026-08-21 17:35:28,818 [INFO] HTTP Request: GET https://wafeeknfpzjzngzuphoz.supabase.co/rest/v1/articles?select=article_id&original_url=eq.https%3A%2F%2Fnews.hada.io%2Ftopic%3Fid%3D32715 "HTTP/2 200 OK"
2026-08-21 17:35:28,836 [INFO] HTTP Request: GET https://wafeeknfpzjzngzuphoz.supabase.co/rest/v1/articles?select=article_id&original_url=eq.https%3A%2F%2Fnews.hada.io%2Ftopic%3Fid%3D32714 "HTTP/2 200 OK"
2026-08-21 17:35:28,857 [INFO] HTTP Request: GET https://wafeeknfpzjzngzuphoz.supabase.co/rest/v1/articles?select=article_id&original_url=eq.https%3A%2F%2Fnews.hada.io%2Ftopic%3Fid%3D32713 "HTTP/2 200 OK"
2026-08-21 17:35:28,877 [INFO] HTTP Request: GET https://wafeeknfpzjzngzuphoz.supabase.co/rest/v1/articles?select=article_id&original_url=eq.https%3A%2F%2Fnews.hada.io%2Ftopic%3Fid%3D32712 "HTTP/2 200 OK"
2026-08-21 17:35:28,977 [INFO] HTTP Request: GET https://wafeeknfpzjzngzuphoz.supabase.co/rest/v1/articles?select=article_id&original_url=eq.https%3A%2F%2Fwww.aitimes.com%2Fnews%2FarticleView.html%3Fidxno%3D214205 "HTTP/2 200 OK"
2026-08-21 17:35:29,004 [INFO] HTTP Request: POST https://wafeeknfpzjzngzuphoz.supabase.co/rest/v1/articles "HTTP/2 201 Created"
2026-08-21 17:35:29,022 [INFO] HTTP Request: GET https://wafeeknfpzjzngzuphoz.supabase.co/rest/v1/articles?select=article_id&original_url=eq.https%3A%2F%2Fwww.aitimes.com%2Fnews%2FarticleView.html%3Fidxno%3D214214 "HTTP/2 200 OK"
2026-08-21 17:35:29,055 [INFO] HTTP Request: POST https://wafeeknfpzjzngzuphoz.supabase.co/rest/v1/articles "HTTP/2 201 Created"
2026-08-21 17:35:29,074 [INFO] HTTP Request: GET https://wafeeknfpzjzngzuphoz.supabase.co/rest/v1/articles?select=article_id&original_url=eq.https%3A%2F%2Fwww.aitimes.com%2Fnews%2FarticleView.html%3Fidxno%3D214213 "HTTP/2 200 OK"
2026-08-21 17:35:29,092 [INFO] HTTP Request: GET https://wafeeknfpzjzngzuphoz.supabase.co/rest/v1/articles?select=article_id&original_url=eq.https%3A%2F%2Fwww.aitimes.com%2Fnews%2FarticleView.html%3Fidxno%3D214226 "HTTP/2 200 OK"
2026-08-21 17:35:29,110 [INFO] HTTP Request: GET https://wafeeknfpzjzngzuphoz.supabase.co/rest/v1/articles?select=article_id&original_url=eq.https%3A%2F%2Fwww.aitimes.com%2Fnews%2FarticleView.html%3Fidxno%3D214189 "HTTP/2 200 OK"
2026-08-21 17:35:29,128 [INFO] HTTP Request: GET https://wafeeknfpzjzngzuphoz.supabase.co/rest/v1/articles?select=article_id&original_url=eq.https%3A%2F%2Fwww.aitimes.com%2Fnews%2FarticleView.html%3Fidxno%3D214222 "HTTP/2 200 OK"
2026-08-21 17:35:29,146 [INFO] HTTP Request: GET https://wafeeknfpzjzngzuphoz.supabase.co/rest/v1/articles?select=article_id&original_url=eq.https%3A%2F%2Fwww.aitimes.com%2Fnews%2FarticleView.html%3Fidxno%3D214223 "HTTP/2 200 OK"
2026-08-21 17:35:29,179 [INFO] HTTP Request: GET https://wafeeknfpzjzngzuphoz.supabase.co/rest/v1/articles?select=article_id&original_url=eq.https%3A%2F%2Fwww.aitimes.com%2Fnews%2FarticleView.html%3Fidxno%3D214219 "HTTP/2 200 OK"
2026-08-21 17:35:29,197 [INFO] HTTP Request: GET https://wafeeknfpzjzngzuphoz.supabase.co/rest/v1/articles?select=article_id&original_url=eq.https%3A%2F%2Fwww.aitimes.com%2Fnews%2FarticleView.html%3Fidxno%3D214228 "HTTP/2 200 OK"
2026-08-21 17:35:29,217 [INFO] HTTP Request: POST https://wafeeknfpzjzngzuphoz.supabase.co/rest/v1/articles "HTTP/2 201 Created"
2026-08-21 17:35:29,247 [INFO] HTTP Request: GET https://wafeeknfpzjzngzuphoz.supabase.co/rest/v1/articles?select=article_id&original_url=eq.https%3A%2F%2Fwww.aitimes.com%2Fnews%2FarticleView.html%3Fidxno%3D214224 "HTTP/2 200 OK"
2026-08-21 17:35:29,793 [INFO] HTTP Request: GET https://wafeeknfpzjzngzuphoz.supabase.co/rest/v1/articles?select=article_id&original_url=eq.https%3A%2F%2Fnews.google.com%2Frss%2Farticles%2FCBMiXEFVX3lxTE9DWXkyN3hhUDFHR0tCMXdpVkt3OTAyS1dBUUN6QXBKTEpMOF9SLWJSZkl3VW5FdzE2N1JiYk13NGtFQXNnbjFZZ3Vsd3BZNGJLWDJTdVladTk0bXRi%3Foc%3D5 "HTTP/2 200 OK"
2026-08-21 17:35:29,813 [INFO] HTTP Request: GET https://wafeeknfpzjzngzuphoz.supabase.co/rest/v1/articles?select=article_id&original_url=eq.https%3A%2F%2Fnews.google.com%2Frss%2Farticles%2FCBMiVkFVX3lxTFBlSVhEWDF6dU85X3puVUswSzlXLUx4OXg5b0JZMlJYeHFXcHFsM1FLNEQ4MHQxTjlfRzZMZVhiU0JVTm5nS1paWnhEVXM1RzRmV0hWeWNR%3Foc%3D5 "HTTP/2 200 OK"
2026-08-21 17:35:29,834 [INFO] HTTP Request: GET https://wafeeknfpzjzngzuphoz.supabase.co/rest/v1/articles?select=article_id&original_url=eq.https%3A%2F%2Fnews.google.com%2Frss%2Farticles%2FCBMiX0FVX3lxTE5IRW4zbDg2OG1sYmVhVGhPUmNGaFJ6ZVdGYjNTeEd0eUp5REtWSm1fQ05rdnZFNkVPQVFlcExzYnU2YURSOE9PeHdiMEtCZXdBNkM0OFlOVWxoR1RySU84%3Foc%3D5 "HTTP/2 200 OK"
2026-08-21 17:35:29,853 [INFO] HTTP Request: GET https://wafeeknfpzjzngzuphoz.supabase.co/rest/v1/articles?select=article_id&original_url=eq.https%3A%2F%2Fnews.google.com%2Frss%2Farticles%2FCBMiSEFVX3lxTE1mczBWYm0wOEU3a2NSanExQ0V5ZjNDWmZhNURubTVxcmJDRUNjLXZzT1JmT2JlbVYwUjlWY0dxNXgxRW5ueHdveA%3Foc%3D5 "HTTP/2 200 OK"
2026-08-21 17:35:29,872 [INFO] HTTP Request: GET https://wafeeknfpzjzngzuphoz.supabase.co/rest/v1/articles?select=article_id&original_url=eq.https%3A%2F%2Fnews.google.com%2Frss%2Farticles%2FCBMijgFBVV95cUxPaXVvNUlaeE5USjVKOGE5WEpLRDA2Y0c4Z3hONXZLaXc3X2IySmlzMy1kSExBUzNRMlY5dmUyNWNnX295R0tucnRKUi1aUnJsMjkzUllJWGdzbHVtajMyVG5pWW81YUxVbzhRQUh1T3E4bTJaU3AtRlFzQ0RjUzFxc1BqMkZpNGRwVUhXTi1R%3Foc%3D5 "HTTP/2 200 OK"
2026-08-21 17:35:29,891 [INFO] HTTP Request: GET https://wafeeknfpzjzngzuphoz.supabase.co/rest/v1/articles?select=article_id&original_url=eq.https%3A%2F%2Fnews.google.com%2Frss%2Farticles%2FCBMib0FVX3lxTE1GYWxwbEp6YTFrUExYQ3J0aW1aVkdtTFptSlNqZ3dsWEdlLXI2RnJyb3UwQVhHWURDamk2UXE5N1dIMzQxZkxOT0R0V1gyUHRkYWhqdWgycHU4WHNXa2QtTUVReFpLbWZoZWlmS09nWQ%3Foc%3D5 "HTTP/2 200 OK"
2026-08-21 17:35:29,911 [INFO] HTTP Request: GET https://wafeeknfpzjzngzuphoz.supabase.co/rest/v1/articles?select=article_id&original_url=eq.https%3A%2F%2Fnews.google.com%2Frss%2Farticles%2FCBMiT0FVX3lxTFAzaWZPNVkxUlpVVTkzeEkyZURXNHppRWFtYkVEeUFCaDhTeVJFS0VubHd5Tjd6U09KRGI3ZDZYTXFNWWRQeHk5Q1F2eTlzeDQ%3Foc%3D5 "HTTP/2 200 OK"
2026-08-21 17:35:29,929 [INFO] HTTP Request: GET https://wafeeknfpzjzngzuphoz.supabase.co/rest/v1/articles?select=article_id&original_url=eq.https%3A%2F%2Fnews.google.com%2Frss%2Farticles%2FCBMiiAFBVV95cUxPcUNMUVl5OG0ydkJSb2c3eVJiLXNNdFYzQno4XzkyYzl2d2lvLUNnYzBzb1lqaHBxNzZtSXBuNzc0dlpfSHZuTC1TeG16RU1OQUhBUDFHaDVRQjB5bVBWazRINWdMZm1hYXpfOURrZzlQV1Ayb3ViWTRLZUl3eGdvdDY3WVVMNExo%3Foc%3D5 "HTTP/2 200 OK"
2026-08-21 17:35:29,949 [INFO] HTTP Request: GET https://wafeeknfpzjzngzuphoz.supabase.co/rest/v1/articles?select=article_id&original_url=eq.https%3A%2F%2Fnews.google.com%2Frss%2Farticles%2FCBMiWEFVX3lxTFBvd3pDNkp0cF9pMEIwd3lGQTg4VDE1VUVKREgtdEZRVUVuamgtZk5pNTlDM25oSnZCYVh1eENCQ1A0djlaYWdJU3RGWXdyakFlV2E3b1NZUEHSAV5BVV95cUxOMk1seVBkRzVWbHJUaW1IRzY4bTIyS1NEQnlMbzM2V1pPdW00N0pnazJTRW1sRF9QV3h3ZExUb0RDWU1HVGVGR2hwYW1WTzN3ZGVPX2NweG00ZDVUX3pR%3Foc%3D5 "HTTP/2 200 OK"
2026-08-21 17:35:29,968 [INFO] HTTP Request: GET https://wafeeknfpzjzngzuphoz.supabase.co/rest/v1/articles?select=article_id&original_url=eq.https%3A%2F%2Fnews.google.com%2Frss%2Farticles%2FCBMic0FVX3lxTE1WUnZtUmtkcS1Ec0ppZVV4WjBnNWswaTlPY1JsOXJaWkVaai1kdjdsSXNFY2tTM2hybFJGT3pnLUZUSEp3eHYzVGtYbkhsZEYxdTRhb2JQTXd5Z1I2YXROYlhQN3d6QWJZNHNhZjZreWp3YmM%3Foc%3D5 "HTTP/2 200 OK"
2026-08-21 17:35:30,646 [INFO] HTTP Request: GET https://wafeeknfpzjzngzuphoz.supabase.co/rest/v1/articles?select=article_id&original_url=eq.https%3A%2F%2Fnews.google.com%2Frss%2Farticles%2FCBMiT0FVX3lxTE5pT2NxbXJmajNtcGRxTHZNcjlXazcwQ29IeGNUN0F3X2dUOWV2S1dDVHMyZUtrdWNoLWhXZHJ0SlJLRUNfcUNjMXR5MUpYTzQ%3Foc%3D5 "HTTP/2 200 OK"
2026-08-21 17:35:30,667 [INFO] HTTP Request: GET https://wafeeknfpzjzngzuphoz.supabase.co/rest/v1/articles?select=article_id&original_url=eq.https%3A%2F%2Fnews.google.com%2Frss%2Farticles%2FCBMiWkFVX3lxTE95SGFjUDdLYVhPYXBjSXRhelZMMndBZXdkQTR0dTNvRG82U1hRbTVweUJveVVyYUtnR3dOREt5WDFjOVdVQnd0VWlLU0k2cTVDdUprWENTaTREUdIBX0FVX3lxTE1ITGZzcjlrQkNDWDE3RnBpdXVPV2RtVXNKT3NUUzRVcWYzSk5mRW92cWs2X09aVVNNeTZyYlhkekY2OUQ1UWwzcUJFY1hiTFgwU2hVS0xLWXZlVXFheFhJ%3Foc%3D5 "HTTP/2 200 OK"
2026-08-21 17:35:30,686 [INFO] HTTP Request: GET https://wafeeknfpzjzngzuphoz.supabase.co/rest/v1/articles?select=article_id&original_url=eq.https%3A%2F%2Fnews.google.com%2Frss%2Farticles%2FCBMiWkFVX3lxTE1sa0hTYXF5WDhTS1pzWXBMWVVsYnpCNW1MTkpKc19lcmhuelEzdTJVSDlwNkVzMTIxWUdpRlBMSC1oNGN4R2xPSlN3V0poR2RGa0pvbUZvMVdhUdIBWEFVX3lxTE1OR2llcHJQMTBTaDBNVVVkT3cwd0xfQWJ4b2VRcmtFSnNNUE1JZjMtZUhld0lqRDdOYjM2b1JSVk5UT1JwM0F1OS1OaWZIbTdKQ3Ixck10LUc%3Foc%3D5 "HTTP/2 200 OK"
2026-08-21 17:35:30,708 [INFO] HTTP Request: GET https://wafeeknfpzjzngzuphoz.supabase.co/rest/v1/articles?select=article_id&original_url=eq.https%3A%2F%2Fnews.google.com%2Frss%2Farticles%2FCBMiXEFVX3lxTE9FTkJLTmFvLVJJem5NckxBWUJfVW5BWklBd1ExZjFhbF85NzFRR21HRTBCbHI3QWs0blN0aDhiVTNMX2xmN2ZVdER5dGV3LWNPUFFxMHJMM1RjRnJa%3Foc%3D5 "HTTP/2 200 OK"
2026-08-21 17:35:30,727 [INFO] HTTP Request: GET https://wafeeknfpzjzngzuphoz.supabase.co/rest/v1/articles?select=article_id&original_url=eq.https%3A%2F%2Fnews.google.com%2Frss%2Farticles%2FCBMiYkFVX3lxTE1FdWNubjI3UUxJLVFiMm13dGVzQ3NVUEdxRnUzTkpzSTRmQ3RySWtyYU9Nb05xbFJxUmNlazQ0VHdyNXg0d0toelUyZ2I1ODFBMGR4M09WSkY3Y3B5SEtEdTNB%3Foc%3D5 "HTTP/2 200 OK"
2026-08-21 17:35:30,754 [INFO] HTTP Request: GET https://wafeeknfpzjzngzuphoz.supabase.co/rest/v1/articles?select=article_id&original_url=eq.https%3A%2F%2Fnews.google.com%2Frss%2Farticles%2FCBMihAFBVV95cUxQOHc5V0xHTzhmMnc0bzNvbHdpU0Q1RjZPVjl6Z3hRTkpYYlRqWDEyZlQ5WnhORG56Ry1zNkQySWtQclFnTmlTeDZZcnFUckhka29Ed2RFTXZaaXhQX3FOQWJaOThFQUlTNzVwMTdzUFVRcml6b1hkS2R2M09NU2tuazFBaFA%3Foc%3D5 "HTTP/2 200 OK"
2026-08-21 17:35:30,773 [INFO] HTTP Request: GET https://wafeeknfpzjzngzuphoz.supabase.co/rest/v1/articles?select=article_id&original_url=eq.https%3A%2F%2Fnews.google.com%2Frss%2Farticles%2FCBMiVkFVX3lxTE1QNVk5ZkUyd3ZRRzBMU0VVZlVBRDZFYVltVFZLc0t6VzVlbFlsVGNnVFh1UWdTazFGd3VvMWdYWGlrUWNwSGFnODFQa2l2NlNLN2dEZHp3%3Foc%3D5 "HTTP/2 200 OK"
2026-08-21 17:35:30,792 [INFO] HTTP Request: GET https://wafeeknfpzjzngzuphoz.supabase.co/rest/v1/articles?select=article_id&original_url=eq.https%3A%2F%2Fnews.google.com%2Frss%2Farticles%2FCBMic0FVX3lxTE1kZmtaTGNLYUhmOEdnTXBqTm13b3ZKNXk1MS0xU3ZKWl9fTm5yc3hrNDRaeUF1TkF6WFFDU3QzZG0yTkNQbzZGbDNPMG1xU1ByeFZaSHhEOG9vZ09ZSDFtVXBILTVGd2dobFZfNnZzWk1kdUHSAXdBVV95cUxQcHR3Y092blBPc202b1JaOHh5ZFl1Vkw2NnRzdmNuRXBpYUpOQkc5NkpkMUFpWl9aN2VxVlZFSmZXSzdPOFhacHJjWXV6Unp2cGRVVUNCNFdJYjZ3bDZ1OTFDUXRFWXVHa0Uwa1dUUE43RlJvQ2Ztdw%3Foc%3D5 "HTTP/2 200 OK"
2026-08-21 17:35:30,811 [INFO] HTTP Request: GET https://wafeeknfpzjzngzuphoz.supabase.co/rest/v1/articles?select=article_id&original_url=eq.https%3A%2F%2Fnews.google.com%2Frss%2Farticles%2FCBMiaEFVX3lxTE9GdVM2T3VXYmhMWGxqSlFwREc5VzExOWpSWU1rNE5KY1VLTUlGcHJJZFVtdlBCSm0tclpMMWZINTJucnJObW05UXQxbDZ3aXJRNVBLVFgtUnFiWF9WRFh2YlphbUh4VGNP0gFsQVVfeXFMUFF2cUJROC1HMnpmNGNUVkJNa3htd2NsYk5CUzRTWjBGZkVwRXpKWWlFU2F5bVN3ZFNiai1aeU5SN1ZOWmZvRmJ6UTFrUzRqU2F6R0s0TEFtWl9CVXdzT3ZXdnRqU2hObS00enhK%3Foc%3D5 "HTTP/2 200 OK"
2026-08-21 17:35:30,832 [INFO] HTTP Request: GET https://wafeeknfpzjzngzuphoz.supabase.co/rest/v1/articles?select=article_id&original_url=eq.https%3A%2F%2Fnews.google.com%2Frss%2Farticles%2FCBMic0FVX3lxTE9EdUhvQV9xVlE2WER4QWV0NWx0ajRpbVBOR1VCclR2dkZpS21EakV2a1VFUVFuSmdjN2tLS0I4eWhXV2hIMjFFZ191Z09sNmFvZTY4ZFNYNzdBcmlWWmFhWHBuYlJ3eE03M245V19KMnFFRFk%3Foc%3D5 "HTTP/2 200 OK"
2026-08-21 17:35:30,959 [INFO] HTTP Request: GET https://wafeeknfpzjzngzuphoz.supabase.co/rest/v1/articles?select=article_id&original_url=eq.https%3A%2F%2Fyozm.wishket.com%2Fmagazine%2Fdetail%2F3908 "HTTP/2 200 OK"
2026-08-21 17:35:30,976 [INFO] HTTP Request: GET https://wafeeknfpzjzngzuphoz.supabase.co/rest/v1/articles?select=article_id&original_url=eq.https%3A%2F%2Fyozm.wishket.com%2Fmagazine%2Fdetail%2F3907 "HTTP/2 200 OK"
2026-08-21 17:35:30,994 [INFO] HTTP Request: GET https://wafeeknfpzjzngzuphoz.supabase.co/rest/v1/articles?select=article_id&original_url=eq.https%3A%2F%2Fyozm.wishket.com%2Fmagazine%2Fdetail%2F3906 "HTTP/2 200 OK"
2026-08-21 17:35:31,012 [INFO] HTTP Request: GET https://wafeeknfpzjzngzuphoz.supabase.co/rest/v1/articles?select=article_id&original_url=eq.https%3A%2F%2Fyozm.wishket.com%2Fmagazine%2Fdetail%2F3905 "HTTP/2 200 OK"
2026-08-21 17:35:31,032 [INFO] HTTP Request: GET https://wafeeknfpzjzngzuphoz.supabase.co/rest/v1/articles?select=article_id&original_url=eq.https%3A%2F%2Fyozm.wishket.com%2Fmagazine%2Fdetail%2F3904 "HTTP/2 200 OK"
2026-08-21 17:35:31,050 [INFO] HTTP Request: GET https://wafeeknfpzjzngzuphoz.supabase.co/rest/v1/articles?select=article_id&original_url=eq.https%3A%2F%2Fyozm.wishket.com%2Fmagazine%2Fdetail%2F3903 "HTTP/2 200 OK"
2026-08-21 17:35:31,069 [INFO] HTTP Request: GET https://wafeeknfpzjzngzuphoz.supabase.co/rest/v1/articles?select=article_id&original_url=eq.https%3A%2F%2Fyozm.wishket.com%2Fmagazine%2Fdetail%2F3902 "HTTP/2 200 OK"
2026-08-21 17:35:31,086 [INFO] HTTP Request: GET https://wafeeknfpzjzngzuphoz.supabase.co/rest/v1/articles?select=article_id&original_url=eq.https%3A%2F%2Fyozm.wishket.com%2Fmagazine%2Fdetail%2F3901 "HTTP/2 200 OK"
2026-08-21 17:35:31,104 [INFO] HTTP Request: GET https://wafeeknfpzjzngzuphoz.supabase.co/rest/v1/articles?select=article_id&original_url=eq.https%3A%2F%2Fyozm.wishket.com%2Fmagazine%2Fdetail%2F3900 "HTTP/2 200 OK"
2026-08-21 17:35:31,122 [INFO] HTTP Request: GET https://wafeeknfpzjzngzuphoz.supabase.co/rest/v1/articles?select=article_id&original_url=eq.https%3A%2F%2Fyozm.wishket.com%2Fmagazine%2Fdetail%2F3899 "HTTP/2 200 OK"
2026-08-21 17:35:31,454 [INFO] HTTP Request: GET https://wafeeknfpzjzngzuphoz.supabase.co/rest/v1/articles?select=article_id&original_url=eq.https%3A%2F%2Ftechblog.woowahan.com%2F26876%2F "HTTP/2 200 OK"
2026-08-21 17:35:31,483 [INFO] HTTP Request: GET https://wafeeknfpzjzngzuphoz.supabase.co/rest/v1/articles?select=article_id&original_url=eq.https%3A%2F%2Ftechblog.woowahan.com%2F26777%2F "HTTP/2 200 OK"
2026-08-21 17:35:31,501 [INFO] HTTP Request: GET https://wafeeknfpzjzngzuphoz.supabase.co/rest/v1/articles?select=article_id&original_url=eq.https%3A%2F%2Ftechblog.woowahan.com%2F26729%2F "HTTP/2 200 OK"
2026-08-21 17:35:31,520 [INFO] HTTP Request: GET https://wafeeknfpzjzngzuphoz.supabase.co/rest/v1/articles?select=article_id&original_url=eq.https%3A%2F%2Ftechblog.woowahan.com%2F26507%2F "HTTP/2 200 OK"
2026-08-21 17:35:31,540 [INFO] HTTP Request: GET https://wafeeknfpzjzngzuphoz.supabase.co/rest/v1/articles?select=article_id&original_url=eq.https%3A%2F%2Ftechblog.woowahan.com%2F26624%2F "HTTP/2 200 OK"
2026-08-21 17:35:31,560 [INFO] HTTP Request: GET https://wafeeknfpzjzngzuphoz.supabase.co/rest/v1/articles?select=article_id&original_url=eq.https%3A%2F%2Ftechblog.woowahan.com%2F26492%2F "HTTP/2 200 OK"
2026-08-21 17:35:31,578 [INFO] HTTP Request: GET https://wafeeknfpzjzngzuphoz.supabase.co/rest/v1/articles?select=article_id&original_url=eq.https%3A%2F%2Ftechblog.woowahan.com%2F26459%2F "HTTP/2 200 OK"
2026-08-21 17:35:31,599 [INFO] HTTP Request: GET https://wafeeknfpzjzngzuphoz.supabase.co/rest/v1/articles?select=article_id&original_url=eq.https%3A%2F%2Ftechblog.woowahan.com%2F26379%2F "HTTP/2 200 OK"
2026-08-21 17:35:31,618 [INFO] HTTP Request: GET https://wafeeknfpzjzngzuphoz.supabase.co/rest/v1/articles?select=article_id&original_url=eq.https%3A%2F%2Ftechblog.woowahan.com%2F26388%2F "HTTP/2 200 OK"
2026-08-21 17:35:31,638 [INFO] HTTP Request: GET https://wafeeknfpzjzngzuphoz.supabase.co/rest/v1/articles?select=article_id&original_url=eq.https%3A%2F%2Ftechblog.woowahan.com%2F26319%2F "HTTP/2 200 OK"
2026-08-21 17:35:31,768 [INFO] HTTP Request: GET https://wafeeknfpzjzngzuphoz.supabase.co/rest/v1/articles?select=article_id&original_url=eq.https%3A%2F%2Ftech.kakao.com%2Fposts%2F829 "HTTP/2 200 OK"
2026-08-21 17:35:31,788 [INFO] HTTP Request: GET https://wafeeknfpzjzngzuphoz.supabase.co/rest/v1/articles?select=article_id&original_url=eq.https%3A%2F%2Ftech.kakao.com%2Fposts%2F828 "HTTP/2 200 OK"
2026-08-21 17:35:31,808 [INFO] HTTP Request: GET https://wafeeknfpzjzngzuphoz.supabase.co/rest/v1/articles?select=article_id&original_url=eq.https%3A%2F%2Ftech.kakao.com%2Fposts%2F827 "HTTP/2 200 OK"
2026-08-21 17:35:31,829 [INFO] HTTP Request: GET https://wafeeknfpzjzngzuphoz.supabase.co/rest/v1/articles?select=article_id&original_url=eq.https%3A%2F%2Ftech.kakao.com%2Fposts%2F826 "HTTP/2 200 OK"
2026-08-21 17:35:31,848 [INFO] HTTP Request: GET https://wafeeknfpzjzngzuphoz.supabase.co/rest/v1/articles?select=article_id&original_url=eq.https%3A%2F%2Ftech.kakao.com%2Fposts%2F825 "HTTP/2 200 OK"
2026-08-21 17:35:31,869 [INFO] HTTP Request: GET https://wafeeknfpzjzngzuphoz.supabase.co/rest/v1/articles?select=article_id&original_url=eq.https%3A%2F%2Ftech.kakao.com%2Fposts%2F824 "HTTP/2 200 OK"
2026-08-21 17:35:31,891 [INFO] HTTP Request: GET https://wafeeknfpzjzngzuphoz.supabase.co/rest/v1/articles?select=article_id&original_url=eq.https%3A%2F%2Ftech.kakao.com%2Fposts%2F823 "HTTP/2 200 OK"
2026-08-21 17:35:31,911 [INFO] HTTP Request: GET https://wafeeknfpzjzngzuphoz.supabase.co/rest/v1/articles?select=article_id&original_url=eq.https%3A%2F%2Ftech.kakao.com%2Fposts%2F818 "HTTP/2 200 OK"
2026-08-21 17:35:31,929 [INFO] HTTP Request: GET https://wafeeknfpzjzngzuphoz.supabase.co/rest/v1/articles?select=article_id&original_url=eq.https%3A%2F%2Ftech.kakao.com%2Fposts%2F822 "HTTP/2 200 OK"
2026-08-21 17:35:31,947 [INFO] HTTP Request: GET https://wafeeknfpzjzngzuphoz.supabase.co/rest/v1/articles?select=article_id&original_url=eq.https%3A%2F%2Ftech.kakao.com%2Fposts%2F821 "HTTP/2 200 OK"
2026-08-21 17:35:31,990 [INFO] HTTP Request: GET https://wafeeknfpzjzngzuphoz.supabase.co/rest/v1/articles?select=article_id%2Csource_id%2Ccategory_id%2Coriginal_url%2Ctitle%2Csummary%2Csources%28name%2Ctype%2Creliability_score%29%2Ccategories%28name%29&collected_at=gte.2026-08-21T00%3A00%3A00 "HTTP/2 200 OK"
2026-08-21 17:35:32,019 [INFO] HTTP Request: GET https://wafeeknfpzjzngzuphoz.supabase.co/rest/v1/users?select=user_id%2Cemail "HTTP/2 200 OK"
2026-08-21 17:35:32,043 [INFO] HTTP Request: GET https://wafeeknfpzjzngzuphoz.supabase.co/rest/v1/user_sources?select=source_id&user_id=eq.1 "HTTP/2 200 OK"
2026-08-21 17:35:32,063 [INFO] HTTP Request: GET https://wafeeknfpzjzngzuphoz.supabase.co/rest/v1/subscriptions?select=category_id&user_id=eq.1&is_active=eq.True "HTTP/2 200 OK"
2026-08-21 17:35:32,086 [INFO] HTTP Request: GET https://wafeeknfpzjzngzuphoz.supabase.co/rest/v1/digests?select=digest_id&user_id=eq.1&digest_date=eq.2026-08-21 "HTTP/2 200 OK"
2026-08-21 17:35:32,123 [INFO] HTTP Request: POST https://wafeeknfpzjzngzuphoz.supabase.co/rest/v1/digests "HTTP/2 400 Bad Request"
2026-08-21 17:35:32,124 [ERROR] ❌ 사용자 ID 1의 digests 테이블 저장 오류: {'message': 'value too long for type character varying(20)', 'code': '22001', 'hint': None, 'details': None}
2026-08-21 17:35:32,124 [INFO] 📄 사용자(koreajjangboy@gmail.com) 개인 다이제스트 생성 완료: news/koreajjangboy_at_gmail_com/2026-08-21.html
2026-08-21 17:35:32,124 [INFO] ✅ 총 3개 신규 기사 DB 저장 및 개인별 다이제스트 생성 완료

2026-08-21 17:36:36,623 [INFO] ⚡ [--now] 옵션 감지: 즉시 수집 작업을 실행합니다.
2026-08-21 17:36:36,623 [INFO] 🚀 [Start] RSS 피드 수집 및 DB 저장 시작
2026-08-21 17:36:36,684 [INFO] HTTP Request: GET https://wafeeknfpzjzngzuphoz.supabase.co/rest/v1/sources?select=source_id%2Cname%2Curl "HTTP/2 200 OK"
2026-08-21 17:36:36,704 [INFO] HTTP Request: GET https://wafeeknfpzjzngzuphoz.supabase.co/rest/v1/categories?select=category_id%2Cname&is_active=eq.True "HTTP/2 200 OK"
2026-08-21 17:36:37,209 [INFO] HTTP Request: GET https://wafeeknfpzjzngzuphoz.supabase.co/rest/v1/articles?select=article_id&original_url=eq.https%3A%2F%2Fopenai.com%2Findex%2Fintroducing-ai-futures "HTTP/2 200 OK"
2026-08-21 17:36:37,232 [INFO] HTTP Request: GET https://wafeeknfpzjzngzuphoz.supabase.co/rest/v1/articles?select=article_id&original_url=eq.https%3A%2F%2Fopenai.com%2Findex%2Fstampli "HTTP/2 200 OK"
2026-08-21 17:36:37,257 [INFO] HTTP Request: GET https://wafeeknfpzjzngzuphoz.supabase.co/rest/v1/articles?select=article_id&original_url=eq.https%3A%2F%2Fopenai.com%2Findex%2Foffering-zero-data-retention-for-frontier-models "HTTP/2 200 OK"
2026-08-21 17:36:37,276 [INFO] HTTP Request: GET https://wafeeknfpzjzngzuphoz.supabase.co/rest/v1/articles?select=article_id&original_url=eq.https%3A%2F%2Fopenai.com%2Findex%2Freplit "HTTP/2 200 OK"
2026-08-21 17:36:37,301 [INFO] HTTP Request: GET https://wafeeknfpzjzngzuphoz.supabase.co/rest/v1/articles?select=article_id&original_url=eq.https%3A%2F%2Fopenai.com%2Findex%2Fchatgpt-ads-expands-across-europe "HTTP/2 200 OK"
2026-08-21 17:36:37,321 [INFO] HTTP Request: GET https://wafeeknfpzjzngzuphoz.supabase.co/rest/v1/articles?select=article_id&original_url=eq.https%3A%2F%2Fopenai.com%2Findex%2Fstrengthening-democratic-oversight-in-national-security "HTTP/2 200 OK"
2026-08-21 17:36:37,342 [INFO] HTTP Request: GET https://wafeeknfpzjzngzuphoz.supabase.co/rest/v1/articles?select=article_id&original_url=eq.https%3A%2F%2Fopenai.com%2Findex%2Fpartnering-with-codeai "HTTP/2 200 OK"
2026-08-21 17:36:37,362 [INFO] HTTP Request: GET https://wafeeknfpzjzngzuphoz.supabase.co/rest/v1/articles?select=article_id&original_url=eq.https%3A%2F%2Fopenai.com%2Findex%2Fpacing-model-development-cyber-capabilities "HTTP/2 200 OK"
2026-08-21 17:36:37,385 [INFO] HTTP Request: GET https://wafeeknfpzjzngzuphoz.supabase.co/rest/v1/articles?select=article_id&original_url=eq.https%3A%2F%2Fopenai.com%2Findex%2Fchatgpt-for-teens "HTTP/2 200 OK"
2026-08-21 17:36:37,403 [INFO] HTTP Request: GET https://wafeeknfpzjzngzuphoz.supabase.co/rest/v1/articles?select=article_id&original_url=eq.https%3A%2F%2Fopenai.com%2Findex%2Fnvidia%2Fchatgpt-work "HTTP/2 200 OK"
2026-08-21 17:36:38,183 [INFO] HTTP Request: GET https://wafeeknfpzjzngzuphoz.supabase.co/rest/v1/articles?select=article_id&original_url=eq.https%3A%2F%2Fblog.google%2Fproducts-and-platforms%2Fproducts%2Fsearch%2Fback-to-school-study-tools%2F "HTTP/2 200 OK"
2026-08-21 17:36:38,201 [INFO] HTTP Request: GET https://wafeeknfpzjzngzuphoz.supabase.co/rest/v1/articles?select=article_id&original_url=eq.https%3A%2F%2Fblog.google%2Fproducts-and-platforms%2Fproducts%2Fgemini%2Fgoogle-gemini-pixel-football-club-partnerships%2F "HTTP/2 200 OK"
2026-08-21 17:36:38,220 [INFO] HTTP Request: GET https://wafeeknfpzjzngzuphoz.supabase.co/rest/v1/articles?select=article_id&original_url=eq.https%3A%2F%2Fblog.google%2Fproducts-and-platforms%2Fproducts%2Fworkspace%2Fsheets-canvas-for-google-sheets-spreadsheets%2F "HTTP/2 200 OK"
2026-08-21 17:36:38,238 [INFO] HTTP Request: GET https://wafeeknfpzjzngzuphoz.supabase.co/rest/v1/articles?select=article_id&original_url=eq.https%3A%2F%2Fblog.google%2Finnovation-and-ai%2Fmodels-and-research%2Fgoogle-research%2Famie-video-consultations%2F "HTTP/2 200 OK"
2026-08-21 17:36:38,255 [INFO] HTTP Request: GET https://wafeeknfpzjzngzuphoz.supabase.co/rest/v1/articles?select=article_id&original_url=eq.https%3A%2F%2Fblog.google%2Fproducts%2Fads-commerce%2Fgoogle-ads-analytics-ai-updates%2F "HTTP/2 200 OK"
2026-08-21 17:36:38,278 [INFO] HTTP Request: GET https://wafeeknfpzjzngzuphoz.supabase.co/rest/v1/articles?select=article_id&original_url=eq.https%3A%2F%2Fblog.google%2Finnovation-and-ai%2Ftechnology%2Fai%2Fgoogle-ai-updates-july-2026%2F "HTTP/2 200 OK"
2026-08-21 17:36:38,297 [INFO] HTTP Request: GET https://wafeeknfpzjzngzuphoz.supabase.co/rest/v1/articles?select=article_id&original_url=eq.https%3A%2F%2Fblog.google%2Finnovation-and-ai%2Ftechnology%2Fdevelopers-tools%2Fai-agents-intensive-recap-2026%2F "HTTP/2 200 OK"
2026-08-21 17:36:38,315 [INFO] HTTP Request: GET https://wafeeknfpzjzngzuphoz.supabase.co/rest/v1/articles?select=article_id&original_url=eq.https%3A%2F%2Fblog.google%2Finnovation-and-ai%2Ftechnology%2Fdevelopers-tools%2Fexpanding-managed-agents-gemini-api-3-6-flash-hooks%2F "HTTP/2 200 OK"
2026-08-21 17:36:38,333 [INFO] HTTP Request: GET https://wafeeknfpzjzngzuphoz.supabase.co/rest/v1/articles?select=article_id&original_url=eq.https%3A%2F%2Fblog.google%2Fproducts-and-platforms%2Fproducts%2Fsearch%2Fai-mode-real-world-tips%2F "HTTP/2 200 OK"
2026-08-21 17:36:38,352 [INFO] HTTP Request: GET https://wafeeknfpzjzngzuphoz.supabase.co/rest/v1/articles?select=article_id&original_url=eq.https%3A%2F%2Fblog.google%2Fproducts-and-platforms%2Fproducts%2Fsearch%2Fdinner-party-hosting-tips%2F "HTTP/2 200 OK"
2026-08-21 17:36:39,267 [INFO] HTTP Request: GET https://wafeeknfpzjzngzuphoz.supabase.co/rest/v1/articles?select=article_id&original_url=eq.https%3A%2F%2Fnews.hada.io%2Ftopic%3Fid%3D32723 "HTTP/2 200 OK"
2026-08-21 17:36:39,287 [INFO] HTTP Request: GET https://wafeeknfpzjzngzuphoz.supabase.co/rest/v1/articles?select=article_id&original_url=eq.https%3A%2F%2Fnews.hada.io%2Farticle%2Fopenrouter-is-not-just-a-proxy "HTTP/2 200 OK"
2026-08-21 17:36:39,305 [INFO] HTTP Request: GET https://wafeeknfpzjzngzuphoz.supabase.co/rest/v1/articles?select=article_id&original_url=eq.https%3A%2F%2Fnews.hada.io%2Ftopic%3Fid%3D32720 "HTTP/2 200 OK"
2026-08-21 17:36:39,332 [INFO] HTTP Request: GET https://wafeeknfpzjzngzuphoz.supabase.co/rest/v1/articles?select=article_id&original_url=eq.https%3A%2F%2Fnews.hada.io%2Ftopic%3Fid%3D32719 "HTTP/2 200 OK"
2026-08-21 17:36:39,351 [INFO] HTTP Request: GET https://wafeeknfpzjzngzuphoz.supabase.co/rest/v1/articles?select=article_id&original_url=eq.https%3A%2F%2Fnews.hada.io%2Ftopic%3Fid%3D32717 "HTTP/2 200 OK"
2026-08-21 17:36:39,370 [INFO] HTTP Request: GET https://wafeeknfpzjzngzuphoz.supabase.co/rest/v1/articles?select=article_id&original_url=eq.https%3A%2F%2Fnews.hada.io%2Ftopic%3Fid%3D32716 "HTTP/2 200 OK"
2026-08-21 17:36:39,389 [INFO] HTTP Request: GET https://wafeeknfpzjzngzuphoz.supabase.co/rest/v1/articles?select=article_id&original_url=eq.https%3A%2F%2Fnews.hada.io%2Ftopic%3Fid%3D32715 "HTTP/2 200 OK"
2026-08-21 17:36:39,408 [INFO] HTTP Request: GET https://wafeeknfpzjzngzuphoz.supabase.co/rest/v1/articles?select=article_id&original_url=eq.https%3A%2F%2Fnews.hada.io%2Ftopic%3Fid%3D32714 "HTTP/2 200 OK"
2026-08-21 17:36:39,427 [INFO] HTTP Request: GET https://wafeeknfpzjzngzuphoz.supabase.co/rest/v1/articles?select=article_id&original_url=eq.https%3A%2F%2Fnews.hada.io%2Ftopic%3Fid%3D32713 "HTTP/2 200 OK"
2026-08-21 17:36:39,445 [INFO] HTTP Request: GET https://wafeeknfpzjzngzuphoz.supabase.co/rest/v1/articles?select=article_id&original_url=eq.https%3A%2F%2Fnews.hada.io%2Ftopic%3Fid%3D32712 "HTTP/2 200 OK"
2026-08-21 17:36:39,520 [INFO] HTTP Request: GET https://wafeeknfpzjzngzuphoz.supabase.co/rest/v1/articles?select=article_id&original_url=eq.https%3A%2F%2Fwww.aitimes.com%2Fnews%2FarticleView.html%3Fidxno%3D214205 "HTTP/2 200 OK"
2026-08-21 17:36:39,538 [INFO] HTTP Request: GET https://wafeeknfpzjzngzuphoz.supabase.co/rest/v1/articles?select=article_id&original_url=eq.https%3A%2F%2Fwww.aitimes.com%2Fnews%2FarticleView.html%3Fidxno%3D214214 "HTTP/2 200 OK"
2026-08-21 17:36:39,562 [INFO] HTTP Request: GET https://wafeeknfpzjzngzuphoz.supabase.co/rest/v1/articles?select=article_id&original_url=eq.https%3A%2F%2Fwww.aitimes.com%2Fnews%2FarticleView.html%3Fidxno%3D214213 "HTTP/2 200 OK"
2026-08-21 17:36:39,583 [INFO] HTTP Request: GET https://wafeeknfpzjzngzuphoz.supabase.co/rest/v1/articles?select=article_id&original_url=eq.https%3A%2F%2Fwww.aitimes.com%2Fnews%2FarticleView.html%3Fidxno%3D214226 "HTTP/2 200 OK"
2026-08-21 17:36:39,602 [INFO] HTTP Request: GET https://wafeeknfpzjzngzuphoz.supabase.co/rest/v1/articles?select=article_id&original_url=eq.https%3A%2F%2Fwww.aitimes.com%2Fnews%2FarticleView.html%3Fidxno%3D214189 "HTTP/2 200 OK"
2026-08-21 17:36:39,620 [INFO] HTTP Request: GET https://wafeeknfpzjzngzuphoz.supabase.co/rest/v1/articles?select=article_id&original_url=eq.https%3A%2F%2Fwww.aitimes.com%2Fnews%2FarticleView.html%3Fidxno%3D214222 "HTTP/2 200 OK"
2026-08-21 17:36:39,641 [INFO] HTTP Request: GET https://wafeeknfpzjzngzuphoz.supabase.co/rest/v1/articles?select=article_id&original_url=eq.https%3A%2F%2Fwww.aitimes.com%2Fnews%2FarticleView.html%3Fidxno%3D214223 "HTTP/2 200 OK"
2026-08-21 17:36:39,660 [INFO] HTTP Request: GET https://wafeeknfpzjzngzuphoz.supabase.co/rest/v1/articles?select=article_id&original_url=eq.https%3A%2F%2Fwww.aitimes.com%2Fnews%2FarticleView.html%3Fidxno%3D214219 "HTTP/2 200 OK"
2026-08-21 17:36:39,687 [INFO] HTTP Request: GET https://wafeeknfpzjzngzuphoz.supabase.co/rest/v1/articles?select=article_id&original_url=eq.https%3A%2F%2Fwww.aitimes.com%2Fnews%2FarticleView.html%3Fidxno%3D214228 "HTTP/2 200 OK"
2026-08-21 17:36:39,708 [INFO] HTTP Request: GET https://wafeeknfpzjzngzuphoz.supabase.co/rest/v1/articles?select=article_id&original_url=eq.https%3A%2F%2Fwww.aitimes.com%2Fnews%2FarticleView.html%3Fidxno%3D214224 "HTTP/2 200 OK"
2026-08-21 17:36:39,888 [INFO] HTTP Request: GET https://wafeeknfpzjzngzuphoz.supabase.co/rest/v1/articles?select=article_id&original_url=eq.https%3A%2F%2Fnews.google.com%2Frss%2Farticles%2FCBMiXEFVX3lxTE9DWXkyN3hhUDFHR0tCMXdpVkt3OTAyS1dBUUN6QXBKTEpMOF9SLWJSZkl3VW5FdzE2N1JiYk13NGtFQXNnbjFZZ3Vsd3BZNGJLWDJTdVladTk0bXRi%3Foc%3D5 "HTTP/2 200 OK"
2026-08-21 17:36:39,909 [INFO] HTTP Request: GET https://wafeeknfpzjzngzuphoz.supabase.co/rest/v1/articles?select=article_id&original_url=eq.https%3A%2F%2Fnews.google.com%2Frss%2Farticles%2FCBMiVkFVX3lxTFBlSVhEWDF6dU85X3puVUswSzlXLUx4OXg5b0JZMlJYeHFXcHFsM1FLNEQ4MHQxTjlfRzZMZVhiU0JVTm5nS1paWnhEVXM1RzRmV0hWeWNR%3Foc%3D5 "HTTP/2 200 OK"
2026-08-21 17:36:39,928 [INFO] HTTP Request: GET https://wafeeknfpzjzngzuphoz.supabase.co/rest/v1/articles?select=article_id&original_url=eq.https%3A%2F%2Fnews.google.com%2Frss%2Farticles%2FCBMiX0FVX3lxTE5IRW4zbDg2OG1sYmVhVGhPUmNGaFJ6ZVdGYjNTeEd0eUp5REtWSm1fQ05rdnZFNkVPQVFlcExzYnU2YURSOE9PeHdiMEtCZXdBNkM0OFlOVWxoR1RySU84%3Foc%3D5 "HTTP/2 200 OK"
2026-08-21 17:36:39,947 [INFO] HTTP Request: GET https://wafeeknfpzjzngzuphoz.supabase.co/rest/v1/articles?select=article_id&original_url=eq.https%3A%2F%2Fnews.google.com%2Frss%2Farticles%2FCBMiSEFVX3lxTE1mczBWYm0wOEU3a2NSanExQ0V5ZjNDWmZhNURubTVxcmJDRUNjLXZzT1JmT2JlbVYwUjlWY0dxNXgxRW5ueHdveA%3Foc%3D5 "HTTP/2 200 OK"
2026-08-21 17:36:39,966 [INFO] HTTP Request: GET https://wafeeknfpzjzngzuphoz.supabase.co/rest/v1/articles?select=article_id&original_url=eq.https%3A%2F%2Fnews.google.com%2Frss%2Farticles%2FCBMijgFBVV95cUxPaXVvNUlaeE5USjVKOGE5WEpLRDA2Y0c4Z3hONXZLaXc3X2IySmlzMy1kSExBUzNRMlY5dmUyNWNnX295R0tucnRKUi1aUnJsMjkzUllJWGdzbHVtajMyVG5pWW81YUxVbzhRQUh1T3E4bTJaU3AtRlFzQ0RjUzFxc1BqMkZpNGRwVUhXTi1R%3Foc%3D5 "HTTP/2 200 OK"
2026-08-21 17:36:39,984 [INFO] HTTP Request: GET https://wafeeknfpzjzngzuphoz.supabase.co/rest/v1/articles?select=article_id&original_url=eq.https%3A%2F%2Fnews.google.com%2Frss%2Farticles%2FCBMib0FVX3lxTE1GYWxwbEp6YTFrUExYQ3J0aW1aVkdtTFptSlNqZ3dsWEdlLXI2RnJyb3UwQVhHWURDamk2UXE5N1dIMzQxZkxOT0R0V1gyUHRkYWhqdWgycHU4WHNXa2QtTUVReFpLbWZoZWlmS09nWQ%3Foc%3D5 "HTTP/2 200 OK"
2026-08-21 17:36:40,004 [INFO] HTTP Request: GET https://wafeeknfpzjzngzuphoz.supabase.co/rest/v1/articles?select=article_id&original_url=eq.https%3A%2F%2Fnews.google.com%2Frss%2Farticles%2FCBMiT0FVX3lxTFAzaWZPNVkxUlpVVTkzeEkyZURXNHppRWFtYkVEeUFCaDhTeVJFS0VubHd5Tjd6U09KRGI3ZDZYTXFNWWRQeHk5Q1F2eTlzeDQ%3Foc%3D5 "HTTP/2 200 OK"
2026-08-21 17:36:40,024 [INFO] HTTP Request: GET https://wafeeknfpzjzngzuphoz.supabase.co/rest/v1/articles?select=article_id&original_url=eq.https%3A%2F%2Fnews.google.com%2Frss%2Farticles%2FCBMiiAFBVV95cUxPcUNMUVl5OG0ydkJSb2c3eVJiLXNNdFYzQno4XzkyYzl2d2lvLUNnYzBzb1lqaHBxNzZtSXBuNzc0dlpfSHZuTC1TeG16RU1OQUhBUDFHaDVRQjB5bVBWazRINWdMZm1hYXpfOURrZzlQV1Ayb3ViWTRLZUl3eGdvdDY3WVVMNExo%3Foc%3D5 "HTTP/2 200 OK"
2026-08-21 17:36:40,042 [INFO] HTTP Request: GET https://wafeeknfpzjzngzuphoz.supabase.co/rest/v1/articles?select=article_id&original_url=eq.https%3A%2F%2Fnews.google.com%2Frss%2Farticles%2FCBMiWEFVX3lxTFBvd3pDNkp0cF9pMEIwd3lGQTg4VDE1VUVKREgtdEZRVUVuamgtZk5pNTlDM25oSnZCYVh1eENCQ1A0djlaYWdJU3RGWXdyakFlV2E3b1NZUEHSAV5BVV95cUxOMk1seVBkRzVWbHJUaW1IRzY4bTIyS1NEQnlMbzM2V1pPdW00N0pnazJTRW1sRF9QV3h3ZExUb0RDWU1HVGVGR2hwYW1WTzN3ZGVPX2NweG00ZDVUX3pR%3Foc%3D5 "HTTP/2 200 OK"
2026-08-21 17:36:40,061 [INFO] HTTP Request: GET https://wafeeknfpzjzngzuphoz.supabase.co/rest/v1/articles?select=article_id&original_url=eq.https%3A%2F%2Fnews.google.com%2Frss%2Farticles%2FCBMic0FVX3lxTE1WUnZtUmtkcS1Ec0ppZVV4WjBnNWswaTlPY1JsOXJaWkVaai1kdjdsSXNFY2tTM2hybFJGT3pnLUZUSEp3eHYzVGtYbkhsZEYxdTRhb2JQTXd5Z1I2YXROYlhQN3d6QWJZNHNhZjZreWp3YmM%3Foc%3D5 "HTTP/2 200 OK"
2026-08-21 17:36:40,683 [INFO] HTTP Request: GET https://wafeeknfpzjzngzuphoz.supabase.co/rest/v1/articles?select=article_id&original_url=eq.https%3A%2F%2Fnews.google.com%2Frss%2Farticles%2FCBMiT0FVX3lxTE5pT2NxbXJmajNtcGRxTHZNcjlXazcwQ29IeGNUN0F3X2dUOWV2S1dDVHMyZUtrdWNoLWhXZHJ0SlJLRUNfcUNjMXR5MUpYTzQ%3Foc%3D5 "HTTP/2 200 OK"
2026-08-21 17:36:40,704 [INFO] HTTP Request: GET https://wafeeknfpzjzngzuphoz.supabase.co/rest/v1/articles?select=article_id&original_url=eq.https%3A%2F%2Fnews.google.com%2Frss%2Farticles%2FCBMiWkFVX3lxTE95SGFjUDdLYVhPYXBjSXRhelZMMndBZXdkQTR0dTNvRG82U1hRbTVweUJveVVyYUtnR3dOREt5WDFjOVdVQnd0VWlLU0k2cTVDdUprWENTaTREUdIBX0FVX3lxTE1ITGZzcjlrQkNDWDE3RnBpdXVPV2RtVXNKT3NUUzRVcWYzSk5mRW92cWs2X09aVVNNeTZyYlhkekY2OUQ1UWwzcUJFY1hiTFgwU2hVS0xLWXZlVXFheFhJ%3Foc%3D5 "HTTP/2 200 OK"
2026-08-21 17:36:40,724 [INFO] HTTP Request: GET https://wafeeknfpzjzngzuphoz.supabase.co/rest/v1/articles?select=article_id&original_url=eq.https%3A%2F%2Fnews.google.com%2Frss%2Farticles%2FCBMiWkFVX3lxTE1sa0hTYXF5WDhTS1pzWXBMWVVsYnpCNW1MTkpKc19lcmhuelEzdTJVSDlwNkVzMTIxWUdpRlBMSC1oNGN4R2xPSlN3V0poR2RGa0pvbUZvMVdhUdIBWEFVX3lxTE1OR2llcHJQMTBTaDBNVVVkT3cwd0xfQWJ4b2VRcmtFSnNNUE1JZjMtZUhld0lqRDdOYjM2b1JSVk5UT1JwM0F1OS1OaWZIbTdKQ3Ixck10LUc%3Foc%3D5 "HTTP/2 200 OK"
2026-08-21 17:36:40,742 [INFO] HTTP Request: GET https://wafeeknfpzjzngzuphoz.supabase.co/rest/v1/articles?select=article_id&original_url=eq.https%3A%2F%2Fnews.google.com%2Frss%2Farticles%2FCBMiXEFVX3lxTE9FTkJLTmFvLVJJem5NckxBWUJfVW5BWklBd1ExZjFhbF85NzFRR21HRTBCbHI3QWs0blN0aDhiVTNMX2xmN2ZVdER5dGV3LWNPUFFxMHJMM1RjRnJa%3Foc%3D5 "HTTP/2 200 OK"
2026-08-21 17:36:40,763 [INFO] HTTP Request: GET https://wafeeknfpzjzngzuphoz.supabase.co/rest/v1/articles?select=article_id&original_url=eq.https%3A%2F%2Fnews.google.com%2Frss%2Farticles%2FCBMiYkFVX3lxTE1FdWNubjI3UUxJLVFiMm13dGVzQ3NVUEdxRnUzTkpzSTRmQ3RySWtyYU9Nb05xbFJxUmNlazQ0VHdyNXg0d0toelUyZ2I1ODFBMGR4M09WSkY3Y3B5SEtEdTNB%3Foc%3D5 "HTTP/2 200 OK"
2026-08-21 17:36:40,784 [INFO] HTTP Request: GET https://wafeeknfpzjzngzuphoz.supabase.co/rest/v1/articles?select=article_id&original_url=eq.https%3A%2F%2Fnews.google.com%2Frss%2Farticles%2FCBMihAFBVV95cUxQOHc5V0xHTzhmMnc0bzNvbHdpU0Q1RjZPVjl6Z3hRTkpYYlRqWDEyZlQ5WnhORG56Ry1zNkQySWtQclFnTmlTeDZZcnFUckhka29Ed2RFTXZaaXhQX3FOQWJaOThFQUlTNzVwMTdzUFVRcml6b1hkS2R2M09NU2tuazFBaFA%3Foc%3D5 "HTTP/2 200 OK"
2026-08-21 17:36:40,804 [INFO] HTTP Request: GET https://wafeeknfpzjzngzuphoz.supabase.co/rest/v1/articles?select=article_id&original_url=eq.https%3A%2F%2Fnews.google.com%2Frss%2Farticles%2FCBMiVkFVX3lxTE1QNVk5ZkUyd3ZRRzBMU0VVZlVBRDZFYVltVFZLc0t6VzVlbFlsVGNnVFh1UWdTazFGd3VvMWdYWGlrUWNwSGFnODFQa2l2NlNLN2dEZHp3%3Foc%3D5 "HTTP/2 200 OK"
2026-08-21 17:36:40,824 [INFO] HTTP Request: GET https://wafeeknfpzjzngzuphoz.supabase.co/rest/v1/articles?select=article_id&original_url=eq.https%3A%2F%2Fnews.google.com%2Frss%2Farticles%2FCBMic0FVX3lxTE1kZmtaTGNLYUhmOEdnTXBqTm13b3ZKNXk1MS0xU3ZKWl9fTm5yc3hrNDRaeUF1TkF6WFFDU3QzZG0yTkNQbzZGbDNPMG1xU1ByeFZaSHhEOG9vZ09ZSDFtVXBILTVGd2dobFZfNnZzWk1kdUHSAXdBVV95cUxQcHR3Y092blBPc202b1JaOHh5ZFl1Vkw2NnRzdmNuRXBpYUpOQkc5NkpkMUFpWl9aN2VxVlZFSmZXSzdPOFhacHJjWXV6Unp2cGRVVUNCNFdJYjZ3bDZ1OTFDUXRFWXVHa0Uwa1dUUE43RlJvQ2Ztdw%3Foc%3D5 "HTTP/2 200 OK"
2026-08-21 17:36:40,843 [INFO] HTTP Request: GET https://wafeeknfpzjzngzuphoz.supabase.co/rest/v1/articles?select=article_id&original_url=eq.https%3A%2F%2Fnews.google.com%2Frss%2Farticles%2FCBMiaEFVX3lxTE9GdVM2T3VXYmhMWGxqSlFwREc5VzExOWpSWU1rNE5KY1VLTUlGcHJJZFVtdlBCSm0tclpMMWZINTJucnJObW05UXQxbDZ3aXJRNVBLVFgtUnFiWF9WRFh2YlphbUh4VGNP0gFsQVVfeXFMUFF2cUJROC1HMnpmNGNUVkJNa3htd2NsYk5CUzRTWjBGZkVwRXpKWWlFU2F5bVN3ZFNiai1aeU5SN1ZOWmZvRmJ6UTFrUzRqU2F6R0s0TEFtWl9CVXdzT3ZXdnRqU2hObS00enhK%3Foc%3D5 "HTTP/2 200 OK"
2026-08-21 17:36:40,862 [INFO] HTTP Request: GET https://wafeeknfpzjzngzuphoz.supabase.co/rest/v1/articles?select=article_id&original_url=eq.https%3A%2F%2Fnews.google.com%2Frss%2Farticles%2FCBMic0FVX3lxTE9EdUhvQV9xVlE2WER4QWV0NWx0ajRpbVBOR1VCclR2dkZpS21EakV2a1VFUVFuSmdjN2tLS0I4eWhXV2hIMjFFZ191Z09sNmFvZTY4ZFNYNzdBcmlWWmFhWHBuYlJ3eE03M245V19KMnFFRFk%3Foc%3D5 "HTTP/2 200 OK"
2026-08-21 17:36:40,989 [INFO] HTTP Request: GET https://wafeeknfpzjzngzuphoz.supabase.co/rest/v1/articles?select=article_id&original_url=eq.https%3A%2F%2Fyozm.wishket.com%2Fmagazine%2Fdetail%2F3908 "HTTP/2 200 OK"
2026-08-21 17:36:41,006 [INFO] HTTP Request: GET https://wafeeknfpzjzngzuphoz.supabase.co/rest/v1/articles?select=article_id&original_url=eq.https%3A%2F%2Fyozm.wishket.com%2Fmagazine%2Fdetail%2F3907 "HTTP/2 200 OK"
2026-08-21 17:36:41,026 [INFO] HTTP Request: GET https://wafeeknfpzjzngzuphoz.supabase.co/rest/v1/articles?select=article_id&original_url=eq.https%3A%2F%2Fyozm.wishket.com%2Fmagazine%2Fdetail%2F3906 "HTTP/2 200 OK"
2026-08-21 17:36:41,050 [INFO] HTTP Request: GET https://wafeeknfpzjzngzuphoz.supabase.co/rest/v1/articles?select=article_id&original_url=eq.https%3A%2F%2Fyozm.wishket.com%2Fmagazine%2Fdetail%2F3905 "HTTP/2 200 OK"
2026-08-21 17:36:41,069 [INFO] HTTP Request: GET https://wafeeknfpzjzngzuphoz.supabase.co/rest/v1/articles?select=article_id&original_url=eq.https%3A%2F%2Fyozm.wishket.com%2Fmagazine%2Fdetail%2F3904 "HTTP/2 200 OK"
2026-08-21 17:36:41,086 [INFO] HTTP Request: GET https://wafeeknfpzjzngzuphoz.supabase.co/rest/v1/articles?select=article_id&original_url=eq.https%3A%2F%2Fyozm.wishket.com%2Fmagazine%2Fdetail%2F3903 "HTTP/2 200 OK"
2026-08-21 17:36:41,102 [INFO] HTTP Request: GET https://wafeeknfpzjzngzuphoz.supabase.co/rest/v1/articles?select=article_id&original_url=eq.https%3A%2F%2Fyozm.wishket.com%2Fmagazine%2Fdetail%2F3902 "HTTP/2 200 OK"
2026-08-21 17:36:41,121 [INFO] HTTP Request: GET https://wafeeknfpzjzngzuphoz.supabase.co/rest/v1/articles?select=article_id&original_url=eq.https%3A%2F%2Fyozm.wishket.com%2Fmagazine%2Fdetail%2F3901 "HTTP/2 200 OK"
2026-08-21 17:36:41,147 [INFO] HTTP Request: GET https://wafeeknfpzjzngzuphoz.supabase.co/rest/v1/articles?select=article_id&original_url=eq.https%3A%2F%2Fyozm.wishket.com%2Fmagazine%2Fdetail%2F3900 "HTTP/2 200 OK"
2026-08-21 17:36:41,165 [INFO] HTTP Request: GET https://wafeeknfpzjzngzuphoz.supabase.co/rest/v1/articles?select=article_id&original_url=eq.https%3A%2F%2Fyozm.wishket.com%2Fmagazine%2Fdetail%2F3899 "HTTP/2 200 OK"
2026-08-21 17:36:41,554 [INFO] HTTP Request: GET https://wafeeknfpzjzngzuphoz.supabase.co/rest/v1/articles?select=article_id&original_url=eq.https%3A%2F%2Ftechblog.woowahan.com%2F26876%2F "HTTP/2 200 OK"
2026-08-21 17:36:41,573 [INFO] HTTP Request: GET https://wafeeknfpzjzngzuphoz.supabase.co/rest/v1/articles?select=article_id&original_url=eq.https%3A%2F%2Ftechblog.woowahan.com%2F26777%2F "HTTP/2 200 OK"
2026-08-21 17:36:41,591 [INFO] HTTP Request: GET https://wafeeknfpzjzngzuphoz.supabase.co/rest/v1/articles?select=article_id&original_url=eq.https%3A%2F%2Ftechblog.woowahan.com%2F26729%2F "HTTP/2 200 OK"
2026-08-21 17:36:41,609 [INFO] HTTP Request: GET https://wafeeknfpzjzngzuphoz.supabase.co/rest/v1/articles?select=article_id&original_url=eq.https%3A%2F%2Ftechblog.woowahan.com%2F26507%2F "HTTP/2 200 OK"
2026-08-21 17:36:41,630 [INFO] HTTP Request: GET https://wafeeknfpzjzngzuphoz.supabase.co/rest/v1/articles?select=article_id&original_url=eq.https%3A%2F%2Ftechblog.woowahan.com%2F26624%2F "HTTP/2 200 OK"
2026-08-21 17:36:41,649 [INFO] HTTP Request: GET https://wafeeknfpzjzngzuphoz.supabase.co/rest/v1/articles?select=article_id&original_url=eq.https%3A%2F%2Ftechblog.woowahan.com%2F26492%2F "HTTP/2 200 OK"
2026-08-21 17:36:41,668 [INFO] HTTP Request: GET https://wafeeknfpzjzngzuphoz.supabase.co/rest/v1/articles?select=article_id&original_url=eq.https%3A%2F%2Ftechblog.woowahan.com%2F26459%2F "HTTP/2 200 OK"
2026-08-21 17:36:41,685 [INFO] HTTP Request: GET https://wafeeknfpzjzngzuphoz.supabase.co/rest/v1/articles?select=article_id&original_url=eq.https%3A%2F%2Ftechblog.woowahan.com%2F26379%2F "HTTP/2 200 OK"
2026-08-21 17:36:41,703 [INFO] HTTP Request: GET https://wafeeknfpzjzngzuphoz.supabase.co/rest/v1/articles?select=article_id&original_url=eq.https%3A%2F%2Ftechblog.woowahan.com%2F26388%2F "HTTP/2 200 OK"
2026-08-21 17:36:41,721 [INFO] HTTP Request: GET https://wafeeknfpzjzngzuphoz.supabase.co/rest/v1/articles?select=article_id&original_url=eq.https%3A%2F%2Ftechblog.woowahan.com%2F26319%2F "HTTP/2 200 OK"
2026-08-21 17:36:41,830 [INFO] HTTP Request: GET https://wafeeknfpzjzngzuphoz.supabase.co/rest/v1/articles?select=article_id&original_url=eq.https%3A%2F%2Ftech.kakao.com%2Fposts%2F829 "HTTP/2 200 OK"
2026-08-21 17:36:41,849 [INFO] HTTP Request: GET https://wafeeknfpzjzngzuphoz.supabase.co/rest/v1/articles?select=article_id&original_url=eq.https%3A%2F%2Ftech.kakao.com%2Fposts%2F828 "HTTP/2 200 OK"
2026-08-21 17:36:41,879 [INFO] HTTP Request: GET https://wafeeknfpzjzngzuphoz.supabase.co/rest/v1/articles?select=article_id&original_url=eq.https%3A%2F%2Ftech.kakao.com%2Fposts%2F827 "HTTP/2 200 OK"
2026-08-21 17:36:41,901 [INFO] HTTP Request: GET https://wafeeknfpzjzngzuphoz.supabase.co/rest/v1/articles?select=article_id&original_url=eq.https%3A%2F%2Ftech.kakao.com%2Fposts%2F826 "HTTP/2 200 OK"
2026-08-21 17:36:41,919 [INFO] HTTP Request: GET https://wafeeknfpzjzngzuphoz.supabase.co/rest/v1/articles?select=article_id&original_url=eq.https%3A%2F%2Ftech.kakao.com%2Fposts%2F825 "HTTP/2 200 OK"
2026-08-21 17:36:41,937 [INFO] HTTP Request: GET https://wafeeknfpzjzngzuphoz.supabase.co/rest/v1/articles?select=article_id&original_url=eq.https%3A%2F%2Ftech.kakao.com%2Fposts%2F824 "HTTP/2 200 OK"
2026-08-21 17:36:41,955 [INFO] HTTP Request: GET https://wafeeknfpzjzngzuphoz.supabase.co/rest/v1/articles?select=article_id&original_url=eq.https%3A%2F%2Ftech.kakao.com%2Fposts%2F823 "HTTP/2 200 OK"
2026-08-21 17:36:41,973 [INFO] HTTP Request: GET https://wafeeknfpzjzngzuphoz.supabase.co/rest/v1/articles?select=article_id&original_url=eq.https%3A%2F%2Ftech.kakao.com%2Fposts%2F818 "HTTP/2 200 OK"
2026-08-21 17:36:41,992 [INFO] HTTP Request: GET https://wafeeknfpzjzngzuphoz.supabase.co/rest/v1/articles?select=article_id&original_url=eq.https%3A%2F%2Ftech.kakao.com%2Fposts%2F822 "HTTP/2 200 OK"
2026-08-21 17:36:42,011 [INFO] HTTP Request: GET https://wafeeknfpzjzngzuphoz.supabase.co/rest/v1/articles?select=article_id&original_url=eq.https%3A%2F%2Ftech.kakao.com%2Fposts%2F821 "HTTP/2 200 OK"
2026-08-21 17:36:42,043 [INFO] HTTP Request: GET https://wafeeknfpzjzngzuphoz.supabase.co/rest/v1/articles?select=article_id%2Csource_id%2Ccategory_id%2Coriginal_url%2Ctitle%2Csummary%2Csources%28name%2Ctype%2Creliability_score%29%2Ccategories%28name%29&collected_at=gte.2026-08-21T00%3A00%3A00 "HTTP/2 200 OK"
2026-08-21 17:36:42,071 [INFO] HTTP Request: GET https://wafeeknfpzjzngzuphoz.supabase.co/rest/v1/users?select=user_id%2Cemail "HTTP/2 200 OK"
2026-08-21 17:36:42,091 [INFO] HTTP Request: GET https://wafeeknfpzjzngzuphoz.supabase.co/rest/v1/user_sources?select=source_id&user_id=eq.1 "HTTP/2 200 OK"
2026-08-21 17:36:42,110 [INFO] HTTP Request: GET https://wafeeknfpzjzngzuphoz.supabase.co/rest/v1/subscriptions?select=category_id&user_id=eq.1&is_active=eq.True "HTTP/2 200 OK"
2026-08-21 17:36:42,132 [INFO] HTTP Request: GET https://wafeeknfpzjzngzuphoz.supabase.co/rest/v1/digests?select=digest_id&user_id=eq.1&digest_date=eq.2026-08-21 "HTTP/2 200 OK"
2026-08-21 17:36:42,156 [INFO] HTTP Request: POST https://wafeeknfpzjzngzuphoz.supabase.co/rest/v1/digests "HTTP/2 400 Bad Request"
2026-08-21 17:36:42,157 [ERROR] ❌ 사용자 ID 1의 digests 테이블 저장 오류: {'message': 'new row for relation "digests" violates check constraint "digests_status_check"', 'code': '23514', 'hint': None, 'details': 'Failing row contains (2, 2026-08-21, 2026-08-21 맞춤 뉴스 다이제스트, news/koreajjangboy_at_gmail_com/2026-08-21.html, 2026-08-21 08:36:42.152108+00, 1).'}
2026-08-21 17:36:42,157 [INFO] 📄 사용자(koreajjangboy@gmail.com) 개인 다이제스트 생성 완료: news/koreajjangboy_at_gmail_com/2026-08-21.html
2026-08-21 17:36:42,157 [INFO] ✅ 총 0개 신규 기사 DB 저장 및 개인별 다이제스트 생성 완료

2026-08-21 17:38:31,319 [INFO] ⚡ [--now] 옵션 감지: 즉시 수집 작업을 실행합니다.
2026-08-21 17:38:31,320 [INFO] 🚀 [Start] RSS 피드 수집 및 DB 저장 시작
2026-08-21 17:38:31,695 [INFO] HTTP Request: GET https://wafeeknfpzjzngzuphoz.supabase.co/rest/v1/sources?select=source_id%2Cname%2Curl "HTTP/2 200 OK"
2026-08-21 17:38:31,719 [INFO] HTTP Request: GET https://wafeeknfpzjzngzuphoz.supabase.co/rest/v1/categories?select=category_id%2Cname&is_active=eq.True "HTTP/2 200 OK"
2026-08-21 17:38:32,211 [INFO] HTTP Request: GET https://wafeeknfpzjzngzuphoz.supabase.co/rest/v1/articles?select=article_id&original_url=eq.https%3A%2F%2Fopenai.com%2Findex%2Fintroducing-ai-futures "HTTP/2 200 OK"
2026-08-21 17:38:32,229 [INFO] HTTP Request: GET https://wafeeknfpzjzngzuphoz.supabase.co/rest/v1/articles?select=article_id&original_url=eq.https%3A%2F%2Fopenai.com%2Findex%2Fstampli "HTTP/2 200 OK"
2026-08-21 17:38:32,250 [INFO] HTTP Request: GET https://wafeeknfpzjzngzuphoz.supabase.co/rest/v1/articles?select=article_id&original_url=eq.https%3A%2F%2Fopenai.com%2Findex%2Foffering-zero-data-retention-for-frontier-models "HTTP/2 200 OK"
2026-08-21 17:38:32,270 [INFO] HTTP Request: GET https://wafeeknfpzjzngzuphoz.supabase.co/rest/v1/articles?select=article_id&original_url=eq.https%3A%2F%2Fopenai.com%2Findex%2Freplit "HTTP/2 200 OK"
2026-08-21 17:38:32,291 [INFO] HTTP Request: GET https://wafeeknfpzjzngzuphoz.supabase.co/rest/v1/articles?select=article_id&original_url=eq.https%3A%2F%2Fopenai.com%2Findex%2Fchatgpt-ads-expands-across-europe "HTTP/2 200 OK"
2026-08-21 17:38:32,308 [INFO] HTTP Request: GET https://wafeeknfpzjzngzuphoz.supabase.co/rest/v1/articles?select=article_id&original_url=eq.https%3A%2F%2Fopenai.com%2Findex%2Fstrengthening-democratic-oversight-in-national-security "HTTP/2 200 OK"
2026-08-21 17:38:32,328 [INFO] HTTP Request: GET https://wafeeknfpzjzngzuphoz.supabase.co/rest/v1/articles?select=article_id&original_url=eq.https%3A%2F%2Fopenai.com%2Findex%2Fpartnering-with-codeai "HTTP/2 200 OK"
2026-08-21 17:38:32,353 [INFO] HTTP Request: GET https://wafeeknfpzjzngzuphoz.supabase.co/rest/v1/articles?select=article_id&original_url=eq.https%3A%2F%2Fopenai.com%2Findex%2Fpacing-model-development-cyber-capabilities "HTTP/2 200 OK"
2026-08-21 17:38:32,376 [INFO] HTTP Request: GET https://wafeeknfpzjzngzuphoz.supabase.co/rest/v1/articles?select=article_id&original_url=eq.https%3A%2F%2Fopenai.com%2Findex%2Fchatgpt-for-teens "HTTP/2 200 OK"
2026-08-21 17:38:32,393 [INFO] HTTP Request: GET https://wafeeknfpzjzngzuphoz.supabase.co/rest/v1/articles?select=article_id&original_url=eq.https%3A%2F%2Fopenai.com%2Findex%2Fnvidia%2Fchatgpt-work "HTTP/2 200 OK"
2026-08-21 17:38:33,190 [INFO] HTTP Request: GET https://wafeeknfpzjzngzuphoz.supabase.co/rest/v1/articles?select=article_id&original_url=eq.https%3A%2F%2Fblog.google%2Fproducts-and-platforms%2Fproducts%2Fsearch%2Fback-to-school-study-tools%2F "HTTP/2 200 OK"
2026-08-21 17:38:33,210 [INFO] HTTP Request: GET https://wafeeknfpzjzngzuphoz.supabase.co/rest/v1/articles?select=article_id&original_url=eq.https%3A%2F%2Fblog.google%2Fproducts-and-platforms%2Fproducts%2Fgemini%2Fgoogle-gemini-pixel-football-club-partnerships%2F "HTTP/2 200 OK"
2026-08-21 17:38:33,240 [INFO] HTTP Request: GET https://wafeeknfpzjzngzuphoz.supabase.co/rest/v1/articles?select=article_id&original_url=eq.https%3A%2F%2Fblog.google%2Fproducts-and-platforms%2Fproducts%2Fworkspace%2Fsheets-canvas-for-google-sheets-spreadsheets%2F "HTTP/2 200 OK"
2026-08-21 17:38:33,261 [INFO] HTTP Request: GET https://wafeeknfpzjzngzuphoz.supabase.co/rest/v1/articles?select=article_id&original_url=eq.https%3A%2F%2Fblog.google%2Finnovation-and-ai%2Fmodels-and-research%2Fgoogle-research%2Famie-video-consultations%2F "HTTP/2 200 OK"
2026-08-21 17:38:33,281 [INFO] HTTP Request: GET https://wafeeknfpzjzngzuphoz.supabase.co/rest/v1/articles?select=article_id&original_url=eq.https%3A%2F%2Fblog.google%2Fproducts%2Fads-commerce%2Fgoogle-ads-analytics-ai-updates%2F "HTTP/2 200 OK"
2026-08-21 17:38:33,314 [INFO] HTTP Request: GET https://wafeeknfpzjzngzuphoz.supabase.co/rest/v1/articles?select=article_id&original_url=eq.https%3A%2F%2Fblog.google%2Finnovation-and-ai%2Ftechnology%2Fai%2Fgoogle-ai-updates-july-2026%2F "HTTP/2 200 OK"
2026-08-21 17:38:33,334 [INFO] HTTP Request: GET https://wafeeknfpzjzngzuphoz.supabase.co/rest/v1/articles?select=article_id&original_url=eq.https%3A%2F%2Fblog.google%2Finnovation-and-ai%2Ftechnology%2Fdevelopers-tools%2Fai-agents-intensive-recap-2026%2F "HTTP/2 200 OK"
2026-08-21 17:38:33,352 [INFO] HTTP Request: GET https://wafeeknfpzjzngzuphoz.supabase.co/rest/v1/articles?select=article_id&original_url=eq.https%3A%2F%2Fblog.google%2Finnovation-and-ai%2Ftechnology%2Fdevelopers-tools%2Fexpanding-managed-agents-gemini-api-3-6-flash-hooks%2F "HTTP/2 200 OK"
2026-08-21 17:38:33,372 [INFO] HTTP Request: GET https://wafeeknfpzjzngzuphoz.supabase.co/rest/v1/articles?select=article_id&original_url=eq.https%3A%2F%2Fblog.google%2Fproducts-and-platforms%2Fproducts%2Fsearch%2Fai-mode-real-world-tips%2F "HTTP/2 200 OK"
2026-08-21 17:38:33,389 [INFO] HTTP Request: GET https://wafeeknfpzjzngzuphoz.supabase.co/rest/v1/articles?select=article_id&original_url=eq.https%3A%2F%2Fblog.google%2Fproducts-and-platforms%2Fproducts%2Fsearch%2Fdinner-party-hosting-tips%2F "HTTP/2 200 OK"
2026-08-21 17:38:34,248 [INFO] HTTP Request: GET https://wafeeknfpzjzngzuphoz.supabase.co/rest/v1/articles?select=article_id&original_url=eq.https%3A%2F%2Fnews.hada.io%2Ftopic%3Fid%3D32723 "HTTP/2 200 OK"
2026-08-21 17:38:34,268 [INFO] HTTP Request: GET https://wafeeknfpzjzngzuphoz.supabase.co/rest/v1/articles?select=article_id&original_url=eq.https%3A%2F%2Fnews.hada.io%2Farticle%2Fopenrouter-is-not-just-a-proxy "HTTP/2 200 OK"
2026-08-21 17:38:34,287 [INFO] HTTP Request: GET https://wafeeknfpzjzngzuphoz.supabase.co/rest/v1/articles?select=article_id&original_url=eq.https%3A%2F%2Fnews.hada.io%2Ftopic%3Fid%3D32720 "HTTP/2 200 OK"
2026-08-21 17:38:34,307 [INFO] HTTP Request: GET https://wafeeknfpzjzngzuphoz.supabase.co/rest/v1/articles?select=article_id&original_url=eq.https%3A%2F%2Fnews.hada.io%2Ftopic%3Fid%3D32719 "HTTP/2 200 OK"
2026-08-21 17:38:34,325 [INFO] HTTP Request: GET https://wafeeknfpzjzngzuphoz.supabase.co/rest/v1/articles?select=article_id&original_url=eq.https%3A%2F%2Fnews.hada.io%2Ftopic%3Fid%3D32717 "HTTP/2 200 OK"
2026-08-21 17:38:34,356 [INFO] HTTP Request: GET https://wafeeknfpzjzngzuphoz.supabase.co/rest/v1/articles?select=article_id&original_url=eq.https%3A%2F%2Fnews.hada.io%2Ftopic%3Fid%3D32716 "HTTP/2 200 OK"
2026-08-21 17:38:34,375 [INFO] HTTP Request: GET https://wafeeknfpzjzngzuphoz.supabase.co/rest/v1/articles?select=article_id&original_url=eq.https%3A%2F%2Fnews.hada.io%2Ftopic%3Fid%3D32715 "HTTP/2 200 OK"
2026-08-21 17:38:34,393 [INFO] HTTP Request: GET https://wafeeknfpzjzngzuphoz.supabase.co/rest/v1/articles?select=article_id&original_url=eq.https%3A%2F%2Fnews.hada.io%2Ftopic%3Fid%3D32714 "HTTP/2 200 OK"
2026-08-21 17:38:34,411 [INFO] HTTP Request: GET https://wafeeknfpzjzngzuphoz.supabase.co/rest/v1/articles?select=article_id&original_url=eq.https%3A%2F%2Fnews.hada.io%2Ftopic%3Fid%3D32713 "HTTP/2 200 OK"
2026-08-21 17:38:34,430 [INFO] HTTP Request: GET https://wafeeknfpzjzngzuphoz.supabase.co/rest/v1/articles?select=article_id&original_url=eq.https%3A%2F%2Fnews.hada.io%2Ftopic%3Fid%3D32712 "HTTP/2 200 OK"
2026-08-21 17:38:34,511 [INFO] HTTP Request: GET https://wafeeknfpzjzngzuphoz.supabase.co/rest/v1/articles?select=article_id&original_url=eq.https%3A%2F%2Fwww.aitimes.com%2Fnews%2FarticleView.html%3Fidxno%3D214205 "HTTP/2 200 OK"
2026-08-21 17:38:34,529 [INFO] HTTP Request: GET https://wafeeknfpzjzngzuphoz.supabase.co/rest/v1/articles?select=article_id&original_url=eq.https%3A%2F%2Fwww.aitimes.com%2Fnews%2FarticleView.html%3Fidxno%3D214214 "HTTP/2 200 OK"
2026-08-21 17:38:34,546 [INFO] HTTP Request: GET https://wafeeknfpzjzngzuphoz.supabase.co/rest/v1/articles?select=article_id&original_url=eq.https%3A%2F%2Fwww.aitimes.com%2Fnews%2FarticleView.html%3Fidxno%3D214213 "HTTP/2 200 OK"
2026-08-21 17:38:34,564 [INFO] HTTP Request: GET https://wafeeknfpzjzngzuphoz.supabase.co/rest/v1/articles?select=article_id&original_url=eq.https%3A%2F%2Fwww.aitimes.com%2Fnews%2FarticleView.html%3Fidxno%3D214226 "HTTP/2 200 OK"
2026-08-21 17:38:34,582 [INFO] HTTP Request: GET https://wafeeknfpzjzngzuphoz.supabase.co/rest/v1/articles?select=article_id&original_url=eq.https%3A%2F%2Fwww.aitimes.com%2Fnews%2FarticleView.html%3Fidxno%3D214189 "HTTP/2 200 OK"
2026-08-21 17:38:34,599 [INFO] HTTP Request: GET https://wafeeknfpzjzngzuphoz.supabase.co/rest/v1/articles?select=article_id&original_url=eq.https%3A%2F%2Fwww.aitimes.com%2Fnews%2FarticleView.html%3Fidxno%3D214222 "HTTP/2 200 OK"
2026-08-21 17:38:34,618 [INFO] HTTP Request: GET https://wafeeknfpzjzngzuphoz.supabase.co/rest/v1/articles?select=article_id&original_url=eq.https%3A%2F%2Fwww.aitimes.com%2Fnews%2FarticleView.html%3Fidxno%3D214223 "HTTP/2 200 OK"
2026-08-21 17:38:34,635 [INFO] HTTP Request: GET https://wafeeknfpzjzngzuphoz.supabase.co/rest/v1/articles?select=article_id&original_url=eq.https%3A%2F%2Fwww.aitimes.com%2Fnews%2FarticleView.html%3Fidxno%3D214219 "HTTP/2 200 OK"
2026-08-21 17:38:34,659 [INFO] HTTP Request: GET https://wafeeknfpzjzngzuphoz.supabase.co/rest/v1/articles?select=article_id&original_url=eq.https%3A%2F%2Fwww.aitimes.com%2Fnews%2FarticleView.html%3Fidxno%3D214228 "HTTP/2 200 OK"
2026-08-21 17:38:34,678 [INFO] HTTP Request: GET https://wafeeknfpzjzngzuphoz.supabase.co/rest/v1/articles?select=article_id&original_url=eq.https%3A%2F%2Fwww.aitimes.com%2Fnews%2FarticleView.html%3Fidxno%3D214224 "HTTP/2 200 OK"
2026-08-21 17:38:35,180 [INFO] HTTP Request: GET https://wafeeknfpzjzngzuphoz.supabase.co/rest/v1/articles?select=article_id&original_url=eq.https%3A%2F%2Fnews.google.com%2Frss%2Farticles%2FCBMiXEFVX3lxTE9DWXkyN3hhUDFHR0tCMXdpVkt3OTAyS1dBUUN6QXBKTEpMOF9SLWJSZkl3VW5FdzE2N1JiYk13NGtFQXNnbjFZZ3Vsd3BZNGJLWDJTdVladTk0bXRi%3Foc%3D5 "HTTP/2 200 OK"
2026-08-21 17:38:35,201 [INFO] HTTP Request: GET https://wafeeknfpzjzngzuphoz.supabase.co/rest/v1/articles?select=article_id&original_url=eq.https%3A%2F%2Fnews.google.com%2Frss%2Farticles%2FCBMiVkFVX3lxTFBlSVhEWDF6dU85X3puVUswSzlXLUx4OXg5b0JZMlJYeHFXcHFsM1FLNEQ4MHQxTjlfRzZMZVhiU0JVTm5nS1paWnhEVXM1RzRmV0hWeWNR%3Foc%3D5 "HTTP/2 200 OK"
2026-08-21 17:38:35,221 [INFO] HTTP Request: GET https://wafeeknfpzjzngzuphoz.supabase.co/rest/v1/articles?select=article_id&original_url=eq.https%3A%2F%2Fnews.google.com%2Frss%2Farticles%2FCBMiX0FVX3lxTE5IRW4zbDg2OG1sYmVhVGhPUmNGaFJ6ZVdGYjNTeEd0eUp5REtWSm1fQ05rdnZFNkVPQVFlcExzYnU2YURSOE9PeHdiMEtCZXdBNkM0OFlOVWxoR1RySU84%3Foc%3D5 "HTTP/2 200 OK"
2026-08-21 17:38:35,240 [INFO] HTTP Request: GET https://wafeeknfpzjzngzuphoz.supabase.co/rest/v1/articles?select=article_id&original_url=eq.https%3A%2F%2Fnews.google.com%2Frss%2Farticles%2FCBMiSEFVX3lxTE1mczBWYm0wOEU3a2NSanExQ0V5ZjNDWmZhNURubTVxcmJDRUNjLXZzT1JmT2JlbVYwUjlWY0dxNXgxRW5ueHdveA%3Foc%3D5 "HTTP/2 200 OK"
2026-08-21 17:38:35,258 [INFO] HTTP Request: GET https://wafeeknfpzjzngzuphoz.supabase.co/rest/v1/articles?select=article_id&original_url=eq.https%3A%2F%2Fnews.google.com%2Frss%2Farticles%2FCBMijgFBVV95cUxPaXVvNUlaeE5USjVKOGE5WEpLRDA2Y0c4Z3hONXZLaXc3X2IySmlzMy1kSExBUzNRMlY5dmUyNWNnX295R0tucnRKUi1aUnJsMjkzUllJWGdzbHVtajMyVG5pWW81YUxVbzhRQUh1T3E4bTJaU3AtRlFzQ0RjUzFxc1BqMkZpNGRwVUhXTi1R%3Foc%3D5 "HTTP/2 200 OK"
2026-08-21 17:38:35,277 [INFO] HTTP Request: GET https://wafeeknfpzjzngzuphoz.supabase.co/rest/v1/articles?select=article_id&original_url=eq.https%3A%2F%2Fnews.google.com%2Frss%2Farticles%2FCBMib0FVX3lxTE1GYWxwbEp6YTFrUExYQ3J0aW1aVkdtTFptSlNqZ3dsWEdlLXI2RnJyb3UwQVhHWURDamk2UXE5N1dIMzQxZkxOT0R0V1gyUHRkYWhqdWgycHU4WHNXa2QtTUVReFpLbWZoZWlmS09nWQ%3Foc%3D5 "HTTP/2 200 OK"
2026-08-21 17:38:35,296 [INFO] HTTP Request: GET https://wafeeknfpzjzngzuphoz.supabase.co/rest/v1/articles?select=article_id&original_url=eq.https%3A%2F%2Fnews.google.com%2Frss%2Farticles%2FCBMiT0FVX3lxTFAzaWZPNVkxUlpVVTkzeEkyZURXNHppRWFtYkVEeUFCaDhTeVJFS0VubHd5Tjd6U09KRGI3ZDZYTXFNWWRQeHk5Q1F2eTlzeDQ%3Foc%3D5 "HTTP/2 200 OK"
2026-08-21 17:38:35,314 [INFO] HTTP Request: GET https://wafeeknfpzjzngzuphoz.supabase.co/rest/v1/articles?select=article_id&original_url=eq.https%3A%2F%2Fnews.google.com%2Frss%2Farticles%2FCBMiiAFBVV95cUxPcUNMUVl5OG0ydkJSb2c3eVJiLXNNdFYzQno4XzkyYzl2d2lvLUNnYzBzb1lqaHBxNzZtSXBuNzc0dlpfSHZuTC1TeG16RU1OQUhBUDFHaDVRQjB5bVBWazRINWdMZm1hYXpfOURrZzlQV1Ayb3ViWTRLZUl3eGdvdDY3WVVMNExo%3Foc%3D5 "HTTP/2 200 OK"
2026-08-21 17:38:35,334 [INFO] HTTP Request: GET https://wafeeknfpzjzngzuphoz.supabase.co/rest/v1/articles?select=article_id&original_url=eq.https%3A%2F%2Fnews.google.com%2Frss%2Farticles%2FCBMiWEFVX3lxTFBvd3pDNkp0cF9pMEIwd3lGQTg4VDE1VUVKREgtdEZRVUVuamgtZk5pNTlDM25oSnZCYVh1eENCQ1A0djlaYWdJU3RGWXdyakFlV2E3b1NZUEHSAV5BVV95cUxOMk1seVBkRzVWbHJUaW1IRzY4bTIyS1NEQnlMbzM2V1pPdW00N0pnazJTRW1sRF9QV3h3ZExUb0RDWU1HVGVGR2hwYW1WTzN3ZGVPX2NweG00ZDVUX3pR%3Foc%3D5 "HTTP/2 200 OK"
2026-08-21 17:38:35,353 [INFO] HTTP Request: GET https://wafeeknfpzjzngzuphoz.supabase.co/rest/v1/articles?select=article_id&original_url=eq.https%3A%2F%2Fnews.google.com%2Frss%2Farticles%2FCBMic0FVX3lxTE1WUnZtUmtkcS1Ec0ppZVV4WjBnNWswaTlPY1JsOXJaWkVaai1kdjdsSXNFY2tTM2hybFJGT3pnLUZUSEp3eHYzVGtYbkhsZEYxdTRhb2JQTXd5Z1I2YXROYlhQN3d6QWJZNHNhZjZreWp3YmM%3Foc%3D5 "HTTP/2 200 OK"
2026-08-21 17:38:35,949 [INFO] HTTP Request: GET https://wafeeknfpzjzngzuphoz.supabase.co/rest/v1/articles?select=article_id&original_url=eq.https%3A%2F%2Fnews.google.com%2Frss%2Farticles%2FCBMiT0FVX3lxTE5pT2NxbXJmajNtcGRxTHZNcjlXazcwQ29IeGNUN0F3X2dUOWV2S1dDVHMyZUtrdWNoLWhXZHJ0SlJLRUNfcUNjMXR5MUpYTzQ%3Foc%3D5 "HTTP/2 200 OK"
2026-08-21 17:38:35,968 [INFO] HTTP Request: GET https://wafeeknfpzjzngzuphoz.supabase.co/rest/v1/articles?select=article_id&original_url=eq.https%3A%2F%2Fnews.google.com%2Frss%2Farticles%2FCBMiWkFVX3lxTE95SGFjUDdLYVhPYXBjSXRhelZMMndBZXdkQTR0dTNvRG82U1hRbTVweUJveVVyYUtnR3dOREt5WDFjOVdVQnd0VWlLU0k2cTVDdUprWENTaTREUdIBX0FVX3lxTE1ITGZzcjlrQkNDWDE3RnBpdXVPV2RtVXNKT3NUUzRVcWYzSk5mRW92cWs2X09aVVNNeTZyYlhkekY2OUQ1UWwzcUJFY1hiTFgwU2hVS0xLWXZlVXFheFhJ%3Foc%3D5 "HTTP/2 200 OK"
2026-08-21 17:38:35,986 [INFO] HTTP Request: GET https://wafeeknfpzjzngzuphoz.supabase.co/rest/v1/articles?select=article_id&original_url=eq.https%3A%2F%2Fnews.google.com%2Frss%2Farticles%2FCBMiWkFVX3lxTE1sa0hTYXF5WDhTS1pzWXBMWVVsYnpCNW1MTkpKc19lcmhuelEzdTJVSDlwNkVzMTIxWUdpRlBMSC1oNGN4R2xPSlN3V0poR2RGa0pvbUZvMVdhUdIBWEFVX3lxTE1OR2llcHJQMTBTaDBNVVVkT3cwd0xfQWJ4b2VRcmtFSnNNUE1JZjMtZUhld0lqRDdOYjM2b1JSVk5UT1JwM0F1OS1OaWZIbTdKQ3Ixck10LUc%3Foc%3D5 "HTTP/2 200 OK"
2026-08-21 17:38:36,005 [INFO] HTTP Request: GET https://wafeeknfpzjzngzuphoz.supabase.co/rest/v1/articles?select=article_id&original_url=eq.https%3A%2F%2Fnews.google.com%2Frss%2Farticles%2FCBMiXEFVX3lxTE9FTkJLTmFvLVJJem5NckxBWUJfVW5BWklBd1ExZjFhbF85NzFRR21HRTBCbHI3QWs0blN0aDhiVTNMX2xmN2ZVdER5dGV3LWNPUFFxMHJMM1RjRnJa%3Foc%3D5 "HTTP/2 200 OK"
2026-08-21 17:38:36,024 [INFO] HTTP Request: GET https://wafeeknfpzjzngzuphoz.supabase.co/rest/v1/articles?select=article_id&original_url=eq.https%3A%2F%2Fnews.google.com%2Frss%2Farticles%2FCBMiYkFVX3lxTE1FdWNubjI3UUxJLVFiMm13dGVzQ3NVUEdxRnUzTkpzSTRmQ3RySWtyYU9Nb05xbFJxUmNlazQ0VHdyNXg0d0toelUyZ2I1ODFBMGR4M09WSkY3Y3B5SEtEdTNB%3Foc%3D5 "HTTP/2 200 OK"
2026-08-21 17:38:36,045 [INFO] HTTP Request: GET https://wafeeknfpzjzngzuphoz.supabase.co/rest/v1/articles?select=article_id&original_url=eq.https%3A%2F%2Fnews.google.com%2Frss%2Farticles%2FCBMihAFBVV95cUxQOHc5V0xHTzhmMnc0bzNvbHdpU0Q1RjZPVjl6Z3hRTkpYYlRqWDEyZlQ5WnhORG56Ry1zNkQySWtQclFnTmlTeDZZcnFUckhka29Ed2RFTXZaaXhQX3FOQWJaOThFQUlTNzVwMTdzUFVRcml6b1hkS2R2M09NU2tuazFBaFA%3Foc%3D5 "HTTP/2 200 OK"
2026-08-21 17:38:36,065 [INFO] HTTP Request: GET https://wafeeknfpzjzngzuphoz.supabase.co/rest/v1/articles?select=article_id&original_url=eq.https%3A%2F%2Fnews.google.com%2Frss%2Farticles%2FCBMiVkFVX3lxTE1QNVk5ZkUyd3ZRRzBMU0VVZlVBRDZFYVltVFZLc0t6VzVlbFlsVGNnVFh1UWdTazFGd3VvMWdYWGlrUWNwSGFnODFQa2l2NlNLN2dEZHp3%3Foc%3D5 "HTTP/2 200 OK"
2026-08-21 17:38:36,084 [INFO] HTTP Request: GET https://wafeeknfpzjzngzuphoz.supabase.co/rest/v1/articles?select=article_id&original_url=eq.https%3A%2F%2Fnews.google.com%2Frss%2Farticles%2FCBMic0FVX3lxTE1kZmtaTGNLYUhmOEdnTXBqTm13b3ZKNXk1MS0xU3ZKWl9fTm5yc3hrNDRaeUF1TkF6WFFDU3QzZG0yTkNQbzZGbDNPMG1xU1ByeFZaSHhEOG9vZ09ZSDFtVXBILTVGd2dobFZfNnZzWk1kdUHSAXdBVV95cUxQcHR3Y092blBPc202b1JaOHh5ZFl1Vkw2NnRzdmNuRXBpYUpOQkc5NkpkMUFpWl9aN2VxVlZFSmZXSzdPOFhacHJjWXV6Unp2cGRVVUNCNFdJYjZ3bDZ1OTFDUXRFWXVHa0Uwa1dUUE43RlJvQ2Ztdw%3Foc%3D5 "HTTP/2 200 OK"
2026-08-21 17:38:36,102 [INFO] HTTP Request: GET https://wafeeknfpzjzngzuphoz.supabase.co/rest/v1/articles?select=article_id&original_url=eq.https%3A%2F%2Fnews.google.com%2Frss%2Farticles%2FCBMiaEFVX3lxTE9GdVM2T3VXYmhMWGxqSlFwREc5VzExOWpSWU1rNE5KY1VLTUlGcHJJZFVtdlBCSm0tclpMMWZINTJucnJObW05UXQxbDZ3aXJRNVBLVFgtUnFiWF9WRFh2YlphbUh4VGNP0gFsQVVfeXFMUFF2cUJROC1HMnpmNGNUVkJNa3htd2NsYk5CUzRTWjBGZkVwRXpKWWlFU2F5bVN3ZFNiai1aeU5SN1ZOWmZvRmJ6UTFrUzRqU2F6R0s0TEFtWl9CVXdzT3ZXdnRqU2hObS00enhK%3Foc%3D5 "HTTP/2 200 OK"
2026-08-21 17:38:36,206 [INFO] HTTP Request: GET https://wafeeknfpzjzngzuphoz.supabase.co/rest/v1/articles?select=article_id&original_url=eq.https%3A%2F%2Fnews.google.com%2Frss%2Farticles%2FCBMic0FVX3lxTE9EdUhvQV9xVlE2WER4QWV0NWx0ajRpbVBOR1VCclR2dkZpS21EakV2a1VFUVFuSmdjN2tLS0I4eWhXV2hIMjFFZ191Z09sNmFvZTY4ZFNYNzdBcmlWWmFhWHBuYlJ3eE03M245V19KMnFFRFk%3Foc%3D5 "HTTP/2 200 OK"
2026-08-21 17:38:36,336 [INFO] HTTP Request: GET https://wafeeknfpzjzngzuphoz.supabase.co/rest/v1/articles?select=article_id&original_url=eq.https%3A%2F%2Fyozm.wishket.com%2Fmagazine%2Fdetail%2F3908 "HTTP/2 200 OK"
2026-08-21 17:38:36,356 [INFO] HTTP Request: GET https://wafeeknfpzjzngzuphoz.supabase.co/rest/v1/articles?select=article_id&original_url=eq.https%3A%2F%2Fyozm.wishket.com%2Fmagazine%2Fdetail%2F3907 "HTTP/2 200 OK"
2026-08-21 17:38:36,375 [INFO] HTTP Request: GET https://wafeeknfpzjzngzuphoz.supabase.co/rest/v1/articles?select=article_id&original_url=eq.https%3A%2F%2Fyozm.wishket.com%2Fmagazine%2Fdetail%2F3906 "HTTP/2 200 OK"
2026-08-21 17:38:36,392 [INFO] HTTP Request: GET https://wafeeknfpzjzngzuphoz.supabase.co/rest/v1/articles?select=article_id&original_url=eq.https%3A%2F%2Fyozm.wishket.com%2Fmagazine%2Fdetail%2F3905 "HTTP/2 200 OK"
2026-08-21 17:38:36,412 [INFO] HTTP Request: GET https://wafeeknfpzjzngzuphoz.supabase.co/rest/v1/articles?select=article_id&original_url=eq.https%3A%2F%2Fyozm.wishket.com%2Fmagazine%2Fdetail%2F3904 "HTTP/2 200 OK"
2026-08-21 17:38:36,451 [INFO] HTTP Request: GET https://wafeeknfpzjzngzuphoz.supabase.co/rest/v1/articles?select=article_id&original_url=eq.https%3A%2F%2Fyozm.wishket.com%2Fmagazine%2Fdetail%2F3903 "HTTP/2 200 OK"
2026-08-21 17:38:36,471 [INFO] HTTP Request: GET https://wafeeknfpzjzngzuphoz.supabase.co/rest/v1/articles?select=article_id&original_url=eq.https%3A%2F%2Fyozm.wishket.com%2Fmagazine%2Fdetail%2F3902 "HTTP/2 200 OK"
2026-08-21 17:38:36,489 [INFO] HTTP Request: GET https://wafeeknfpzjzngzuphoz.supabase.co/rest/v1/articles?select=article_id&original_url=eq.https%3A%2F%2Fyozm.wishket.com%2Fmagazine%2Fdetail%2F3901 "HTTP/2 200 OK"
2026-08-21 17:38:36,506 [INFO] HTTP Request: GET https://wafeeknfpzjzngzuphoz.supabase.co/rest/v1/articles?select=article_id&original_url=eq.https%3A%2F%2Fyozm.wishket.com%2Fmagazine%2Fdetail%2F3900 "HTTP/2 200 OK"
2026-08-21 17:38:36,523 [INFO] HTTP Request: GET https://wafeeknfpzjzngzuphoz.supabase.co/rest/v1/articles?select=article_id&original_url=eq.https%3A%2F%2Fyozm.wishket.com%2Fmagazine%2Fdetail%2F3899 "HTTP/2 200 OK"
2026-08-21 17:38:36,890 [INFO] HTTP Request: GET https://wafeeknfpzjzngzuphoz.supabase.co/rest/v1/articles?select=article_id&original_url=eq.https%3A%2F%2Ftechblog.woowahan.com%2F26876%2F "HTTP/2 200 OK"
2026-08-21 17:38:36,909 [INFO] HTTP Request: GET https://wafeeknfpzjzngzuphoz.supabase.co/rest/v1/articles?select=article_id&original_url=eq.https%3A%2F%2Ftechblog.woowahan.com%2F26777%2F "HTTP/2 200 OK"
2026-08-21 17:38:36,928 [INFO] HTTP Request: GET https://wafeeknfpzjzngzuphoz.supabase.co/rest/v1/articles?select=article_id&original_url=eq.https%3A%2F%2Ftechblog.woowahan.com%2F26729%2F "HTTP/2 200 OK"
2026-08-21 17:38:36,948 [INFO] HTTP Request: GET https://wafeeknfpzjzngzuphoz.supabase.co/rest/v1/articles?select=article_id&original_url=eq.https%3A%2F%2Ftechblog.woowahan.com%2F26507%2F "HTTP/2 200 OK"
2026-08-21 17:38:36,967 [INFO] HTTP Request: GET https://wafeeknfpzjzngzuphoz.supabase.co/rest/v1/articles?select=article_id&original_url=eq.https%3A%2F%2Ftechblog.woowahan.com%2F26624%2F "HTTP/2 200 OK"
2026-08-21 17:38:36,986 [INFO] HTTP Request: GET https://wafeeknfpzjzngzuphoz.supabase.co/rest/v1/articles?select=article_id&original_url=eq.https%3A%2F%2Ftechblog.woowahan.com%2F26492%2F "HTTP/2 200 OK"
2026-08-21 17:38:37,004 [INFO] HTTP Request: GET https://wafeeknfpzjzngzuphoz.supabase.co/rest/v1/articles?select=article_id&original_url=eq.https%3A%2F%2Ftechblog.woowahan.com%2F26459%2F "HTTP/2 200 OK"
2026-08-21 17:38:37,022 [INFO] HTTP Request: GET https://wafeeknfpzjzngzuphoz.supabase.co/rest/v1/articles?select=article_id&original_url=eq.https%3A%2F%2Ftechblog.woowahan.com%2F26379%2F "HTTP/2 200 OK"
2026-08-21 17:38:37,040 [INFO] HTTP Request: GET https://wafeeknfpzjzngzuphoz.supabase.co/rest/v1/articles?select=article_id&original_url=eq.https%3A%2F%2Ftechblog.woowahan.com%2F26388%2F "HTTP/2 200 OK"
2026-08-21 17:38:37,077 [INFO] HTTP Request: GET https://wafeeknfpzjzngzuphoz.supabase.co/rest/v1/articles?select=article_id&original_url=eq.https%3A%2F%2Ftechblog.woowahan.com%2F26319%2F "HTTP/2 200 OK"
2026-08-21 17:38:37,192 [INFO] HTTP Request: GET https://wafeeknfpzjzngzuphoz.supabase.co/rest/v1/articles?select=article_id&original_url=eq.https%3A%2F%2Ftech.kakao.com%2Fposts%2F829 "HTTP/2 200 OK"
2026-08-21 17:38:37,209 [INFO] HTTP Request: GET https://wafeeknfpzjzngzuphoz.supabase.co/rest/v1/articles?select=article_id&original_url=eq.https%3A%2F%2Ftech.kakao.com%2Fposts%2F828 "HTTP/2 200 OK"
2026-08-21 17:38:37,227 [INFO] HTTP Request: GET https://wafeeknfpzjzngzuphoz.supabase.co/rest/v1/articles?select=article_id&original_url=eq.https%3A%2F%2Ftech.kakao.com%2Fposts%2F827 "HTTP/2 200 OK"
2026-08-21 17:38:37,245 [INFO] HTTP Request: GET https://wafeeknfpzjzngzuphoz.supabase.co/rest/v1/articles?select=article_id&original_url=eq.https%3A%2F%2Ftech.kakao.com%2Fposts%2F826 "HTTP/2 200 OK"
2026-08-21 17:38:37,262 [INFO] HTTP Request: GET https://wafeeknfpzjzngzuphoz.supabase.co/rest/v1/articles?select=article_id&original_url=eq.https%3A%2F%2Ftech.kakao.com%2Fposts%2F825 "HTTP/2 200 OK"
2026-08-21 17:38:37,287 [INFO] HTTP Request: GET https://wafeeknfpzjzngzuphoz.supabase.co/rest/v1/articles?select=article_id&original_url=eq.https%3A%2F%2Ftech.kakao.com%2Fposts%2F824 "HTTP/2 200 OK"
2026-08-21 17:38:37,305 [INFO] HTTP Request: GET https://wafeeknfpzjzngzuphoz.supabase.co/rest/v1/articles?select=article_id&original_url=eq.https%3A%2F%2Ftech.kakao.com%2Fposts%2F823 "HTTP/2 200 OK"
2026-08-21 17:38:37,323 [INFO] HTTP Request: GET https://wafeeknfpzjzngzuphoz.supabase.co/rest/v1/articles?select=article_id&original_url=eq.https%3A%2F%2Ftech.kakao.com%2Fposts%2F818 "HTTP/2 200 OK"
2026-08-21 17:38:37,341 [INFO] HTTP Request: GET https://wafeeknfpzjzngzuphoz.supabase.co/rest/v1/articles?select=article_id&original_url=eq.https%3A%2F%2Ftech.kakao.com%2Fposts%2F822 "HTTP/2 200 OK"
2026-08-21 17:38:37,359 [INFO] HTTP Request: GET https://wafeeknfpzjzngzuphoz.supabase.co/rest/v1/articles?select=article_id&original_url=eq.https%3A%2F%2Ftech.kakao.com%2Fposts%2F821 "HTTP/2 200 OK"
2026-08-21 17:38:37,389 [INFO] HTTP Request: GET https://wafeeknfpzjzngzuphoz.supabase.co/rest/v1/articles?select=article_id%2Csource_id%2Ccategory_id%2Coriginal_url%2Ctitle%2Csummary%2Csources%28name%2Ctype%2Creliability_score%29%2Ccategories%28name%29&collected_at=gte.2026-08-21T00%3A00%3A00 "HTTP/2 200 OK"
2026-08-21 17:38:37,416 [INFO] HTTP Request: GET https://wafeeknfpzjzngzuphoz.supabase.co/rest/v1/users?select=user_id%2Cemail "HTTP/2 200 OK"
2026-08-21 17:38:37,435 [INFO] HTTP Request: GET https://wafeeknfpzjzngzuphoz.supabase.co/rest/v1/user_sources?select=source_id&user_id=eq.1 "HTTP/2 200 OK"
2026-08-21 17:38:37,455 [INFO] HTTP Request: GET https://wafeeknfpzjzngzuphoz.supabase.co/rest/v1/subscriptions?select=category_id&user_id=eq.1&is_active=eq.True "HTTP/2 200 OK"
2026-08-21 17:38:37,477 [INFO] HTTP Request: GET https://wafeeknfpzjzngzuphoz.supabase.co/rest/v1/digests?select=digest_id&user_id=eq.1&digest_date=eq.2026-08-21 "HTTP/2 200 OK"
2026-08-21 17:38:37,497 [INFO] HTTP Request: POST https://wafeeknfpzjzngzuphoz.supabase.co/rest/v1/digests "HTTP/2 400 Bad Request"
2026-08-21 17:38:37,498 [ERROR] ❌ 사용자 ID 1의 digests 테이블 저장 오류: {'message': "Could not find the 'url' column of 'digests' in the schema cache", 'code': 'PGRST204', 'hint': None, 'details': None}
2026-08-21 17:38:37,498 [INFO] 📄 사용자(koreajjangboy@gmail.com) 개인 다이제스트 생성 완료: news/koreajjangboy_at_gmail_com/2026-08-21.html
2026-08-21 17:38:37,498 [INFO] ✅ 총 0개 신규 기사 DB 저장 및 개인별 다이제스트 생성 완료

2026-08-21 17:40:48,518 [INFO] ⚡ [--now] 옵션 감지: 즉시 수집 작업을 실행합니다.
2026-08-21 17:40:48,518 [INFO] 🚀 [Start] RSS 피드 수집 및 DB 저장 시작
2026-08-21 17:40:48,887 [INFO] HTTP Request: GET https://wafeeknfpzjzngzuphoz.supabase.co/rest/v1/sources?select=source_id%2Cname%2Curl "HTTP/2 200 OK"
2026-08-21 17:40:48,910 [INFO] HTTP Request: GET https://wafeeknfpzjzngzuphoz.supabase.co/rest/v1/categories?select=category_id%2Cname&is_active=eq.True "HTTP/2 200 OK"
2026-08-21 17:40:49,409 [INFO] HTTP Request: GET https://wafeeknfpzjzngzuphoz.supabase.co/rest/v1/articles?select=article_id&original_url=eq.https%3A%2F%2Fopenai.com%2Findex%2Fintroducing-ai-futures "HTTP/2 200 OK"
2026-08-21 17:40:49,433 [INFO] HTTP Request: GET https://wafeeknfpzjzngzuphoz.supabase.co/rest/v1/articles?select=article_id&original_url=eq.https%3A%2F%2Fopenai.com%2Findex%2Fstampli "HTTP/2 200 OK"
2026-08-21 17:40:49,456 [INFO] HTTP Request: GET https://wafeeknfpzjzngzuphoz.supabase.co/rest/v1/articles?select=article_id&original_url=eq.https%3A%2F%2Fopenai.com%2Findex%2Foffering-zero-data-retention-for-frontier-models "HTTP/2 200 OK"
2026-08-21 17:40:49,479 [INFO] HTTP Request: GET https://wafeeknfpzjzngzuphoz.supabase.co/rest/v1/articles?select=article_id&original_url=eq.https%3A%2F%2Fopenai.com%2Findex%2Freplit "HTTP/2 200 OK"
2026-08-21 17:40:49,505 [INFO] HTTP Request: GET https://wafeeknfpzjzngzuphoz.supabase.co/rest/v1/articles?select=article_id&original_url=eq.https%3A%2F%2Fopenai.com%2Findex%2Fchatgpt-ads-expands-across-europe "HTTP/2 200 OK"
2026-08-21 17:40:49,525 [INFO] HTTP Request: GET https://wafeeknfpzjzngzuphoz.supabase.co/rest/v1/articles?select=article_id&original_url=eq.https%3A%2F%2Fopenai.com%2Findex%2Fstrengthening-democratic-oversight-in-national-security "HTTP/2 200 OK"
2026-08-21 17:40:49,545 [INFO] HTTP Request: GET https://wafeeknfpzjzngzuphoz.supabase.co/rest/v1/articles?select=article_id&original_url=eq.https%3A%2F%2Fopenai.com%2Findex%2Fpartnering-with-codeai "HTTP/2 200 OK"
2026-08-21 17:40:49,570 [INFO] HTTP Request: GET https://wafeeknfpzjzngzuphoz.supabase.co/rest/v1/articles?select=article_id&original_url=eq.https%3A%2F%2Fopenai.com%2Findex%2Fpacing-model-development-cyber-capabilities "HTTP/2 200 OK"
2026-08-21 17:40:49,589 [INFO] HTTP Request: GET https://wafeeknfpzjzngzuphoz.supabase.co/rest/v1/articles?select=article_id&original_url=eq.https%3A%2F%2Fopenai.com%2Findex%2Fchatgpt-for-teens "HTTP/2 200 OK"
2026-08-21 17:40:49,608 [INFO] HTTP Request: GET https://wafeeknfpzjzngzuphoz.supabase.co/rest/v1/articles?select=article_id&original_url=eq.https%3A%2F%2Fopenai.com%2Findex%2Fnvidia%2Fchatgpt-work "HTTP/2 200 OK"
2026-08-21 17:40:50,456 [INFO] HTTP Request: GET https://wafeeknfpzjzngzuphoz.supabase.co/rest/v1/articles?select=article_id&original_url=eq.https%3A%2F%2Fblog.google%2Fproducts-and-platforms%2Fproducts%2Fsearch%2Fback-to-school-study-tools%2F "HTTP/2 200 OK"
2026-08-21 17:40:50,475 [INFO] HTTP Request: GET https://wafeeknfpzjzngzuphoz.supabase.co/rest/v1/articles?select=article_id&original_url=eq.https%3A%2F%2Fblog.google%2Fproducts-and-platforms%2Fproducts%2Fgemini%2Fgoogle-gemini-pixel-football-club-partnerships%2F "HTTP/2 200 OK"
2026-08-21 17:40:50,495 [INFO] HTTP Request: GET https://wafeeknfpzjzngzuphoz.supabase.co/rest/v1/articles?select=article_id&original_url=eq.https%3A%2F%2Fblog.google%2Fproducts-and-platforms%2Fproducts%2Fworkspace%2Fsheets-canvas-for-google-sheets-spreadsheets%2F "HTTP/2 200 OK"
2026-08-21 17:40:50,515 [INFO] HTTP Request: GET https://wafeeknfpzjzngzuphoz.supabase.co/rest/v1/articles?select=article_id&original_url=eq.https%3A%2F%2Fblog.google%2Finnovation-and-ai%2Fmodels-and-research%2Fgoogle-research%2Famie-video-consultations%2F "HTTP/2 200 OK"
2026-08-21 17:40:50,533 [INFO] HTTP Request: GET https://wafeeknfpzjzngzuphoz.supabase.co/rest/v1/articles?select=article_id&original_url=eq.https%3A%2F%2Fblog.google%2Fproducts%2Fads-commerce%2Fgoogle-ads-analytics-ai-updates%2F "HTTP/2 200 OK"
2026-08-21 17:40:50,552 [INFO] HTTP Request: GET https://wafeeknfpzjzngzuphoz.supabase.co/rest/v1/articles?select=article_id&original_url=eq.https%3A%2F%2Fblog.google%2Finnovation-and-ai%2Ftechnology%2Fai%2Fgoogle-ai-updates-july-2026%2F "HTTP/2 200 OK"
2026-08-21 17:40:50,575 [INFO] HTTP Request: GET https://wafeeknfpzjzngzuphoz.supabase.co/rest/v1/articles?select=article_id&original_url=eq.https%3A%2F%2Fblog.google%2Finnovation-and-ai%2Ftechnology%2Fdevelopers-tools%2Fai-agents-intensive-recap-2026%2F "HTTP/2 200 OK"
2026-08-21 17:40:50,595 [INFO] HTTP Request: GET https://wafeeknfpzjzngzuphoz.supabase.co/rest/v1/articles?select=article_id&original_url=eq.https%3A%2F%2Fblog.google%2Finnovation-and-ai%2Ftechnology%2Fdevelopers-tools%2Fexpanding-managed-agents-gemini-api-3-6-flash-hooks%2F "HTTP/2 200 OK"
2026-08-21 17:40:50,615 [INFO] HTTP Request: GET https://wafeeknfpzjzngzuphoz.supabase.co/rest/v1/articles?select=article_id&original_url=eq.https%3A%2F%2Fblog.google%2Fproducts-and-platforms%2Fproducts%2Fsearch%2Fai-mode-real-world-tips%2F "HTTP/2 200 OK"
2026-08-21 17:40:50,632 [INFO] HTTP Request: GET https://wafeeknfpzjzngzuphoz.supabase.co/rest/v1/articles?select=article_id&original_url=eq.https%3A%2F%2Fblog.google%2Fproducts-and-platforms%2Fproducts%2Fsearch%2Fdinner-party-hosting-tips%2F "HTTP/2 200 OK"
2026-08-21 17:40:51,336 [INFO] HTTP Request: GET https://wafeeknfpzjzngzuphoz.supabase.co/rest/v1/articles?select=article_id&original_url=eq.https%3A%2F%2Fnews.hada.io%2Ftopic%3Fid%3D32723 "HTTP/2 200 OK"
2026-08-21 17:40:51,375 [INFO] HTTP Request: GET https://wafeeknfpzjzngzuphoz.supabase.co/rest/v1/articles?select=article_id&original_url=eq.https%3A%2F%2Fnews.hada.io%2Farticle%2Fopenrouter-is-not-just-a-proxy "HTTP/2 200 OK"
2026-08-21 17:40:51,396 [INFO] HTTP Request: GET https://wafeeknfpzjzngzuphoz.supabase.co/rest/v1/articles?select=article_id&original_url=eq.https%3A%2F%2Fnews.hada.io%2Ftopic%3Fid%3D32720 "HTTP/2 200 OK"
2026-08-21 17:40:51,415 [INFO] HTTP Request: GET https://wafeeknfpzjzngzuphoz.supabase.co/rest/v1/articles?select=article_id&original_url=eq.https%3A%2F%2Fnews.hada.io%2Ftopic%3Fid%3D32719 "HTTP/2 200 OK"
2026-08-21 17:40:51,433 [INFO] HTTP Request: GET https://wafeeknfpzjzngzuphoz.supabase.co/rest/v1/articles?select=article_id&original_url=eq.https%3A%2F%2Fnews.hada.io%2Ftopic%3Fid%3D32717 "HTTP/2 200 OK"
2026-08-21 17:40:51,453 [INFO] HTTP Request: GET https://wafeeknfpzjzngzuphoz.supabase.co/rest/v1/articles?select=article_id&original_url=eq.https%3A%2F%2Fnews.hada.io%2Ftopic%3Fid%3D32716 "HTTP/2 200 OK"
2026-08-21 17:40:51,472 [INFO] HTTP Request: GET https://wafeeknfpzjzngzuphoz.supabase.co/rest/v1/articles?select=article_id&original_url=eq.https%3A%2F%2Fnews.hada.io%2Ftopic%3Fid%3D32715 "HTTP/2 200 OK"
2026-08-21 17:40:51,492 [INFO] HTTP Request: GET https://wafeeknfpzjzngzuphoz.supabase.co/rest/v1/articles?select=article_id&original_url=eq.https%3A%2F%2Fnews.hada.io%2Ftopic%3Fid%3D32714 "HTTP/2 200 OK"
2026-08-21 17:40:51,509 [INFO] HTTP Request: GET https://wafeeknfpzjzngzuphoz.supabase.co/rest/v1/articles?select=article_id&original_url=eq.https%3A%2F%2Fnews.hada.io%2Ftopic%3Fid%3D32713 "HTTP/2 200 OK"
2026-08-21 17:40:51,527 [INFO] HTTP Request: GET https://wafeeknfpzjzngzuphoz.supabase.co/rest/v1/articles?select=article_id&original_url=eq.https%3A%2F%2Fnews.hada.io%2Ftopic%3Fid%3D32712 "HTTP/2 200 OK"
2026-08-21 17:40:51,610 [INFO] HTTP Request: GET https://wafeeknfpzjzngzuphoz.supabase.co/rest/v1/articles?select=article_id&original_url=eq.https%3A%2F%2Fwww.aitimes.com%2Fnews%2FarticleView.html%3Fidxno%3D214205 "HTTP/2 200 OK"
2026-08-21 17:40:51,628 [INFO] HTTP Request: GET https://wafeeknfpzjzngzuphoz.supabase.co/rest/v1/articles?select=article_id&original_url=eq.https%3A%2F%2Fwww.aitimes.com%2Fnews%2FarticleView.html%3Fidxno%3D214214 "HTTP/2 200 OK"
2026-08-21 17:40:51,646 [INFO] HTTP Request: GET https://wafeeknfpzjzngzuphoz.supabase.co/rest/v1/articles?select=article_id&original_url=eq.https%3A%2F%2Fwww.aitimes.com%2Fnews%2FarticleView.html%3Fidxno%3D214213 "HTTP/2 200 OK"
2026-08-21 17:40:51,665 [INFO] HTTP Request: GET https://wafeeknfpzjzngzuphoz.supabase.co/rest/v1/articles?select=article_id&original_url=eq.https%3A%2F%2Fwww.aitimes.com%2Fnews%2FarticleView.html%3Fidxno%3D214226 "HTTP/2 200 OK"
2026-08-21 17:40:51,684 [INFO] HTTP Request: GET https://wafeeknfpzjzngzuphoz.supabase.co/rest/v1/articles?select=article_id&original_url=eq.https%3A%2F%2Fwww.aitimes.com%2Fnews%2FarticleView.html%3Fidxno%3D214189 "HTTP/2 200 OK"
2026-08-21 17:40:51,701 [INFO] HTTP Request: GET https://wafeeknfpzjzngzuphoz.supabase.co/rest/v1/articles?select=article_id&original_url=eq.https%3A%2F%2Fwww.aitimes.com%2Fnews%2FarticleView.html%3Fidxno%3D214222 "HTTP/2 200 OK"
2026-08-21 17:40:51,720 [INFO] HTTP Request: GET https://wafeeknfpzjzngzuphoz.supabase.co/rest/v1/articles?select=article_id&original_url=eq.https%3A%2F%2Fwww.aitimes.com%2Fnews%2FarticleView.html%3Fidxno%3D214223 "HTTP/2 200 OK"
2026-08-21 17:40:51,739 [INFO] HTTP Request: GET https://wafeeknfpzjzngzuphoz.supabase.co/rest/v1/articles?select=article_id&original_url=eq.https%3A%2F%2Fwww.aitimes.com%2Fnews%2FarticleView.html%3Fidxno%3D214219 "HTTP/2 200 OK"
2026-08-21 17:40:51,758 [INFO] HTTP Request: GET https://wafeeknfpzjzngzuphoz.supabase.co/rest/v1/articles?select=article_id&original_url=eq.https%3A%2F%2Fwww.aitimes.com%2Fnews%2FarticleView.html%3Fidxno%3D214228 "HTTP/2 200 OK"
2026-08-21 17:40:51,776 [INFO] HTTP Request: GET https://wafeeknfpzjzngzuphoz.supabase.co/rest/v1/articles?select=article_id&original_url=eq.https%3A%2F%2Fwww.aitimes.com%2Fnews%2FarticleView.html%3Fidxno%3D214224 "HTTP/2 200 OK"
2026-08-21 17:40:52,250 [INFO] HTTP Request: GET https://wafeeknfpzjzngzuphoz.supabase.co/rest/v1/articles?select=article_id&original_url=eq.https%3A%2F%2Fnews.google.com%2Frss%2Farticles%2FCBMiXEFVX3lxTE9DWXkyN3hhUDFHR0tCMXdpVkt3OTAyS1dBUUN6QXBKTEpMOF9SLWJSZkl3VW5FdzE2N1JiYk13NGtFQXNnbjFZZ3Vsd3BZNGJLWDJTdVladTk0bXRi%3Foc%3D5 "HTTP/2 200 OK"
2026-08-21 17:40:52,268 [INFO] HTTP Request: GET https://wafeeknfpzjzngzuphoz.supabase.co/rest/v1/articles?select=article_id&original_url=eq.https%3A%2F%2Fnews.google.com%2Frss%2Farticles%2FCBMiVkFVX3lxTFBlSVhEWDF6dU85X3puVUswSzlXLUx4OXg5b0JZMlJYeHFXcHFsM1FLNEQ4MHQxTjlfRzZMZVhiU0JVTm5nS1paWnhEVXM1RzRmV0hWeWNR%3Foc%3D5 "HTTP/2 200 OK"
2026-08-21 17:40:52,287 [INFO] HTTP Request: GET https://wafeeknfpzjzngzuphoz.supabase.co/rest/v1/articles?select=article_id&original_url=eq.https%3A%2F%2Fnews.google.com%2Frss%2Farticles%2FCBMiX0FVX3lxTE5IRW4zbDg2OG1sYmVhVGhPUmNGaFJ6ZVdGYjNTeEd0eUp5REtWSm1fQ05rdnZFNkVPQVFlcExzYnU2YURSOE9PeHdiMEtCZXdBNkM0OFlOVWxoR1RySU84%3Foc%3D5 "HTTP/2 200 OK"
2026-08-21 17:40:52,306 [INFO] HTTP Request: GET https://wafeeknfpzjzngzuphoz.supabase.co/rest/v1/articles?select=article_id&original_url=eq.https%3A%2F%2Fnews.google.com%2Frss%2Farticles%2FCBMiSEFVX3lxTE1mczBWYm0wOEU3a2NSanExQ0V5ZjNDWmZhNURubTVxcmJDRUNjLXZzT1JmT2JlbVYwUjlWY0dxNXgxRW5ueHdveA%3Foc%3D5 "HTTP/2 200 OK"
2026-08-21 17:40:52,327 [INFO] HTTP Request: GET https://wafeeknfpzjzngzuphoz.supabase.co/rest/v1/articles?select=article_id&original_url=eq.https%3A%2F%2Fnews.google.com%2Frss%2Farticles%2FCBMijgFBVV95cUxPaXVvNUlaeE5USjVKOGE5WEpLRDA2Y0c4Z3hONXZLaXc3X2IySmlzMy1kSExBUzNRMlY5dmUyNWNnX295R0tucnRKUi1aUnJsMjkzUllJWGdzbHVtajMyVG5pWW81YUxVbzhRQUh1T3E4bTJaU3AtRlFzQ0RjUzFxc1BqMkZpNGRwVUhXTi1R%3Foc%3D5 "HTTP/2 200 OK"
2026-08-21 17:40:52,348 [INFO] HTTP Request: GET https://wafeeknfpzjzngzuphoz.supabase.co/rest/v1/articles?select=article_id&original_url=eq.https%3A%2F%2Fnews.google.com%2Frss%2Farticles%2FCBMib0FVX3lxTE1GYWxwbEp6YTFrUExYQ3J0aW1aVkdtTFptSlNqZ3dsWEdlLXI2RnJyb3UwQVhHWURDamk2UXE5N1dIMzQxZkxOT0R0V1gyUHRkYWhqdWgycHU4WHNXa2QtTUVReFpLbWZoZWlmS09nWQ%3Foc%3D5 "HTTP/2 200 OK"
2026-08-21 17:40:52,367 [INFO] HTTP Request: GET https://wafeeknfpzjzngzuphoz.supabase.co/rest/v1/articles?select=article_id&original_url=eq.https%3A%2F%2Fnews.google.com%2Frss%2Farticles%2FCBMiT0FVX3lxTFAzaWZPNVkxUlpVVTkzeEkyZURXNHppRWFtYkVEeUFCaDhTeVJFS0VubHd5Tjd6U09KRGI3ZDZYTXFNWWRQeHk5Q1F2eTlzeDQ%3Foc%3D5 "HTTP/2 200 OK"
2026-08-21 17:40:52,386 [INFO] HTTP Request: GET https://wafeeknfpzjzngzuphoz.supabase.co/rest/v1/articles?select=article_id&original_url=eq.https%3A%2F%2Fnews.google.com%2Frss%2Farticles%2FCBMiiAFBVV95cUxPcUNMUVl5OG0ydkJSb2c3eVJiLXNNdFYzQno4XzkyYzl2d2lvLUNnYzBzb1lqaHBxNzZtSXBuNzc0dlpfSHZuTC1TeG16RU1OQUhBUDFHaDVRQjB5bVBWazRINWdMZm1hYXpfOURrZzlQV1Ayb3ViWTRLZUl3eGdvdDY3WVVMNExo%3Foc%3D5 "HTTP/2 200 OK"
2026-08-21 17:40:52,410 [INFO] HTTP Request: GET https://wafeeknfpzjzngzuphoz.supabase.co/rest/v1/articles?select=article_id&original_url=eq.https%3A%2F%2Fnews.google.com%2Frss%2Farticles%2FCBMiWEFVX3lxTFBvd3pDNkp0cF9pMEIwd3lGQTg4VDE1VUVKREgtdEZRVUVuamgtZk5pNTlDM25oSnZCYVh1eENCQ1A0djlaYWdJU3RGWXdyakFlV2E3b1NZUEHSAV5BVV95cUxOMk1seVBkRzVWbHJUaW1IRzY4bTIyS1NEQnlMbzM2V1pPdW00N0pnazJTRW1sRF9QV3h3ZExUb0RDWU1HVGVGR2hwYW1WTzN3ZGVPX2NweG00ZDVUX3pR%3Foc%3D5 "HTTP/2 200 OK"
2026-08-21 17:40:52,428 [INFO] HTTP Request: GET https://wafeeknfpzjzngzuphoz.supabase.co/rest/v1/articles?select=article_id&original_url=eq.https%3A%2F%2Fnews.google.com%2Frss%2Farticles%2FCBMic0FVX3lxTE1WUnZtUmtkcS1Ec0ppZVV4WjBnNWswaTlPY1JsOXJaWkVaai1kdjdsSXNFY2tTM2hybFJGT3pnLUZUSEp3eHYzVGtYbkhsZEYxdTRhb2JQTXd5Z1I2YXROYlhQN3d6QWJZNHNhZjZreWp3YmM%3Foc%3D5 "HTTP/2 200 OK"
2026-08-21 17:40:53,035 [INFO] HTTP Request: GET https://wafeeknfpzjzngzuphoz.supabase.co/rest/v1/articles?select=article_id&original_url=eq.https%3A%2F%2Fnews.google.com%2Frss%2Farticles%2FCBMiT0FVX3lxTE5pT2NxbXJmajNtcGRxTHZNcjlXazcwQ29IeGNUN0F3X2dUOWV2S1dDVHMyZUtrdWNoLWhXZHJ0SlJLRUNfcUNjMXR5MUpYTzQ%3Foc%3D5 "HTTP/2 200 OK"
2026-08-21 17:40:53,056 [INFO] HTTP Request: GET https://wafeeknfpzjzngzuphoz.supabase.co/rest/v1/articles?select=article_id&original_url=eq.https%3A%2F%2Fnews.google.com%2Frss%2Farticles%2FCBMiWkFVX3lxTE95SGFjUDdLYVhPYXBjSXRhelZMMndBZXdkQTR0dTNvRG82U1hRbTVweUJveVVyYUtnR3dOREt5WDFjOVdVQnd0VWlLU0k2cTVDdUprWENTaTREUdIBX0FVX3lxTE1ITGZzcjlrQkNDWDE3RnBpdXVPV2RtVXNKT3NUUzRVcWYzSk5mRW92cWs2X09aVVNNeTZyYlhkekY2OUQ1UWwzcUJFY1hiTFgwU2hVS0xLWXZlVXFheFhJ%3Foc%3D5 "HTTP/2 200 OK"
2026-08-21 17:40:53,075 [INFO] HTTP Request: GET https://wafeeknfpzjzngzuphoz.supabase.co/rest/v1/articles?select=article_id&original_url=eq.https%3A%2F%2Fnews.google.com%2Frss%2Farticles%2FCBMiWkFVX3lxTE1sa0hTYXF5WDhTS1pzWXBMWVVsYnpCNW1MTkpKc19lcmhuelEzdTJVSDlwNkVzMTIxWUdpRlBMSC1oNGN4R2xPSlN3V0poR2RGa0pvbUZvMVdhUdIBWEFVX3lxTE1OR2llcHJQMTBTaDBNVVVkT3cwd0xfQWJ4b2VRcmtFSnNNUE1JZjMtZUhld0lqRDdOYjM2b1JSVk5UT1JwM0F1OS1OaWZIbTdKQ3Ixck10LUc%3Foc%3D5 "HTTP/2 200 OK"
2026-08-21 17:40:53,094 [INFO] HTTP Request: GET https://wafeeknfpzjzngzuphoz.supabase.co/rest/v1/articles?select=article_id&original_url=eq.https%3A%2F%2Fnews.google.com%2Frss%2Farticles%2FCBMiXEFVX3lxTE9FTkJLTmFvLVJJem5NckxBWUJfVW5BWklBd1ExZjFhbF85NzFRR21HRTBCbHI3QWs0blN0aDhiVTNMX2xmN2ZVdER5dGV3LWNPUFFxMHJMM1RjRnJa%3Foc%3D5 "HTTP/2 200 OK"
2026-08-21 17:40:53,122 [INFO] HTTP Request: GET https://wafeeknfpzjzngzuphoz.supabase.co/rest/v1/articles?select=article_id&original_url=eq.https%3A%2F%2Fnews.google.com%2Frss%2Farticles%2FCBMiYkFVX3lxTE1FdWNubjI3UUxJLVFiMm13dGVzQ3NVUEdxRnUzTkpzSTRmQ3RySWtyYU9Nb05xbFJxUmNlazQ0VHdyNXg0d0toelUyZ2I1ODFBMGR4M09WSkY3Y3B5SEtEdTNB%3Foc%3D5 "HTTP/2 200 OK"
2026-08-21 17:40:53,141 [INFO] HTTP Request: GET https://wafeeknfpzjzngzuphoz.supabase.co/rest/v1/articles?select=article_id&original_url=eq.https%3A%2F%2Fnews.google.com%2Frss%2Farticles%2FCBMihAFBVV95cUxQOHc5V0xHTzhmMnc0bzNvbHdpU0Q1RjZPVjl6Z3hRTkpYYlRqWDEyZlQ5WnhORG56Ry1zNkQySWtQclFnTmlTeDZZcnFUckhka29Ed2RFTXZaaXhQX3FOQWJaOThFQUlTNzVwMTdzUFVRcml6b1hkS2R2M09NU2tuazFBaFA%3Foc%3D5 "HTTP/2 200 OK"
2026-08-21 17:40:53,160 [INFO] HTTP Request: GET https://wafeeknfpzjzngzuphoz.supabase.co/rest/v1/articles?select=article_id&original_url=eq.https%3A%2F%2Fnews.google.com%2Frss%2Farticles%2FCBMiVkFVX3lxTE1QNVk5ZkUyd3ZRRzBMU0VVZlVBRDZFYVltVFZLc0t6VzVlbFlsVGNnVFh1UWdTazFGd3VvMWdYWGlrUWNwSGFnODFQa2l2NlNLN2dEZHp3%3Foc%3D5 "HTTP/2 200 OK"
2026-08-21 17:40:53,182 [INFO] HTTP Request: GET https://wafeeknfpzjzngzuphoz.supabase.co/rest/v1/articles?select=article_id&original_url=eq.https%3A%2F%2Fnews.google.com%2Frss%2Farticles%2FCBMic0FVX3lxTE1kZmtaTGNLYUhmOEdnTXBqTm13b3ZKNXk1MS0xU3ZKWl9fTm5yc3hrNDRaeUF1TkF6WFFDU3QzZG0yTkNQbzZGbDNPMG1xU1ByeFZaSHhEOG9vZ09ZSDFtVXBILTVGd2dobFZfNnZzWk1kdUHSAXdBVV95cUxQcHR3Y092blBPc202b1JaOHh5ZFl1Vkw2NnRzdmNuRXBpYUpOQkc5NkpkMUFpWl9aN2VxVlZFSmZXSzdPOFhacHJjWXV6Unp2cGRVVUNCNFdJYjZ3bDZ1OTFDUXRFWXVHa0Uwa1dUUE43RlJvQ2Ztdw%3Foc%3D5 "HTTP/2 200 OK"
2026-08-21 17:40:53,202 [INFO] HTTP Request: GET https://wafeeknfpzjzngzuphoz.supabase.co/rest/v1/articles?select=article_id&original_url=eq.https%3A%2F%2Fnews.google.com%2Frss%2Farticles%2FCBMiaEFVX3lxTE9GdVM2T3VXYmhMWGxqSlFwREc5VzExOWpSWU1rNE5KY1VLTUlGcHJJZFVtdlBCSm0tclpMMWZINTJucnJObW05UXQxbDZ3aXJRNVBLVFgtUnFiWF9WRFh2YlphbUh4VGNP0gFsQVVfeXFMUFF2cUJROC1HMnpmNGNUVkJNa3htd2NsYk5CUzRTWjBGZkVwRXpKWWlFU2F5bVN3ZFNiai1aeU5SN1ZOWmZvRmJ6UTFrUzRqU2F6R0s0TEFtWl9CVXdzT3ZXdnRqU2hObS00enhK%3Foc%3D5 "HTTP/2 200 OK"
2026-08-21 17:40:53,221 [INFO] HTTP Request: GET https://wafeeknfpzjzngzuphoz.supabase.co/rest/v1/articles?select=article_id&original_url=eq.https%3A%2F%2Fnews.google.com%2Frss%2Farticles%2FCBMic0FVX3lxTE9EdUhvQV9xVlE2WER4QWV0NWx0ajRpbVBOR1VCclR2dkZpS21EakV2a1VFUVFuSmdjN2tLS0I4eWhXV2hIMjFFZ191Z09sNmFvZTY4ZFNYNzdBcmlWWmFhWHBuYlJ3eE03M245V19KMnFFRFk%3Foc%3D5 "HTTP/2 200 OK"
2026-08-21 17:40:53,349 [INFO] HTTP Request: GET https://wafeeknfpzjzngzuphoz.supabase.co/rest/v1/articles?select=article_id&original_url=eq.https%3A%2F%2Fyozm.wishket.com%2Fmagazine%2Fdetail%2F3908 "HTTP/2 200 OK"
2026-08-21 17:40:53,376 [INFO] HTTP Request: GET https://wafeeknfpzjzngzuphoz.supabase.co/rest/v1/articles?select=article_id&original_url=eq.https%3A%2F%2Fyozm.wishket.com%2Fmagazine%2Fdetail%2F3907 "HTTP/2 200 OK"
2026-08-21 17:40:53,402 [INFO] HTTP Request: GET https://wafeeknfpzjzngzuphoz.supabase.co/rest/v1/articles?select=article_id&original_url=eq.https%3A%2F%2Fyozm.wishket.com%2Fmagazine%2Fdetail%2F3906 "HTTP/2 200 OK"
2026-08-21 17:40:53,424 [INFO] HTTP Request: GET https://wafeeknfpzjzngzuphoz.supabase.co/rest/v1/articles?select=article_id&original_url=eq.https%3A%2F%2Fyozm.wishket.com%2Fmagazine%2Fdetail%2F3905 "HTTP/2 200 OK"
2026-08-21 17:40:53,444 [INFO] HTTP Request: GET https://wafeeknfpzjzngzuphoz.supabase.co/rest/v1/articles?select=article_id&original_url=eq.https%3A%2F%2Fyozm.wishket.com%2Fmagazine%2Fdetail%2F3904 "HTTP/2 200 OK"
2026-08-21 17:40:53,462 [INFO] HTTP Request: GET https://wafeeknfpzjzngzuphoz.supabase.co/rest/v1/articles?select=article_id&original_url=eq.https%3A%2F%2Fyozm.wishket.com%2Fmagazine%2Fdetail%2F3903 "HTTP/2 200 OK"
2026-08-21 17:40:53,481 [INFO] HTTP Request: GET https://wafeeknfpzjzngzuphoz.supabase.co/rest/v1/articles?select=article_id&original_url=eq.https%3A%2F%2Fyozm.wishket.com%2Fmagazine%2Fdetail%2F3902 "HTTP/2 200 OK"
2026-08-21 17:40:53,500 [INFO] HTTP Request: GET https://wafeeknfpzjzngzuphoz.supabase.co/rest/v1/articles?select=article_id&original_url=eq.https%3A%2F%2Fyozm.wishket.com%2Fmagazine%2Fdetail%2F3901 "HTTP/2 200 OK"
2026-08-21 17:40:53,519 [INFO] HTTP Request: GET https://wafeeknfpzjzngzuphoz.supabase.co/rest/v1/articles?select=article_id&original_url=eq.https%3A%2F%2Fyozm.wishket.com%2Fmagazine%2Fdetail%2F3900 "HTTP/2 200 OK"
2026-08-21 17:40:53,540 [INFO] HTTP Request: GET https://wafeeknfpzjzngzuphoz.supabase.co/rest/v1/articles?select=article_id&original_url=eq.https%3A%2F%2Fyozm.wishket.com%2Fmagazine%2Fdetail%2F3899 "HTTP/2 200 OK"
2026-08-21 17:40:53,902 [INFO] HTTP Request: GET https://wafeeknfpzjzngzuphoz.supabase.co/rest/v1/articles?select=article_id&original_url=eq.https%3A%2F%2Ftechblog.woowahan.com%2F26876%2F "HTTP/2 200 OK"
2026-08-21 17:40:53,923 [INFO] HTTP Request: GET https://wafeeknfpzjzngzuphoz.supabase.co/rest/v1/articles?select=article_id&original_url=eq.https%3A%2F%2Ftechblog.woowahan.com%2F26777%2F "HTTP/2 200 OK"
2026-08-21 17:40:53,942 [INFO] HTTP Request: GET https://wafeeknfpzjzngzuphoz.supabase.co/rest/v1/articles?select=article_id&original_url=eq.https%3A%2F%2Ftechblog.woowahan.com%2F26729%2F "HTTP/2 200 OK"
2026-08-21 17:40:53,963 [INFO] HTTP Request: GET https://wafeeknfpzjzngzuphoz.supabase.co/rest/v1/articles?select=article_id&original_url=eq.https%3A%2F%2Ftechblog.woowahan.com%2F26507%2F "HTTP/2 200 OK"
2026-08-21 17:40:53,981 [INFO] HTTP Request: GET https://wafeeknfpzjzngzuphoz.supabase.co/rest/v1/articles?select=article_id&original_url=eq.https%3A%2F%2Ftechblog.woowahan.com%2F26624%2F "HTTP/2 200 OK"
2026-08-21 17:40:54,000 [INFO] HTTP Request: GET https://wafeeknfpzjzngzuphoz.supabase.co/rest/v1/articles?select=article_id&original_url=eq.https%3A%2F%2Ftechblog.woowahan.com%2F26492%2F "HTTP/2 200 OK"
2026-08-21 17:40:54,019 [INFO] HTTP Request: GET https://wafeeknfpzjzngzuphoz.supabase.co/rest/v1/articles?select=article_id&original_url=eq.https%3A%2F%2Ftechblog.woowahan.com%2F26459%2F "HTTP/2 200 OK"
2026-08-21 17:40:54,037 [INFO] HTTP Request: GET https://wafeeknfpzjzngzuphoz.supabase.co/rest/v1/articles?select=article_id&original_url=eq.https%3A%2F%2Ftechblog.woowahan.com%2F26379%2F "HTTP/2 200 OK"
2026-08-21 17:40:54,056 [INFO] HTTP Request: GET https://wafeeknfpzjzngzuphoz.supabase.co/rest/v1/articles?select=article_id&original_url=eq.https%3A%2F%2Ftechblog.woowahan.com%2F26388%2F "HTTP/2 200 OK"
2026-08-21 17:40:54,074 [INFO] HTTP Request: GET https://wafeeknfpzjzngzuphoz.supabase.co/rest/v1/articles?select=article_id&original_url=eq.https%3A%2F%2Ftechblog.woowahan.com%2F26319%2F "HTTP/2 200 OK"
2026-08-21 17:40:54,193 [INFO] HTTP Request: GET https://wafeeknfpzjzngzuphoz.supabase.co/rest/v1/articles?select=article_id&original_url=eq.https%3A%2F%2Ftech.kakao.com%2Fposts%2F829 "HTTP/2 200 OK"
2026-08-21 17:40:54,219 [INFO] HTTP Request: GET https://wafeeknfpzjzngzuphoz.supabase.co/rest/v1/articles?select=article_id&original_url=eq.https%3A%2F%2Ftech.kakao.com%2Fposts%2F828 "HTTP/2 200 OK"
2026-08-21 17:40:54,237 [INFO] HTTP Request: GET https://wafeeknfpzjzngzuphoz.supabase.co/rest/v1/articles?select=article_id&original_url=eq.https%3A%2F%2Ftech.kakao.com%2Fposts%2F827 "HTTP/2 200 OK"
2026-08-21 17:40:54,257 [INFO] HTTP Request: GET https://wafeeknfpzjzngzuphoz.supabase.co/rest/v1/articles?select=article_id&original_url=eq.https%3A%2F%2Ftech.kakao.com%2Fposts%2F826 "HTTP/2 200 OK"
2026-08-21 17:40:54,279 [INFO] HTTP Request: GET https://wafeeknfpzjzngzuphoz.supabase.co/rest/v1/articles?select=article_id&original_url=eq.https%3A%2F%2Ftech.kakao.com%2Fposts%2F825 "HTTP/2 200 OK"
2026-08-21 17:40:54,297 [INFO] HTTP Request: GET https://wafeeknfpzjzngzuphoz.supabase.co/rest/v1/articles?select=article_id&original_url=eq.https%3A%2F%2Ftech.kakao.com%2Fposts%2F824 "HTTP/2 200 OK"
2026-08-21 17:40:54,316 [INFO] HTTP Request: GET https://wafeeknfpzjzngzuphoz.supabase.co/rest/v1/articles?select=article_id&original_url=eq.https%3A%2F%2Ftech.kakao.com%2Fposts%2F823 "HTTP/2 200 OK"
2026-08-21 17:40:54,338 [INFO] HTTP Request: GET https://wafeeknfpzjzngzuphoz.supabase.co/rest/v1/articles?select=article_id&original_url=eq.https%3A%2F%2Ftech.kakao.com%2Fposts%2F818 "HTTP/2 200 OK"
2026-08-21 17:40:54,357 [INFO] HTTP Request: GET https://wafeeknfpzjzngzuphoz.supabase.co/rest/v1/articles?select=article_id&original_url=eq.https%3A%2F%2Ftech.kakao.com%2Fposts%2F822 "HTTP/2 200 OK"
2026-08-21 17:40:54,377 [INFO] HTTP Request: GET https://wafeeknfpzjzngzuphoz.supabase.co/rest/v1/articles?select=article_id&original_url=eq.https%3A%2F%2Ftech.kakao.com%2Fposts%2F821 "HTTP/2 200 OK"
2026-08-21 17:40:54,409 [INFO] HTTP Request: GET https://wafeeknfpzjzngzuphoz.supabase.co/rest/v1/articles?select=article_id%2Csource_id%2Ccategory_id%2Coriginal_url%2Ctitle%2Csummary%2Csources%28name%2Ctype%2Creliability_score%29%2Ccategories%28name%29&collected_at=gte.2026-08-21T00%3A00%3A00 "HTTP/2 200 OK"
2026-08-21 17:40:54,443 [INFO] HTTP Request: GET https://wafeeknfpzjzngzuphoz.supabase.co/rest/v1/users?select=user_id%2Cemail "HTTP/2 200 OK"
2026-08-21 17:40:54,463 [INFO] HTTP Request: GET https://wafeeknfpzjzngzuphoz.supabase.co/rest/v1/user_sources?select=source_id&user_id=eq.1 "HTTP/2 200 OK"
2026-08-21 17:40:54,486 [INFO] HTTP Request: GET https://wafeeknfpzjzngzuphoz.supabase.co/rest/v1/subscriptions?select=category_id&user_id=eq.1&is_active=eq.True "HTTP/2 200 OK"
2026-08-21 17:40:54,506 [INFO] HTTP Request: GET https://wafeeknfpzjzngzuphoz.supabase.co/rest/v1/digests?select=digest_id&user_id=eq.1&digest_date=eq.2026-08-21 "HTTP/2 200 OK"
2026-08-21 17:40:54,525 [INFO] HTTP Request: POST https://wafeeknfpzjzngzuphoz.supabase.co/rest/v1/digests "HTTP/2 400 Bad Request"
2026-08-21 17:40:54,526 [ERROR] ❌ 사용자 ID 1의 digests 테이블 저장 오류: {'message': "Could not find the 'url' column of 'digests' in the schema cache", 'code': 'PGRST204', 'hint': None, 'details': None}
2026-08-21 17:40:54,526 [INFO] 📄 사용자(koreajjangboy@gmail.com) 개인 다이제스트 생성 완료: news/koreajjangboy_at_gmail_com/2026-08-21.html
2026-08-21 17:40:54,526 [INFO] ✅ 총 0개 신규 기사 DB 저장 및 개인별 다이제스트 생성 완료

2026-08-21 17:41:39,018 [INFO] ⚡ [--now] 옵션 감지: 즉시 수집 작업을 실행합니다.
2026-08-21 17:41:39,018 [INFO] 🚀 [Start] RSS 피드 수집 및 DB 저장 시작
2026-08-21 17:41:39,098 [INFO] HTTP Request: GET https://wafeeknfpzjzngzuphoz.supabase.co/rest/v1/sources?select=source_id%2Cname%2Curl "HTTP/2 200 OK"
2026-08-21 17:41:39,123 [INFO] HTTP Request: GET https://wafeeknfpzjzngzuphoz.supabase.co/rest/v1/categories?select=category_id%2Cname&is_active=eq.True "HTTP/2 200 OK"
2026-08-21 17:41:39,594 [INFO] HTTP Request: GET https://wafeeknfpzjzngzuphoz.supabase.co/rest/v1/articles?select=article_id&original_url=eq.https%3A%2F%2Fopenai.com%2Findex%2Fintroducing-ai-futures "HTTP/2 200 OK"
2026-08-21 17:41:39,612 [INFO] HTTP Request: GET https://wafeeknfpzjzngzuphoz.supabase.co/rest/v1/articles?select=article_id&original_url=eq.https%3A%2F%2Fopenai.com%2Findex%2Fstampli "HTTP/2 200 OK"
2026-08-21 17:41:39,630 [INFO] HTTP Request: GET https://wafeeknfpzjzngzuphoz.supabase.co/rest/v1/articles?select=article_id&original_url=eq.https%3A%2F%2Fopenai.com%2Findex%2Foffering-zero-data-retention-for-frontier-models "HTTP/2 200 OK"
2026-08-21 17:41:39,648 [INFO] HTTP Request: GET https://wafeeknfpzjzngzuphoz.supabase.co/rest/v1/articles?select=article_id&original_url=eq.https%3A%2F%2Fopenai.com%2Findex%2Freplit "HTTP/2 200 OK"
2026-08-21 17:41:39,667 [INFO] HTTP Request: GET https://wafeeknfpzjzngzuphoz.supabase.co/rest/v1/articles?select=article_id&original_url=eq.https%3A%2F%2Fopenai.com%2Findex%2Fchatgpt-ads-expands-across-europe "HTTP/2 200 OK"
2026-08-21 17:41:39,684 [INFO] HTTP Request: GET https://wafeeknfpzjzngzuphoz.supabase.co/rest/v1/articles?select=article_id&original_url=eq.https%3A%2F%2Fopenai.com%2Findex%2Fstrengthening-democratic-oversight-in-national-security "HTTP/2 200 OK"
2026-08-21 17:41:39,703 [INFO] HTTP Request: GET https://wafeeknfpzjzngzuphoz.supabase.co/rest/v1/articles?select=article_id&original_url=eq.https%3A%2F%2Fopenai.com%2Findex%2Fpartnering-with-codeai "HTTP/2 200 OK"
2026-08-21 17:41:39,722 [INFO] HTTP Request: GET https://wafeeknfpzjzngzuphoz.supabase.co/rest/v1/articles?select=article_id&original_url=eq.https%3A%2F%2Fopenai.com%2Findex%2Fpacing-model-development-cyber-capabilities "HTTP/2 200 OK"
2026-08-21 17:41:39,742 [INFO] HTTP Request: GET https://wafeeknfpzjzngzuphoz.supabase.co/rest/v1/articles?select=article_id&original_url=eq.https%3A%2F%2Fopenai.com%2Findex%2Fchatgpt-for-teens "HTTP/2 200 OK"
2026-08-21 17:41:39,761 [INFO] HTTP Request: GET https://wafeeknfpzjzngzuphoz.supabase.co/rest/v1/articles?select=article_id&original_url=eq.https%3A%2F%2Fopenai.com%2Findex%2Fnvidia%2Fchatgpt-work "HTTP/2 200 OK"
2026-08-21 17:41:40,581 [INFO] HTTP Request: GET https://wafeeknfpzjzngzuphoz.supabase.co/rest/v1/articles?select=article_id&original_url=eq.https%3A%2F%2Fblog.google%2Fproducts-and-platforms%2Fproducts%2Fsearch%2Fback-to-school-study-tools%2F "HTTP/2 200 OK"
2026-08-21 17:41:40,599 [INFO] HTTP Request: GET https://wafeeknfpzjzngzuphoz.supabase.co/rest/v1/articles?select=article_id&original_url=eq.https%3A%2F%2Fblog.google%2Fproducts-and-platforms%2Fproducts%2Fgemini%2Fgoogle-gemini-pixel-football-club-partnerships%2F "HTTP/2 200 OK"
2026-08-21 17:41:40,634 [INFO] HTTP Request: GET https://wafeeknfpzjzngzuphoz.supabase.co/rest/v1/articles?select=article_id&original_url=eq.https%3A%2F%2Fblog.google%2Fproducts-and-platforms%2Fproducts%2Fworkspace%2Fsheets-canvas-for-google-sheets-spreadsheets%2F "HTTP/2 200 OK"
2026-08-21 17:41:40,652 [INFO] HTTP Request: GET https://wafeeknfpzjzngzuphoz.supabase.co/rest/v1/articles?select=article_id&original_url=eq.https%3A%2F%2Fblog.google%2Finnovation-and-ai%2Fmodels-and-research%2Fgoogle-research%2Famie-video-consultations%2F "HTTP/2 200 OK"
2026-08-21 17:41:40,670 [INFO] HTTP Request: GET https://wafeeknfpzjzngzuphoz.supabase.co/rest/v1/articles?select=article_id&original_url=eq.https%3A%2F%2Fblog.google%2Fproducts%2Fads-commerce%2Fgoogle-ads-analytics-ai-updates%2F "HTTP/2 200 OK"
2026-08-21 17:41:40,690 [INFO] HTTP Request: GET https://wafeeknfpzjzngzuphoz.supabase.co/rest/v1/articles?select=article_id&original_url=eq.https%3A%2F%2Fblog.google%2Finnovation-and-ai%2Ftechnology%2Fai%2Fgoogle-ai-updates-july-2026%2F "HTTP/2 200 OK"
2026-08-21 17:41:40,708 [INFO] HTTP Request: GET https://wafeeknfpzjzngzuphoz.supabase.co/rest/v1/articles?select=article_id&original_url=eq.https%3A%2F%2Fblog.google%2Finnovation-and-ai%2Ftechnology%2Fdevelopers-tools%2Fai-agents-intensive-recap-2026%2F "HTTP/2 200 OK"
2026-08-21 17:41:40,726 [INFO] HTTP Request: GET https://wafeeknfpzjzngzuphoz.supabase.co/rest/v1/articles?select=article_id&original_url=eq.https%3A%2F%2Fblog.google%2Finnovation-and-ai%2Ftechnology%2Fdevelopers-tools%2Fexpanding-managed-agents-gemini-api-3-6-flash-hooks%2F "HTTP/2 200 OK"
2026-08-21 17:41:40,746 [INFO] HTTP Request: GET https://wafeeknfpzjzngzuphoz.supabase.co/rest/v1/articles?select=article_id&original_url=eq.https%3A%2F%2Fblog.google%2Fproducts-and-platforms%2Fproducts%2Fsearch%2Fai-mode-real-world-tips%2F "HTTP/2 200 OK"
2026-08-21 17:41:40,768 [INFO] HTTP Request: GET https://wafeeknfpzjzngzuphoz.supabase.co/rest/v1/articles?select=article_id&original_url=eq.https%3A%2F%2Fblog.google%2Fproducts-and-platforms%2Fproducts%2Fsearch%2Fdinner-party-hosting-tips%2F "HTTP/2 200 OK"
2026-08-21 17:41:41,736 [INFO] HTTP Request: GET https://wafeeknfpzjzngzuphoz.supabase.co/rest/v1/articles?select=article_id&original_url=eq.https%3A%2F%2Fnews.hada.io%2Ftopic%3Fid%3D32723 "HTTP/2 200 OK"
2026-08-21 17:41:41,755 [INFO] HTTP Request: GET https://wafeeknfpzjzngzuphoz.supabase.co/rest/v1/articles?select=article_id&original_url=eq.https%3A%2F%2Fnews.hada.io%2Farticle%2Fopenrouter-is-not-just-a-proxy "HTTP/2 200 OK"
2026-08-21 17:41:41,774 [INFO] HTTP Request: GET https://wafeeknfpzjzngzuphoz.supabase.co/rest/v1/articles?select=article_id&original_url=eq.https%3A%2F%2Fnews.hada.io%2Ftopic%3Fid%3D32720 "HTTP/2 200 OK"
2026-08-21 17:41:41,793 [INFO] HTTP Request: GET https://wafeeknfpzjzngzuphoz.supabase.co/rest/v1/articles?select=article_id&original_url=eq.https%3A%2F%2Fnews.hada.io%2Ftopic%3Fid%3D32719 "HTTP/2 200 OK"
2026-08-21 17:41:41,811 [INFO] HTTP Request: GET https://wafeeknfpzjzngzuphoz.supabase.co/rest/v1/articles?select=article_id&original_url=eq.https%3A%2F%2Fnews.hada.io%2Ftopic%3Fid%3D32717 "HTTP/2 200 OK"
2026-08-21 17:41:41,850 [INFO] HTTP Request: GET https://wafeeknfpzjzngzuphoz.supabase.co/rest/v1/articles?select=article_id&original_url=eq.https%3A%2F%2Fnews.hada.io%2Ftopic%3Fid%3D32716 "HTTP/2 200 OK"
2026-08-21 17:41:41,868 [INFO] HTTP Request: GET https://wafeeknfpzjzngzuphoz.supabase.co/rest/v1/articles?select=article_id&original_url=eq.https%3A%2F%2Fnews.hada.io%2Ftopic%3Fid%3D32715 "HTTP/2 200 OK"
2026-08-21 17:41:41,890 [INFO] HTTP Request: GET https://wafeeknfpzjzngzuphoz.supabase.co/rest/v1/articles?select=article_id&original_url=eq.https%3A%2F%2Fnews.hada.io%2Ftopic%3Fid%3D32714 "HTTP/2 200 OK"
2026-08-21 17:41:41,909 [INFO] HTTP Request: GET https://wafeeknfpzjzngzuphoz.supabase.co/rest/v1/articles?select=article_id&original_url=eq.https%3A%2F%2Fnews.hada.io%2Ftopic%3Fid%3D32713 "HTTP/2 200 OK"
2026-08-21 17:41:41,930 [INFO] HTTP Request: GET https://wafeeknfpzjzngzuphoz.supabase.co/rest/v1/articles?select=article_id&original_url=eq.https%3A%2F%2Fnews.hada.io%2Ftopic%3Fid%3D32712 "HTTP/2 200 OK"
2026-08-21 17:41:42,021 [INFO] HTTP Request: GET https://wafeeknfpzjzngzuphoz.supabase.co/rest/v1/articles?select=article_id&original_url=eq.https%3A%2F%2Fwww.aitimes.com%2Fnews%2FarticleView.html%3Fidxno%3D214205 "HTTP/2 200 OK"
2026-08-21 17:41:42,040 [INFO] HTTP Request: GET https://wafeeknfpzjzngzuphoz.supabase.co/rest/v1/articles?select=article_id&original_url=eq.https%3A%2F%2Fwww.aitimes.com%2Fnews%2FarticleView.html%3Fidxno%3D214214 "HTTP/2 200 OK"
2026-08-21 17:41:42,061 [INFO] HTTP Request: GET https://wafeeknfpzjzngzuphoz.supabase.co/rest/v1/articles?select=article_id&original_url=eq.https%3A%2F%2Fwww.aitimes.com%2Fnews%2FarticleView.html%3Fidxno%3D214213 "HTTP/2 200 OK"
2026-08-21 17:41:42,079 [INFO] HTTP Request: GET https://wafeeknfpzjzngzuphoz.supabase.co/rest/v1/articles?select=article_id&original_url=eq.https%3A%2F%2Fwww.aitimes.com%2Fnews%2FarticleView.html%3Fidxno%3D214226 "HTTP/2 200 OK"
2026-08-21 17:41:42,099 [INFO] HTTP Request: GET https://wafeeknfpzjzngzuphoz.supabase.co/rest/v1/articles?select=article_id&original_url=eq.https%3A%2F%2Fwww.aitimes.com%2Fnews%2FarticleView.html%3Fidxno%3D214189 "HTTP/2 200 OK"
2026-08-21 17:41:42,121 [INFO] HTTP Request: GET https://wafeeknfpzjzngzuphoz.supabase.co/rest/v1/articles?select=article_id&original_url=eq.https%3A%2F%2Fwww.aitimes.com%2Fnews%2FarticleView.html%3Fidxno%3D214222 "HTTP/2 200 OK"
2026-08-21 17:41:42,141 [INFO] HTTP Request: GET https://wafeeknfpzjzngzuphoz.supabase.co/rest/v1/articles?select=article_id&original_url=eq.https%3A%2F%2Fwww.aitimes.com%2Fnews%2FarticleView.html%3Fidxno%3D214223 "HTTP/2 200 OK"
2026-08-21 17:41:42,168 [INFO] HTTP Request: GET https://wafeeknfpzjzngzuphoz.supabase.co/rest/v1/articles?select=article_id&original_url=eq.https%3A%2F%2Fwww.aitimes.com%2Fnews%2FarticleView.html%3Fidxno%3D214219 "HTTP/2 200 OK"
2026-08-21 17:41:42,193 [INFO] HTTP Request: GET https://wafeeknfpzjzngzuphoz.supabase.co/rest/v1/articles?select=article_id&original_url=eq.https%3A%2F%2Fwww.aitimes.com%2Fnews%2FarticleView.html%3Fidxno%3D214228 "HTTP/2 200 OK"
2026-08-21 17:41:42,212 [INFO] HTTP Request: GET https://wafeeknfpzjzngzuphoz.supabase.co/rest/v1/articles?select=article_id&original_url=eq.https%3A%2F%2Fwww.aitimes.com%2Fnews%2FarticleView.html%3Fidxno%3D214224 "HTTP/2 200 OK"
2026-08-21 17:41:42,408 [INFO] HTTP Request: GET https://wafeeknfpzjzngzuphoz.supabase.co/rest/v1/articles?select=article_id&original_url=eq.https%3A%2F%2Fnews.google.com%2Frss%2Farticles%2FCBMiXEFVX3lxTE9DWXkyN3hhUDFHR0tCMXdpVkt3OTAyS1dBUUN6QXBKTEpMOF9SLWJSZkl3VW5FdzE2N1JiYk13NGtFQXNnbjFZZ3Vsd3BZNGJLWDJTdVladTk0bXRi%3Foc%3D5 "HTTP/2 200 OK"
2026-08-21 17:41:42,426 [INFO] HTTP Request: GET https://wafeeknfpzjzngzuphoz.supabase.co/rest/v1/articles?select=article_id&original_url=eq.https%3A%2F%2Fnews.google.com%2Frss%2Farticles%2FCBMiVkFVX3lxTFBlSVhEWDF6dU85X3puVUswSzlXLUx4OXg5b0JZMlJYeHFXcHFsM1FLNEQ4MHQxTjlfRzZMZVhiU0JVTm5nS1paWnhEVXM1RzRmV0hWeWNR%3Foc%3D5 "HTTP/2 200 OK"
2026-08-21 17:41:42,444 [INFO] HTTP Request: GET https://wafeeknfpzjzngzuphoz.supabase.co/rest/v1/articles?select=article_id&original_url=eq.https%3A%2F%2Fnews.google.com%2Frss%2Farticles%2FCBMiX0FVX3lxTE5IRW4zbDg2OG1sYmVhVGhPUmNGaFJ6ZVdGYjNTeEd0eUp5REtWSm1fQ05rdnZFNkVPQVFlcExzYnU2YURSOE9PeHdiMEtCZXdBNkM0OFlOVWxoR1RySU84%3Foc%3D5 "HTTP/2 200 OK"
2026-08-21 17:41:42,462 [INFO] HTTP Request: GET https://wafeeknfpzjzngzuphoz.supabase.co/rest/v1/articles?select=article_id&original_url=eq.https%3A%2F%2Fnews.google.com%2Frss%2Farticles%2FCBMiSEFVX3lxTE1mczBWYm0wOEU3a2NSanExQ0V5ZjNDWmZhNURubTVxcmJDRUNjLXZzT1JmT2JlbVYwUjlWY0dxNXgxRW5ueHdveA%3Foc%3D5 "HTTP/2 200 OK"
2026-08-21 17:41:42,481 [INFO] HTTP Request: GET https://wafeeknfpzjzngzuphoz.supabase.co/rest/v1/articles?select=article_id&original_url=eq.https%3A%2F%2Fnews.google.com%2Frss%2Farticles%2FCBMijgFBVV95cUxPaXVvNUlaeE5USjVKOGE5WEpLRDA2Y0c4Z3hONXZLaXc3X2IySmlzMy1kSExBUzNRMlY5dmUyNWNnX295R0tucnRKUi1aUnJsMjkzUllJWGdzbHVtajMyVG5pWW81YUxVbzhRQUh1T3E4bTJaU3AtRlFzQ0RjUzFxc1BqMkZpNGRwVUhXTi1R%3Foc%3D5 "HTTP/2 200 OK"
2026-08-21 17:41:42,498 [INFO] HTTP Request: GET https://wafeeknfpzjzngzuphoz.supabase.co/rest/v1/articles?select=article_id&original_url=eq.https%3A%2F%2Fnews.google.com%2Frss%2Farticles%2FCBMib0FVX3lxTE1GYWxwbEp6YTFrUExYQ3J0aW1aVkdtTFptSlNqZ3dsWEdlLXI2RnJyb3UwQVhHWURDamk2UXE5N1dIMzQxZkxOT0R0V1gyUHRkYWhqdWgycHU4WHNXa2QtTUVReFpLbWZoZWlmS09nWQ%3Foc%3D5 "HTTP/2 200 OK"
2026-08-21 17:41:42,519 [INFO] HTTP Request: GET https://wafeeknfpzjzngzuphoz.supabase.co/rest/v1/articles?select=article_id&original_url=eq.https%3A%2F%2Fnews.google.com%2Frss%2Farticles%2FCBMiT0FVX3lxTFAzaWZPNVkxUlpVVTkzeEkyZURXNHppRWFtYkVEeUFCaDhTeVJFS0VubHd5Tjd6U09KRGI3ZDZYTXFNWWRQeHk5Q1F2eTlzeDQ%3Foc%3D5 "HTTP/2 200 OK"
2026-08-21 17:41:42,538 [INFO] HTTP Request: GET https://wafeeknfpzjzngzuphoz.supabase.co/rest/v1/articles?select=article_id&original_url=eq.https%3A%2F%2Fnews.google.com%2Frss%2Farticles%2FCBMiiAFBVV95cUxPcUNMUVl5OG0ydkJSb2c3eVJiLXNNdFYzQno4XzkyYzl2d2lvLUNnYzBzb1lqaHBxNzZtSXBuNzc0dlpfSHZuTC1TeG16RU1OQUhBUDFHaDVRQjB5bVBWazRINWdMZm1hYXpfOURrZzlQV1Ayb3ViWTRLZUl3eGdvdDY3WVVMNExo%3Foc%3D5 "HTTP/2 200 OK"
2026-08-21 17:41:42,557 [INFO] HTTP Request: GET https://wafeeknfpzjzngzuphoz.supabase.co/rest/v1/articles?select=article_id&original_url=eq.https%3A%2F%2Fnews.google.com%2Frss%2Farticles%2FCBMiWEFVX3lxTFBvd3pDNkp0cF9pMEIwd3lGQTg4VDE1VUVKREgtdEZRVUVuamgtZk5pNTlDM25oSnZCYVh1eENCQ1A0djlaYWdJU3RGWXdyakFlV2E3b1NZUEHSAV5BVV95cUxOMk1seVBkRzVWbHJUaW1IRzY4bTIyS1NEQnlMbzM2V1pPdW00N0pnazJTRW1sRF9QV3h3ZExUb0RDWU1HVGVGR2hwYW1WTzN3ZGVPX2NweG00ZDVUX3pR%3Foc%3D5 "HTTP/2 200 OK"
2026-08-21 17:41:42,576 [INFO] HTTP Request: GET https://wafeeknfpzjzngzuphoz.supabase.co/rest/v1/articles?select=article_id&original_url=eq.https%3A%2F%2Fnews.google.com%2Frss%2Farticles%2FCBMic0FVX3lxTE1WUnZtUmtkcS1Ec0ppZVV4WjBnNWswaTlPY1JsOXJaWkVaai1kdjdsSXNFY2tTM2hybFJGT3pnLUZUSEp3eHYzVGtYbkhsZEYxdTRhb2JQTXd5Z1I2YXROYlhQN3d6QWJZNHNhZjZreWp3YmM%3Foc%3D5 "HTTP/2 200 OK"
2026-08-21 17:41:42,799 [INFO] HTTP Request: GET https://wafeeknfpzjzngzuphoz.supabase.co/rest/v1/articles?select=article_id&original_url=eq.https%3A%2F%2Fnews.google.com%2Frss%2Farticles%2FCBMiT0FVX3lxTE5pT2NxbXJmajNtcGRxTHZNcjlXazcwQ29IeGNUN0F3X2dUOWV2S1dDVHMyZUtrdWNoLWhXZHJ0SlJLRUNfcUNjMXR5MUpYTzQ%3Foc%3D5 "HTTP/2 200 OK"
2026-08-21 17:41:42,825 [INFO] HTTP Request: GET https://wafeeknfpzjzngzuphoz.supabase.co/rest/v1/articles?select=article_id&original_url=eq.https%3A%2F%2Fnews.google.com%2Frss%2Farticles%2FCBMiWkFVX3lxTE95SGFjUDdLYVhPYXBjSXRhelZMMndBZXdkQTR0dTNvRG82U1hRbTVweUJveVVyYUtnR3dOREt5WDFjOVdVQnd0VWlLU0k2cTVDdUprWENTaTREUdIBX0FVX3lxTE1ITGZzcjlrQkNDWDE3RnBpdXVPV2RtVXNKT3NUUzRVcWYzSk5mRW92cWs2X09aVVNNeTZyYlhkekY2OUQ1UWwzcUJFY1hiTFgwU2hVS0xLWXZlVXFheFhJ%3Foc%3D5 "HTTP/2 200 OK"
2026-08-21 17:41:42,844 [INFO] HTTP Request: GET https://wafeeknfpzjzngzuphoz.supabase.co/rest/v1/articles?select=article_id&original_url=eq.https%3A%2F%2Fnews.google.com%2Frss%2Farticles%2FCBMiWkFVX3lxTE1sa0hTYXF5WDhTS1pzWXBMWVVsYnpCNW1MTkpKc19lcmhuelEzdTJVSDlwNkVzMTIxWUdpRlBMSC1oNGN4R2xPSlN3V0poR2RGa0pvbUZvMVdhUdIBWEFVX3lxTE1OR2llcHJQMTBTaDBNVVVkT3cwd0xfQWJ4b2VRcmtFSnNNUE1JZjMtZUhld0lqRDdOYjM2b1JSVk5UT1JwM0F1OS1OaWZIbTdKQ3Ixck10LUc%3Foc%3D5 "HTTP/2 200 OK"
2026-08-21 17:41:42,862 [INFO] HTTP Request: GET https://wafeeknfpzjzngzuphoz.supabase.co/rest/v1/articles?select=article_id&original_url=eq.https%3A%2F%2Fnews.google.com%2Frss%2Farticles%2FCBMiXEFVX3lxTE9FTkJLTmFvLVJJem5NckxBWUJfVW5BWklBd1ExZjFhbF85NzFRR21HRTBCbHI3QWs0blN0aDhiVTNMX2xmN2ZVdER5dGV3LWNPUFFxMHJMM1RjRnJa%3Foc%3D5 "HTTP/2 200 OK"
2026-08-21 17:41:42,881 [INFO] HTTP Request: GET https://wafeeknfpzjzngzuphoz.supabase.co/rest/v1/articles?select=article_id&original_url=eq.https%3A%2F%2Fnews.google.com%2Frss%2Farticles%2FCBMiYkFVX3lxTE1FdWNubjI3UUxJLVFiMm13dGVzQ3NVUEdxRnUzTkpzSTRmQ3RySWtyYU9Nb05xbFJxUmNlazQ0VHdyNXg0d0toelUyZ2I1ODFBMGR4M09WSkY3Y3B5SEtEdTNB%3Foc%3D5 "HTTP/2 200 OK"
2026-08-21 17:41:42,899 [INFO] HTTP Request: GET https://wafeeknfpzjzngzuphoz.supabase.co/rest/v1/articles?select=article_id&original_url=eq.https%3A%2F%2Fnews.google.com%2Frss%2Farticles%2FCBMihAFBVV95cUxQOHc5V0xHTzhmMnc0bzNvbHdpU0Q1RjZPVjl6Z3hRTkpYYlRqWDEyZlQ5WnhORG56Ry1zNkQySWtQclFnTmlTeDZZcnFUckhka29Ed2RFTXZaaXhQX3FOQWJaOThFQUlTNzVwMTdzUFVRcml6b1hkS2R2M09NU2tuazFBaFA%3Foc%3D5 "HTTP/2 200 OK"
2026-08-21 17:41:42,918 [INFO] HTTP Request: GET https://wafeeknfpzjzngzuphoz.supabase.co/rest/v1/articles?select=article_id&original_url=eq.https%3A%2F%2Fnews.google.com%2Frss%2Farticles%2FCBMiVkFVX3lxTE1QNVk5ZkUyd3ZRRzBMU0VVZlVBRDZFYVltVFZLc0t6VzVlbFlsVGNnVFh1UWdTazFGd3VvMWdYWGlrUWNwSGFnODFQa2l2NlNLN2dEZHp3%3Foc%3D5 "HTTP/2 200 OK"
2026-08-21 17:41:42,950 [INFO] HTTP Request: GET https://wafeeknfpzjzngzuphoz.supabase.co/rest/v1/articles?select=article_id&original_url=eq.https%3A%2F%2Fnews.google.com%2Frss%2Farticles%2FCBMic0FVX3lxTE1kZmtaTGNLYUhmOEdnTXBqTm13b3ZKNXk1MS0xU3ZKWl9fTm5yc3hrNDRaeUF1TkF6WFFDU3QzZG0yTkNQbzZGbDNPMG1xU1ByeFZaSHhEOG9vZ09ZSDFtVXBILTVGd2dobFZfNnZzWk1kdUHSAXdBVV95cUxQcHR3Y092blBPc202b1JaOHh5ZFl1Vkw2NnRzdmNuRXBpYUpOQkc5NkpkMUFpWl9aN2VxVlZFSmZXSzdPOFhacHJjWXV6Unp2cGRVVUNCNFdJYjZ3bDZ1OTFDUXRFWXVHa0Uwa1dUUE43RlJvQ2Ztdw%3Foc%3D5 "HTTP/2 200 OK"
2026-08-21 17:41:42,969 [INFO] HTTP Request: GET https://wafeeknfpzjzngzuphoz.supabase.co/rest/v1/articles?select=article_id&original_url=eq.https%3A%2F%2Fnews.google.com%2Frss%2Farticles%2FCBMiaEFVX3lxTE9GdVM2T3VXYmhMWGxqSlFwREc5VzExOWpSWU1rNE5KY1VLTUlGcHJJZFVtdlBCSm0tclpMMWZINTJucnJObW05UXQxbDZ3aXJRNVBLVFgtUnFiWF9WRFh2YlphbUh4VGNP0gFsQVVfeXFMUFF2cUJROC1HMnpmNGNUVkJNa3htd2NsYk5CUzRTWjBGZkVwRXpKWWlFU2F5bVN3ZFNiai1aeU5SN1ZOWmZvRmJ6UTFrUzRqU2F6R0s0TEFtWl9CVXdzT3ZXdnRqU2hObS00enhK%3Foc%3D5 "HTTP/2 200 OK"
2026-08-21 17:41:42,988 [INFO] HTTP Request: GET https://wafeeknfpzjzngzuphoz.supabase.co/rest/v1/articles?select=article_id&original_url=eq.https%3A%2F%2Fnews.google.com%2Frss%2Farticles%2FCBMic0FVX3lxTE9EdUhvQV9xVlE2WER4QWV0NWx0ajRpbVBOR1VCclR2dkZpS21EakV2a1VFUVFuSmdjN2tLS0I4eWhXV2hIMjFFZ191Z09sNmFvZTY4ZFNYNzdBcmlWWmFhWHBuYlJ3eE03M245V19KMnFFRFk%3Foc%3D5 "HTTP/2 200 OK"
2026-08-21 17:41:43,118 [INFO] HTTP Request: GET https://wafeeknfpzjzngzuphoz.supabase.co/rest/v1/articles?select=article_id&original_url=eq.https%3A%2F%2Fyozm.wishket.com%2Fmagazine%2Fdetail%2F3908 "HTTP/2 200 OK"
2026-08-21 17:41:43,137 [INFO] HTTP Request: GET https://wafeeknfpzjzngzuphoz.supabase.co/rest/v1/articles?select=article_id&original_url=eq.https%3A%2F%2Fyozm.wishket.com%2Fmagazine%2Fdetail%2F3907 "HTTP/2 200 OK"
2026-08-21 17:41:43,155 [INFO] HTTP Request: GET https://wafeeknfpzjzngzuphoz.supabase.co/rest/v1/articles?select=article_id&original_url=eq.https%3A%2F%2Fyozm.wishket.com%2Fmagazine%2Fdetail%2F3906 "HTTP/2 200 OK"
2026-08-21 17:41:43,173 [INFO] HTTP Request: GET https://wafeeknfpzjzngzuphoz.supabase.co/rest/v1/articles?select=article_id&original_url=eq.https%3A%2F%2Fyozm.wishket.com%2Fmagazine%2Fdetail%2F3905 "HTTP/2 200 OK"
2026-08-21 17:41:43,192 [INFO] HTTP Request: GET https://wafeeknfpzjzngzuphoz.supabase.co/rest/v1/articles?select=article_id&original_url=eq.https%3A%2F%2Fyozm.wishket.com%2Fmagazine%2Fdetail%2F3904 "HTTP/2 200 OK"
2026-08-21 17:41:43,211 [INFO] HTTP Request: GET https://wafeeknfpzjzngzuphoz.supabase.co/rest/v1/articles?select=article_id&original_url=eq.https%3A%2F%2Fyozm.wishket.com%2Fmagazine%2Fdetail%2F3903 "HTTP/2 200 OK"
2026-08-21 17:41:43,227 [INFO] HTTP Request: GET https://wafeeknfpzjzngzuphoz.supabase.co/rest/v1/articles?select=article_id&original_url=eq.https%3A%2F%2Fyozm.wishket.com%2Fmagazine%2Fdetail%2F3902 "HTTP/2 200 OK"
2026-08-21 17:41:43,246 [INFO] HTTP Request: GET https://wafeeknfpzjzngzuphoz.supabase.co/rest/v1/articles?select=article_id&original_url=eq.https%3A%2F%2Fyozm.wishket.com%2Fmagazine%2Fdetail%2F3901 "HTTP/2 200 OK"
2026-08-21 17:41:43,264 [INFO] HTTP Request: GET https://wafeeknfpzjzngzuphoz.supabase.co/rest/v1/articles?select=article_id&original_url=eq.https%3A%2F%2Fyozm.wishket.com%2Fmagazine%2Fdetail%2F3900 "HTTP/2 200 OK"
2026-08-21 17:41:43,281 [INFO] HTTP Request: GET https://wafeeknfpzjzngzuphoz.supabase.co/rest/v1/articles?select=article_id&original_url=eq.https%3A%2F%2Fyozm.wishket.com%2Fmagazine%2Fdetail%2F3899 "HTTP/2 200 OK"
2026-08-21 17:41:43,585 [INFO] HTTP Request: GET https://wafeeknfpzjzngzuphoz.supabase.co/rest/v1/articles?select=article_id&original_url=eq.https%3A%2F%2Ftechblog.woowahan.com%2F26876%2F "HTTP/2 200 OK"
2026-08-21 17:41:43,604 [INFO] HTTP Request: GET https://wafeeknfpzjzngzuphoz.supabase.co/rest/v1/articles?select=article_id&original_url=eq.https%3A%2F%2Ftechblog.woowahan.com%2F26777%2F "HTTP/2 200 OK"
2026-08-21 17:41:43,620 [INFO] HTTP Request: GET https://wafeeknfpzjzngzuphoz.supabase.co/rest/v1/articles?select=article_id&original_url=eq.https%3A%2F%2Ftechblog.woowahan.com%2F26729%2F "HTTP/2 200 OK"
2026-08-21 17:41:43,638 [INFO] HTTP Request: GET https://wafeeknfpzjzngzuphoz.supabase.co/rest/v1/articles?select=article_id&original_url=eq.https%3A%2F%2Ftechblog.woowahan.com%2F26507%2F "HTTP/2 200 OK"
2026-08-21 17:41:43,656 [INFO] HTTP Request: GET https://wafeeknfpzjzngzuphoz.supabase.co/rest/v1/articles?select=article_id&original_url=eq.https%3A%2F%2Ftechblog.woowahan.com%2F26624%2F "HTTP/2 200 OK"
2026-08-21 17:41:43,675 [INFO] HTTP Request: GET https://wafeeknfpzjzngzuphoz.supabase.co/rest/v1/articles?select=article_id&original_url=eq.https%3A%2F%2Ftechblog.woowahan.com%2F26492%2F "HTTP/2 200 OK"
2026-08-21 17:41:43,692 [INFO] HTTP Request: GET https://wafeeknfpzjzngzuphoz.supabase.co/rest/v1/articles?select=article_id&original_url=eq.https%3A%2F%2Ftechblog.woowahan.com%2F26459%2F "HTTP/2 200 OK"
2026-08-21 17:41:43,709 [INFO] HTTP Request: GET https://wafeeknfpzjzngzuphoz.supabase.co/rest/v1/articles?select=article_id&original_url=eq.https%3A%2F%2Ftechblog.woowahan.com%2F26379%2F "HTTP/2 200 OK"
2026-08-21 17:41:43,726 [INFO] HTTP Request: GET https://wafeeknfpzjzngzuphoz.supabase.co/rest/v1/articles?select=article_id&original_url=eq.https%3A%2F%2Ftechblog.woowahan.com%2F26388%2F "HTTP/2 200 OK"
2026-08-21 17:41:43,744 [INFO] HTTP Request: GET https://wafeeknfpzjzngzuphoz.supabase.co/rest/v1/articles?select=article_id&original_url=eq.https%3A%2F%2Ftechblog.woowahan.com%2F26319%2F "HTTP/2 200 OK"
2026-08-21 17:41:43,870 [INFO] HTTP Request: GET https://wafeeknfpzjzngzuphoz.supabase.co/rest/v1/articles?select=article_id&original_url=eq.https%3A%2F%2Ftech.kakao.com%2Fposts%2F829 "HTTP/2 200 OK"
2026-08-21 17:41:43,887 [INFO] HTTP Request: GET https://wafeeknfpzjzngzuphoz.supabase.co/rest/v1/articles?select=article_id&original_url=eq.https%3A%2F%2Ftech.kakao.com%2Fposts%2F828 "HTTP/2 200 OK"
2026-08-21 17:41:43,905 [INFO] HTTP Request: GET https://wafeeknfpzjzngzuphoz.supabase.co/rest/v1/articles?select=article_id&original_url=eq.https%3A%2F%2Ftech.kakao.com%2Fposts%2F827 "HTTP/2 200 OK"
2026-08-21 17:41:43,922 [INFO] HTTP Request: GET https://wafeeknfpzjzngzuphoz.supabase.co/rest/v1/articles?select=article_id&original_url=eq.https%3A%2F%2Ftech.kakao.com%2Fposts%2F826 "HTTP/2 200 OK"
2026-08-21 17:41:43,942 [INFO] HTTP Request: GET https://wafeeknfpzjzngzuphoz.supabase.co/rest/v1/articles?select=article_id&original_url=eq.https%3A%2F%2Ftech.kakao.com%2Fposts%2F825 "HTTP/2 200 OK"
2026-08-21 17:41:43,962 [INFO] HTTP Request: GET https://wafeeknfpzjzngzuphoz.supabase.co/rest/v1/articles?select=article_id&original_url=eq.https%3A%2F%2Ftech.kakao.com%2Fposts%2F824 "HTTP/2 200 OK"
2026-08-21 17:41:43,981 [INFO] HTTP Request: GET https://wafeeknfpzjzngzuphoz.supabase.co/rest/v1/articles?select=article_id&original_url=eq.https%3A%2F%2Ftech.kakao.com%2Fposts%2F823 "HTTP/2 200 OK"
2026-08-21 17:41:43,999 [INFO] HTTP Request: GET https://wafeeknfpzjzngzuphoz.supabase.co/rest/v1/articles?select=article_id&original_url=eq.https%3A%2F%2Ftech.kakao.com%2Fposts%2F818 "HTTP/2 200 OK"
2026-08-21 17:41:44,019 [INFO] HTTP Request: GET https://wafeeknfpzjzngzuphoz.supabase.co/rest/v1/articles?select=article_id&original_url=eq.https%3A%2F%2Ftech.kakao.com%2Fposts%2F822 "HTTP/2 200 OK"
2026-08-21 17:41:44,057 [INFO] HTTP Request: GET https://wafeeknfpzjzngzuphoz.supabase.co/rest/v1/articles?select=article_id&original_url=eq.https%3A%2F%2Ftech.kakao.com%2Fposts%2F821 "HTTP/2 200 OK"
2026-08-21 17:41:44,089 [INFO] HTTP Request: GET https://wafeeknfpzjzngzuphoz.supabase.co/rest/v1/articles?select=article_id%2Csource_id%2Ccategory_id%2Coriginal_url%2Ctitle%2Csummary%2Csources%28name%2Ctype%2Creliability_score%29%2Ccategories%28name%29&collected_at=gte.2026-08-21T00%3A00%3A00 "HTTP/2 200 OK"
2026-08-21 17:41:44,114 [INFO] HTTP Request: GET https://wafeeknfpzjzngzuphoz.supabase.co/rest/v1/users?select=user_id%2Cemail "HTTP/2 200 OK"
2026-08-21 17:41:44,139 [INFO] HTTP Request: GET https://wafeeknfpzjzngzuphoz.supabase.co/rest/v1/user_sources?select=source_id&user_id=eq.1 "HTTP/2 200 OK"
2026-08-21 17:41:44,161 [INFO] HTTP Request: GET https://wafeeknfpzjzngzuphoz.supabase.co/rest/v1/subscriptions?select=category_id&user_id=eq.1&is_active=eq.True "HTTP/2 200 OK"
2026-08-21 17:41:44,183 [INFO] HTTP Request: GET https://wafeeknfpzjzngzuphoz.supabase.co/rest/v1/digests?select=digest_id&user_id=eq.1&digest_date=eq.2026-08-21 "HTTP/2 200 OK"
2026-08-21 17:41:44,212 [INFO] HTTP Request: POST https://wafeeknfpzjzngzuphoz.supabase.co/rest/v1/digests "HTTP/2 201 Created"
2026-08-21 17:41:44,213 [INFO] 📄 사용자(koreajjangboy@gmail.com) 개인 다이제스트 생성 완료: news/koreajjangboy_at_gmail_com/2026-08-21.html
2026-08-21 17:41:44,213 [INFO] ✅ 총 0개 신규 기사 DB 저장 및 개인별 다이제스트 생성 완료

2026-08-21 17:43:02,014 [INFO] ⚡ [--now] 옵션 감지: 즉시 수집 작업을 실행합니다.
2026-08-21 17:43:02,014 [INFO] 🚀 [Start] RSS 피드 수집 및 DB 저장 시작
2026-08-21 17:43:02,082 [INFO] HTTP Request: GET https://wafeeknfpzjzngzuphoz.supabase.co/rest/v1/sources?select=source_id%2Cname%2Curl "HTTP/2 200 OK"
2026-08-21 17:43:02,101 [INFO] HTTP Request: GET https://wafeeknfpzjzngzuphoz.supabase.co/rest/v1/categories?select=category_id%2Cname&is_active=eq.True "HTTP/2 200 OK"
2026-08-21 17:43:02,568 [INFO] HTTP Request: GET https://wafeeknfpzjzngzuphoz.supabase.co/rest/v1/articles?select=article_id&original_url=eq.https%3A%2F%2Fopenai.com%2Findex%2Fintroducing-ai-futures "HTTP/2 200 OK"
2026-08-21 17:43:02,588 [INFO] HTTP Request: GET https://wafeeknfpzjzngzuphoz.supabase.co/rest/v1/articles?select=article_id&original_url=eq.https%3A%2F%2Fopenai.com%2Findex%2Fstampli "HTTP/2 200 OK"
2026-08-21 17:43:02,606 [INFO] HTTP Request: GET https://wafeeknfpzjzngzuphoz.supabase.co/rest/v1/articles?select=article_id&original_url=eq.https%3A%2F%2Fopenai.com%2Findex%2Foffering-zero-data-retention-for-frontier-models "HTTP/2 200 OK"
2026-08-21 17:43:02,625 [INFO] HTTP Request: GET https://wafeeknfpzjzngzuphoz.supabase.co/rest/v1/articles?select=article_id&original_url=eq.https%3A%2F%2Fopenai.com%2Findex%2Freplit "HTTP/2 200 OK"
2026-08-21 17:43:02,643 [INFO] HTTP Request: GET https://wafeeknfpzjzngzuphoz.supabase.co/rest/v1/articles?select=article_id&original_url=eq.https%3A%2F%2Fopenai.com%2Findex%2Fchatgpt-ads-expands-across-europe "HTTP/2 200 OK"
2026-08-21 17:43:02,681 [INFO] HTTP Request: GET https://wafeeknfpzjzngzuphoz.supabase.co/rest/v1/articles?select=article_id&original_url=eq.https%3A%2F%2Fopenai.com%2Findex%2Fstrengthening-democratic-oversight-in-national-security "HTTP/2 200 OK"
2026-08-21 17:43:02,701 [INFO] HTTP Request: GET https://wafeeknfpzjzngzuphoz.supabase.co/rest/v1/articles?select=article_id&original_url=eq.https%3A%2F%2Fopenai.com%2Findex%2Fpartnering-with-codeai "HTTP/2 200 OK"
2026-08-21 17:43:02,721 [INFO] HTTP Request: GET https://wafeeknfpzjzngzuphoz.supabase.co/rest/v1/articles?select=article_id&original_url=eq.https%3A%2F%2Fopenai.com%2Findex%2Fpacing-model-development-cyber-capabilities "HTTP/2 200 OK"
2026-08-21 17:43:02,741 [INFO] HTTP Request: GET https://wafeeknfpzjzngzuphoz.supabase.co/rest/v1/articles?select=article_id&original_url=eq.https%3A%2F%2Fopenai.com%2Findex%2Fchatgpt-for-teens "HTTP/2 200 OK"
2026-08-21 17:43:02,760 [INFO] HTTP Request: GET https://wafeeknfpzjzngzuphoz.supabase.co/rest/v1/articles?select=article_id&original_url=eq.https%3A%2F%2Fopenai.com%2Findex%2Fnvidia%2Fchatgpt-work "HTTP/2 200 OK"
2026-08-21 17:43:03,601 [INFO] HTTP Request: GET https://wafeeknfpzjzngzuphoz.supabase.co/rest/v1/articles?select=article_id&original_url=eq.https%3A%2F%2Fblog.google%2Fproducts-and-platforms%2Fproducts%2Fsearch%2Fback-to-school-study-tools%2F "HTTP/2 200 OK"
2026-08-21 17:43:03,619 [INFO] HTTP Request: GET https://wafeeknfpzjzngzuphoz.supabase.co/rest/v1/articles?select=article_id&original_url=eq.https%3A%2F%2Fblog.google%2Fproducts-and-platforms%2Fproducts%2Fgemini%2Fgoogle-gemini-pixel-football-club-partnerships%2F "HTTP/2 200 OK"
2026-08-21 17:43:03,638 [INFO] HTTP Request: GET https://wafeeknfpzjzngzuphoz.supabase.co/rest/v1/articles?select=article_id&original_url=eq.https%3A%2F%2Fblog.google%2Fproducts-and-platforms%2Fproducts%2Fworkspace%2Fsheets-canvas-for-google-sheets-spreadsheets%2F "HTTP/2 200 OK"
2026-08-21 17:43:03,657 [INFO] HTTP Request: GET https://wafeeknfpzjzngzuphoz.supabase.co/rest/v1/articles?select=article_id&original_url=eq.https%3A%2F%2Fblog.google%2Finnovation-and-ai%2Fmodels-and-research%2Fgoogle-research%2Famie-video-consultations%2F "HTTP/2 200 OK"
2026-08-21 17:43:03,677 [INFO] HTTP Request: GET https://wafeeknfpzjzngzuphoz.supabase.co/rest/v1/articles?select=article_id&original_url=eq.https%3A%2F%2Fblog.google%2Fproducts%2Fads-commerce%2Fgoogle-ads-analytics-ai-updates%2F "HTTP/2 200 OK"
2026-08-21 17:43:03,695 [INFO] HTTP Request: GET https://wafeeknfpzjzngzuphoz.supabase.co/rest/v1/articles?select=article_id&original_url=eq.https%3A%2F%2Fblog.google%2Finnovation-and-ai%2Ftechnology%2Fai%2Fgoogle-ai-updates-july-2026%2F "HTTP/2 200 OK"
2026-08-21 17:43:03,715 [INFO] HTTP Request: GET https://wafeeknfpzjzngzuphoz.supabase.co/rest/v1/articles?select=article_id&original_url=eq.https%3A%2F%2Fblog.google%2Finnovation-and-ai%2Ftechnology%2Fdevelopers-tools%2Fai-agents-intensive-recap-2026%2F "HTTP/2 200 OK"
2026-08-21 17:43:03,734 [INFO] HTTP Request: GET https://wafeeknfpzjzngzuphoz.supabase.co/rest/v1/articles?select=article_id&original_url=eq.https%3A%2F%2Fblog.google%2Finnovation-and-ai%2Ftechnology%2Fdevelopers-tools%2Fexpanding-managed-agents-gemini-api-3-6-flash-hooks%2F "HTTP/2 200 OK"
2026-08-21 17:43:03,753 [INFO] HTTP Request: GET https://wafeeknfpzjzngzuphoz.supabase.co/rest/v1/articles?select=article_id&original_url=eq.https%3A%2F%2Fblog.google%2Fproducts-and-platforms%2Fproducts%2Fsearch%2Fai-mode-real-world-tips%2F "HTTP/2 200 OK"
2026-08-21 17:43:03,771 [INFO] HTTP Request: GET https://wafeeknfpzjzngzuphoz.supabase.co/rest/v1/articles?select=article_id&original_url=eq.https%3A%2F%2Fblog.google%2Fproducts-and-platforms%2Fproducts%2Fsearch%2Fdinner-party-hosting-tips%2F "HTTP/2 200 OK"
2026-08-21 17:43:04,464 [INFO] HTTP Request: GET https://wafeeknfpzjzngzuphoz.supabase.co/rest/v1/articles?select=article_id&original_url=eq.https%3A%2F%2Fnews.hada.io%2Ftopic%3Fid%3D32723 "HTTP/2 200 OK"
2026-08-21 17:43:04,483 [INFO] HTTP Request: GET https://wafeeknfpzjzngzuphoz.supabase.co/rest/v1/articles?select=article_id&original_url=eq.https%3A%2F%2Fnews.hada.io%2Farticle%2Fopenrouter-is-not-just-a-proxy "HTTP/2 200 OK"
2026-08-21 17:43:04,502 [INFO] HTTP Request: GET https://wafeeknfpzjzngzuphoz.supabase.co/rest/v1/articles?select=article_id&original_url=eq.https%3A%2F%2Fnews.hada.io%2Ftopic%3Fid%3D32720 "HTTP/2 200 OK"
2026-08-21 17:43:04,521 [INFO] HTTP Request: GET https://wafeeknfpzjzngzuphoz.supabase.co/rest/v1/articles?select=article_id&original_url=eq.https%3A%2F%2Fnews.hada.io%2Ftopic%3Fid%3D32719 "HTTP/2 200 OK"
2026-08-21 17:43:04,538 [INFO] HTTP Request: GET https://wafeeknfpzjzngzuphoz.supabase.co/rest/v1/articles?select=article_id&original_url=eq.https%3A%2F%2Fnews.hada.io%2Ftopic%3Fid%3D32717 "HTTP/2 200 OK"
2026-08-21 17:43:04,557 [INFO] HTTP Request: GET https://wafeeknfpzjzngzuphoz.supabase.co/rest/v1/articles?select=article_id&original_url=eq.https%3A%2F%2Fnews.hada.io%2Ftopic%3Fid%3D32716 "HTTP/2 200 OK"
2026-08-21 17:43:04,574 [INFO] HTTP Request: GET https://wafeeknfpzjzngzuphoz.supabase.co/rest/v1/articles?select=article_id&original_url=eq.https%3A%2F%2Fnews.hada.io%2Ftopic%3Fid%3D32715 "HTTP/2 200 OK"
2026-08-21 17:43:04,592 [INFO] HTTP Request: GET https://wafeeknfpzjzngzuphoz.supabase.co/rest/v1/articles?select=article_id&original_url=eq.https%3A%2F%2Fnews.hada.io%2Ftopic%3Fid%3D32714 "HTTP/2 200 OK"
2026-08-21 17:43:04,611 [INFO] HTTP Request: GET https://wafeeknfpzjzngzuphoz.supabase.co/rest/v1/articles?select=article_id&original_url=eq.https%3A%2F%2Fnews.hada.io%2Ftopic%3Fid%3D32713 "HTTP/2 200 OK"
2026-08-21 17:43:04,629 [INFO] HTTP Request: GET https://wafeeknfpzjzngzuphoz.supabase.co/rest/v1/articles?select=article_id&original_url=eq.https%3A%2F%2Fnews.hada.io%2Ftopic%3Fid%3D32712 "HTTP/2 200 OK"
2026-08-21 17:43:04,699 [INFO] HTTP Request: GET https://wafeeknfpzjzngzuphoz.supabase.co/rest/v1/articles?select=article_id&original_url=eq.https%3A%2F%2Fwww.aitimes.com%2Fnews%2FarticleView.html%3Fidxno%3D214205 "HTTP/2 200 OK"
2026-08-21 17:43:04,717 [INFO] HTTP Request: GET https://wafeeknfpzjzngzuphoz.supabase.co/rest/v1/articles?select=article_id&original_url=eq.https%3A%2F%2Fwww.aitimes.com%2Fnews%2FarticleView.html%3Fidxno%3D214214 "HTTP/2 200 OK"
2026-08-21 17:43:04,736 [INFO] HTTP Request: GET https://wafeeknfpzjzngzuphoz.supabase.co/rest/v1/articles?select=article_id&original_url=eq.https%3A%2F%2Fwww.aitimes.com%2Fnews%2FarticleView.html%3Fidxno%3D214213 "HTTP/2 200 OK"
2026-08-21 17:43:04,755 [INFO] HTTP Request: GET https://wafeeknfpzjzngzuphoz.supabase.co/rest/v1/articles?select=article_id&original_url=eq.https%3A%2F%2Fwww.aitimes.com%2Fnews%2FarticleView.html%3Fidxno%3D214226 "HTTP/2 200 OK"
2026-08-21 17:43:04,771 [INFO] HTTP Request: GET https://wafeeknfpzjzngzuphoz.supabase.co/rest/v1/articles?select=article_id&original_url=eq.https%3A%2F%2Fwww.aitimes.com%2Fnews%2FarticleView.html%3Fidxno%3D214189 "HTTP/2 200 OK"
2026-08-21 17:43:04,789 [INFO] HTTP Request: GET https://wafeeknfpzjzngzuphoz.supabase.co/rest/v1/articles?select=article_id&original_url=eq.https%3A%2F%2Fwww.aitimes.com%2Fnews%2FarticleView.html%3Fidxno%3D214222 "HTTP/2 200 OK"
2026-08-21 17:43:04,807 [INFO] HTTP Request: GET https://wafeeknfpzjzngzuphoz.supabase.co/rest/v1/articles?select=article_id&original_url=eq.https%3A%2F%2Fwww.aitimes.com%2Fnews%2FarticleView.html%3Fidxno%3D214223 "HTTP/2 200 OK"
2026-08-21 17:43:04,825 [INFO] HTTP Request: GET https://wafeeknfpzjzngzuphoz.supabase.co/rest/v1/articles?select=article_id&original_url=eq.https%3A%2F%2Fwww.aitimes.com%2Fnews%2FarticleView.html%3Fidxno%3D214219 "HTTP/2 200 OK"
2026-08-21 17:43:04,843 [INFO] HTTP Request: GET https://wafeeknfpzjzngzuphoz.supabase.co/rest/v1/articles?select=article_id&original_url=eq.https%3A%2F%2Fwww.aitimes.com%2Fnews%2FarticleView.html%3Fidxno%3D214228 "HTTP/2 200 OK"
2026-08-21 17:43:04,862 [INFO] HTTP Request: GET https://wafeeknfpzjzngzuphoz.supabase.co/rest/v1/articles?select=article_id&original_url=eq.https%3A%2F%2Fwww.aitimes.com%2Fnews%2FarticleView.html%3Fidxno%3D214224 "HTTP/2 200 OK"
2026-08-21 17:43:05,346 [INFO] HTTP Request: GET https://wafeeknfpzjzngzuphoz.supabase.co/rest/v1/articles?select=article_id&original_url=eq.https%3A%2F%2Fnews.google.com%2Frss%2Farticles%2FCBMiXEFVX3lxTE9DWXkyN3hhUDFHR0tCMXdpVkt3OTAyS1dBUUN6QXBKTEpMOF9SLWJSZkl3VW5FdzE2N1JiYk13NGtFQXNnbjFZZ3Vsd3BZNGJLWDJTdVladTk0bXRi%3Foc%3D5 "HTTP/2 200 OK"
2026-08-21 17:43:05,365 [INFO] HTTP Request: GET https://wafeeknfpzjzngzuphoz.supabase.co/rest/v1/articles?select=article_id&original_url=eq.https%3A%2F%2Fnews.google.com%2Frss%2Farticles%2FCBMiVkFVX3lxTFBlSVhEWDF6dU85X3puVUswSzlXLUx4OXg5b0JZMlJYeHFXcHFsM1FLNEQ4MHQxTjlfRzZMZVhiU0JVTm5nS1paWnhEVXM1RzRmV0hWeWNR%3Foc%3D5 "HTTP/2 200 OK"
2026-08-21 17:43:05,385 [INFO] HTTP Request: GET https://wafeeknfpzjzngzuphoz.supabase.co/rest/v1/articles?select=article_id&original_url=eq.https%3A%2F%2Fnews.google.com%2Frss%2Farticles%2FCBMiX0FVX3lxTE5IRW4zbDg2OG1sYmVhVGhPUmNGaFJ6ZVdGYjNTeEd0eUp5REtWSm1fQ05rdnZFNkVPQVFlcExzYnU2YURSOE9PeHdiMEtCZXdBNkM0OFlOVWxoR1RySU84%3Foc%3D5 "HTTP/2 200 OK"
2026-08-21 17:43:05,403 [INFO] HTTP Request: GET https://wafeeknfpzjzngzuphoz.supabase.co/rest/v1/articles?select=article_id&original_url=eq.https%3A%2F%2Fnews.google.com%2Frss%2Farticles%2FCBMiSEFVX3lxTE1mczBWYm0wOEU3a2NSanExQ0V5ZjNDWmZhNURubTVxcmJDRUNjLXZzT1JmT2JlbVYwUjlWY0dxNXgxRW5ueHdveA%3Foc%3D5 "HTTP/2 200 OK"
2026-08-21 17:43:05,420 [INFO] HTTP Request: GET https://wafeeknfpzjzngzuphoz.supabase.co/rest/v1/articles?select=article_id&original_url=eq.https%3A%2F%2Fnews.google.com%2Frss%2Farticles%2FCBMijgFBVV95cUxPaXVvNUlaeE5USjVKOGE5WEpLRDA2Y0c4Z3hONXZLaXc3X2IySmlzMy1kSExBUzNRMlY5dmUyNWNnX295R0tucnRKUi1aUnJsMjkzUllJWGdzbHVtajMyVG5pWW81YUxVbzhRQUh1T3E4bTJaU3AtRlFzQ0RjUzFxc1BqMkZpNGRwVUhXTi1R%3Foc%3D5 "HTTP/2 200 OK"
2026-08-21 17:43:05,439 [INFO] HTTP Request: GET https://wafeeknfpzjzngzuphoz.supabase.co/rest/v1/articles?select=article_id&original_url=eq.https%3A%2F%2Fnews.google.com%2Frss%2Farticles%2FCBMib0FVX3lxTE1GYWxwbEp6YTFrUExYQ3J0aW1aVkdtTFptSlNqZ3dsWEdlLXI2RnJyb3UwQVhHWURDamk2UXE5N1dIMzQxZkxOT0R0V1gyUHRkYWhqdWgycHU4WHNXa2QtTUVReFpLbWZoZWlmS09nWQ%3Foc%3D5 "HTTP/2 200 OK"
2026-08-21 17:43:05,459 [INFO] HTTP Request: GET https://wafeeknfpzjzngzuphoz.supabase.co/rest/v1/articles?select=article_id&original_url=eq.https%3A%2F%2Fnews.google.com%2Frss%2Farticles%2FCBMiT0FVX3lxTFAzaWZPNVkxUlpVVTkzeEkyZURXNHppRWFtYkVEeUFCaDhTeVJFS0VubHd5Tjd6U09KRGI3ZDZYTXFNWWRQeHk5Q1F2eTlzeDQ%3Foc%3D5 "HTTP/2 200 OK"
2026-08-21 17:43:05,479 [INFO] HTTP Request: GET https://wafeeknfpzjzngzuphoz.supabase.co/rest/v1/articles?select=article_id&original_url=eq.https%3A%2F%2Fnews.google.com%2Frss%2Farticles%2FCBMiiAFBVV95cUxPcUNMUVl5OG0ydkJSb2c3eVJiLXNNdFYzQno4XzkyYzl2d2lvLUNnYzBzb1lqaHBxNzZtSXBuNzc0dlpfSHZuTC1TeG16RU1OQUhBUDFHaDVRQjB5bVBWazRINWdMZm1hYXpfOURrZzlQV1Ayb3ViWTRLZUl3eGdvdDY3WVVMNExo%3Foc%3D5 "HTTP/2 200 OK"
2026-08-21 17:43:05,499 [INFO] HTTP Request: GET https://wafeeknfpzjzngzuphoz.supabase.co/rest/v1/articles?select=article_id&original_url=eq.https%3A%2F%2Fnews.google.com%2Frss%2Farticles%2FCBMiWEFVX3lxTFBvd3pDNkp0cF9pMEIwd3lGQTg4VDE1VUVKREgtdEZRVUVuamgtZk5pNTlDM25oSnZCYVh1eENCQ1A0djlaYWdJU3RGWXdyakFlV2E3b1NZUEHSAV5BVV95cUxOMk1seVBkRzVWbHJUaW1IRzY4bTIyS1NEQnlMbzM2V1pPdW00N0pnazJTRW1sRF9QV3h3ZExUb0RDWU1HVGVGR2hwYW1WTzN3ZGVPX2NweG00ZDVUX3pR%3Foc%3D5 "HTTP/2 200 OK"
2026-08-21 17:43:05,518 [INFO] HTTP Request: GET https://wafeeknfpzjzngzuphoz.supabase.co/rest/v1/articles?select=article_id&original_url=eq.https%3A%2F%2Fnews.google.com%2Frss%2Farticles%2FCBMic0FVX3lxTE1WUnZtUmtkcS1Ec0ppZVV4WjBnNWswaTlPY1JsOXJaWkVaai1kdjdsSXNFY2tTM2hybFJGT3pnLUZUSEp3eHYzVGtYbkhsZEYxdTRhb2JQTXd5Z1I2YXROYlhQN3d6QWJZNHNhZjZreWp3YmM%3Foc%3D5 "HTTP/2 200 OK"
2026-08-21 17:43:06,074 [INFO] HTTP Request: GET https://wafeeknfpzjzngzuphoz.supabase.co/rest/v1/articles?select=article_id&original_url=eq.https%3A%2F%2Fnews.google.com%2Frss%2Farticles%2FCBMiT0FVX3lxTE5pT2NxbXJmajNtcGRxTHZNcjlXazcwQ29IeGNUN0F3X2dUOWV2S1dDVHMyZUtrdWNoLWhXZHJ0SlJLRUNfcUNjMXR5MUpYTzQ%3Foc%3D5 "HTTP/2 200 OK"
2026-08-21 17:43:06,092 [INFO] HTTP Request: GET https://wafeeknfpzjzngzuphoz.supabase.co/rest/v1/articles?select=article_id&original_url=eq.https%3A%2F%2Fnews.google.com%2Frss%2Farticles%2FCBMiWkFVX3lxTE95SGFjUDdLYVhPYXBjSXRhelZMMndBZXdkQTR0dTNvRG82U1hRbTVweUJveVVyYUtnR3dOREt5WDFjOVdVQnd0VWlLU0k2cTVDdUprWENTaTREUdIBX0FVX3lxTE1ITGZzcjlrQkNDWDE3RnBpdXVPV2RtVXNKT3NUUzRVcWYzSk5mRW92cWs2X09aVVNNeTZyYlhkekY2OUQ1UWwzcUJFY1hiTFgwU2hVS0xLWXZlVXFheFhJ%3Foc%3D5 "HTTP/2 200 OK"
2026-08-21 17:43:06,111 [INFO] HTTP Request: GET https://wafeeknfpzjzngzuphoz.supabase.co/rest/v1/articles?select=article_id&original_url=eq.https%3A%2F%2Fnews.google.com%2Frss%2Farticles%2FCBMiWkFVX3lxTE1sa0hTYXF5WDhTS1pzWXBMWVVsYnpCNW1MTkpKc19lcmhuelEzdTJVSDlwNkVzMTIxWUdpRlBMSC1oNGN4R2xPSlN3V0poR2RGa0pvbUZvMVdhUdIBWEFVX3lxTE1OR2llcHJQMTBTaDBNVVVkT3cwd0xfQWJ4b2VRcmtFSnNNUE1JZjMtZUhld0lqRDdOYjM2b1JSVk5UT1JwM0F1OS1OaWZIbTdKQ3Ixck10LUc%3Foc%3D5 "HTTP/2 200 OK"
2026-08-21 17:43:06,130 [INFO] HTTP Request: GET https://wafeeknfpzjzngzuphoz.supabase.co/rest/v1/articles?select=article_id&original_url=eq.https%3A%2F%2Fnews.google.com%2Frss%2Farticles%2FCBMiXEFVX3lxTE9FTkJLTmFvLVJJem5NckxBWUJfVW5BWklBd1ExZjFhbF85NzFRR21HRTBCbHI3QWs0blN0aDhiVTNMX2xmN2ZVdER5dGV3LWNPUFFxMHJMM1RjRnJa%3Foc%3D5 "HTTP/2 200 OK"
2026-08-21 17:43:06,149 [INFO] HTTP Request: GET https://wafeeknfpzjzngzuphoz.supabase.co/rest/v1/articles?select=article_id&original_url=eq.https%3A%2F%2Fnews.google.com%2Frss%2Farticles%2FCBMiYkFVX3lxTE1FdWNubjI3UUxJLVFiMm13dGVzQ3NVUEdxRnUzTkpzSTRmQ3RySWtyYU9Nb05xbFJxUmNlazQ0VHdyNXg0d0toelUyZ2I1ODFBMGR4M09WSkY3Y3B5SEtEdTNB%3Foc%3D5 "HTTP/2 200 OK"
2026-08-21 17:43:06,170 [INFO] HTTP Request: GET https://wafeeknfpzjzngzuphoz.supabase.co/rest/v1/articles?select=article_id&original_url=eq.https%3A%2F%2Fnews.google.com%2Frss%2Farticles%2FCBMihAFBVV95cUxQOHc5V0xHTzhmMnc0bzNvbHdpU0Q1RjZPVjl6Z3hRTkpYYlRqWDEyZlQ5WnhORG56Ry1zNkQySWtQclFnTmlTeDZZcnFUckhka29Ed2RFTXZaaXhQX3FOQWJaOThFQUlTNzVwMTdzUFVRcml6b1hkS2R2M09NU2tuazFBaFA%3Foc%3D5 "HTTP/2 200 OK"
2026-08-21 17:43:06,190 [INFO] HTTP Request: GET https://wafeeknfpzjzngzuphoz.supabase.co/rest/v1/articles?select=article_id&original_url=eq.https%3A%2F%2Fnews.google.com%2Frss%2Farticles%2FCBMiVkFVX3lxTE1QNVk5ZkUyd3ZRRzBMU0VVZlVBRDZFYVltVFZLc0t6VzVlbFlsVGNnVFh1UWdTazFGd3VvMWdYWGlrUWNwSGFnODFQa2l2NlNLN2dEZHp3%3Foc%3D5 "HTTP/2 200 OK"
2026-08-21 17:43:06,226 [INFO] HTTP Request: GET https://wafeeknfpzjzngzuphoz.supabase.co/rest/v1/articles?select=article_id&original_url=eq.https%3A%2F%2Fnews.google.com%2Frss%2Farticles%2FCBMic0FVX3lxTE1kZmtaTGNLYUhmOEdnTXBqTm13b3ZKNXk1MS0xU3ZKWl9fTm5yc3hrNDRaeUF1TkF6WFFDU3QzZG0yTkNQbzZGbDNPMG1xU1ByeFZaSHhEOG9vZ09ZSDFtVXBILTVGd2dobFZfNnZzWk1kdUHSAXdBVV95cUxQcHR3Y092blBPc202b1JaOHh5ZFl1Vkw2NnRzdmNuRXBpYUpOQkc5NkpkMUFpWl9aN2VxVlZFSmZXSzdPOFhacHJjWXV6Unp2cGRVVUNCNFdJYjZ3bDZ1OTFDUXRFWXVHa0Uwa1dUUE43RlJvQ2Ztdw%3Foc%3D5 "HTTP/2 200 OK"
2026-08-21 17:43:06,246 [INFO] HTTP Request: GET https://wafeeknfpzjzngzuphoz.supabase.co/rest/v1/articles?select=article_id&original_url=eq.https%3A%2F%2Fnews.google.com%2Frss%2Farticles%2FCBMiaEFVX3lxTE9GdVM2T3VXYmhMWGxqSlFwREc5VzExOWpSWU1rNE5KY1VLTUlGcHJJZFVtdlBCSm0tclpMMWZINTJucnJObW05UXQxbDZ3aXJRNVBLVFgtUnFiWF9WRFh2YlphbUh4VGNP0gFsQVVfeXFMUFF2cUJROC1HMnpmNGNUVkJNa3htd2NsYk5CUzRTWjBGZkVwRXpKWWlFU2F5bVN3ZFNiai1aeU5SN1ZOWmZvRmJ6UTFrUzRqU2F6R0s0TEFtWl9CVXdzT3ZXdnRqU2hObS00enhK%3Foc%3D5 "HTTP/2 200 OK"
2026-08-21 17:43:06,264 [INFO] HTTP Request: GET https://wafeeknfpzjzngzuphoz.supabase.co/rest/v1/articles?select=article_id&original_url=eq.https%3A%2F%2Fnews.google.com%2Frss%2Farticles%2FCBMic0FVX3lxTE9EdUhvQV9xVlE2WER4QWV0NWx0ajRpbVBOR1VCclR2dkZpS21EakV2a1VFUVFuSmdjN2tLS0I4eWhXV2hIMjFFZ191Z09sNmFvZTY4ZFNYNzdBcmlWWmFhWHBuYlJ3eE03M245V19KMnFFRFk%3Foc%3D5 "HTTP/2 200 OK"
2026-08-21 17:43:06,393 [INFO] HTTP Request: GET https://wafeeknfpzjzngzuphoz.supabase.co/rest/v1/articles?select=article_id&original_url=eq.https%3A%2F%2Fyozm.wishket.com%2Fmagazine%2Fdetail%2F3908 "HTTP/2 200 OK"
2026-08-21 17:43:06,412 [INFO] HTTP Request: GET https://wafeeknfpzjzngzuphoz.supabase.co/rest/v1/articles?select=article_id&original_url=eq.https%3A%2F%2Fyozm.wishket.com%2Fmagazine%2Fdetail%2F3907 "HTTP/2 200 OK"
2026-08-21 17:43:06,431 [INFO] HTTP Request: GET https://wafeeknfpzjzngzuphoz.supabase.co/rest/v1/articles?select=article_id&original_url=eq.https%3A%2F%2Fyozm.wishket.com%2Fmagazine%2Fdetail%2F3906 "HTTP/2 200 OK"
2026-08-21 17:43:06,540 [INFO] HTTP Request: GET https://wafeeknfpzjzngzuphoz.supabase.co/rest/v1/articles?select=article_id&original_url=eq.https%3A%2F%2Fyozm.wishket.com%2Fmagazine%2Fdetail%2F3905 "HTTP/2 200 OK"
2026-08-21 17:43:06,566 [INFO] HTTP Request: GET https://wafeeknfpzjzngzuphoz.supabase.co/rest/v1/articles?select=article_id&original_url=eq.https%3A%2F%2Fyozm.wishket.com%2Fmagazine%2Fdetail%2F3904 "HTTP/2 200 OK"
2026-08-21 17:43:06,586 [INFO] HTTP Request: GET https://wafeeknfpzjzngzuphoz.supabase.co/rest/v1/articles?select=article_id&original_url=eq.https%3A%2F%2Fyozm.wishket.com%2Fmagazine%2Fdetail%2F3903 "HTTP/2 200 OK"
2026-08-21 17:43:06,603 [INFO] HTTP Request: GET https://wafeeknfpzjzngzuphoz.supabase.co/rest/v1/articles?select=article_id&original_url=eq.https%3A%2F%2Fyozm.wishket.com%2Fmagazine%2Fdetail%2F3902 "HTTP/2 200 OK"
2026-08-21 17:43:06,622 [INFO] HTTP Request: GET https://wafeeknfpzjzngzuphoz.supabase.co/rest/v1/articles?select=article_id&original_url=eq.https%3A%2F%2Fyozm.wishket.com%2Fmagazine%2Fdetail%2F3901 "HTTP/2 200 OK"
2026-08-21 17:43:06,639 [INFO] HTTP Request: GET https://wafeeknfpzjzngzuphoz.supabase.co/rest/v1/articles?select=article_id&original_url=eq.https%3A%2F%2Fyozm.wishket.com%2Fmagazine%2Fdetail%2F3900 "HTTP/2 200 OK"
2026-08-21 17:43:06,657 [INFO] HTTP Request: GET https://wafeeknfpzjzngzuphoz.supabase.co/rest/v1/articles?select=article_id&original_url=eq.https%3A%2F%2Fyozm.wishket.com%2Fmagazine%2Fdetail%2F3899 "HTTP/2 200 OK"
2026-08-21 17:43:06,992 [INFO] HTTP Request: GET https://wafeeknfpzjzngzuphoz.supabase.co/rest/v1/articles?select=article_id&original_url=eq.https%3A%2F%2Ftechblog.woowahan.com%2F26876%2F "HTTP/2 200 OK"
2026-08-21 17:43:07,011 [INFO] HTTP Request: GET https://wafeeknfpzjzngzuphoz.supabase.co/rest/v1/articles?select=article_id&original_url=eq.https%3A%2F%2Ftechblog.woowahan.com%2F26777%2F "HTTP/2 200 OK"
2026-08-21 17:43:07,030 [INFO] HTTP Request: GET https://wafeeknfpzjzngzuphoz.supabase.co/rest/v1/articles?select=article_id&original_url=eq.https%3A%2F%2Ftechblog.woowahan.com%2F26729%2F "HTTP/2 200 OK"
2026-08-21 17:43:07,051 [INFO] HTTP Request: GET https://wafeeknfpzjzngzuphoz.supabase.co/rest/v1/articles?select=article_id&original_url=eq.https%3A%2F%2Ftechblog.woowahan.com%2F26507%2F "HTTP/2 200 OK"
2026-08-21 17:43:07,070 [INFO] HTTP Request: GET https://wafeeknfpzjzngzuphoz.supabase.co/rest/v1/articles?select=article_id&original_url=eq.https%3A%2F%2Ftechblog.woowahan.com%2F26624%2F "HTTP/2 200 OK"
2026-08-21 17:43:07,092 [INFO] HTTP Request: GET https://wafeeknfpzjzngzuphoz.supabase.co/rest/v1/articles?select=article_id&original_url=eq.https%3A%2F%2Ftechblog.woowahan.com%2F26492%2F "HTTP/2 200 OK"
2026-08-21 17:43:07,109 [INFO] HTTP Request: GET https://wafeeknfpzjzngzuphoz.supabase.co/rest/v1/articles?select=article_id&original_url=eq.https%3A%2F%2Ftechblog.woowahan.com%2F26459%2F "HTTP/2 200 OK"
2026-08-21 17:43:07,127 [INFO] HTTP Request: GET https://wafeeknfpzjzngzuphoz.supabase.co/rest/v1/articles?select=article_id&original_url=eq.https%3A%2F%2Ftechblog.woowahan.com%2F26379%2F "HTTP/2 200 OK"
2026-08-21 17:43:07,147 [INFO] HTTP Request: GET https://wafeeknfpzjzngzuphoz.supabase.co/rest/v1/articles?select=article_id&original_url=eq.https%3A%2F%2Ftechblog.woowahan.com%2F26388%2F "HTTP/2 200 OK"
2026-08-21 17:43:07,166 [INFO] HTTP Request: GET https://wafeeknfpzjzngzuphoz.supabase.co/rest/v1/articles?select=article_id&original_url=eq.https%3A%2F%2Ftechblog.woowahan.com%2F26319%2F "HTTP/2 200 OK"
2026-08-21 17:43:07,289 [INFO] HTTP Request: GET https://wafeeknfpzjzngzuphoz.supabase.co/rest/v1/articles?select=article_id&original_url=eq.https%3A%2F%2Ftech.kakao.com%2Fposts%2F829 "HTTP/2 200 OK"
2026-08-21 17:43:07,307 [INFO] HTTP Request: GET https://wafeeknfpzjzngzuphoz.supabase.co/rest/v1/articles?select=article_id&original_url=eq.https%3A%2F%2Ftech.kakao.com%2Fposts%2F828 "HTTP/2 200 OK"
2026-08-21 17:43:07,325 [INFO] HTTP Request: GET https://wafeeknfpzjzngzuphoz.supabase.co/rest/v1/articles?select=article_id&original_url=eq.https%3A%2F%2Ftech.kakao.com%2Fposts%2F827 "HTTP/2 200 OK"
2026-08-21 17:43:07,343 [INFO] HTTP Request: GET https://wafeeknfpzjzngzuphoz.supabase.co/rest/v1/articles?select=article_id&original_url=eq.https%3A%2F%2Ftech.kakao.com%2Fposts%2F826 "HTTP/2 200 OK"
2026-08-21 17:43:07,360 [INFO] HTTP Request: GET https://wafeeknfpzjzngzuphoz.supabase.co/rest/v1/articles?select=article_id&original_url=eq.https%3A%2F%2Ftech.kakao.com%2Fposts%2F825 "HTTP/2 200 OK"
2026-08-21 17:43:07,380 [INFO] HTTP Request: GET https://wafeeknfpzjzngzuphoz.supabase.co/rest/v1/articles?select=article_id&original_url=eq.https%3A%2F%2Ftech.kakao.com%2Fposts%2F824 "HTTP/2 200 OK"
2026-08-21 17:43:07,400 [INFO] HTTP Request: GET https://wafeeknfpzjzngzuphoz.supabase.co/rest/v1/articles?select=article_id&original_url=eq.https%3A%2F%2Ftech.kakao.com%2Fposts%2F823 "HTTP/2 200 OK"
2026-08-21 17:43:07,417 [INFO] HTTP Request: GET https://wafeeknfpzjzngzuphoz.supabase.co/rest/v1/articles?select=article_id&original_url=eq.https%3A%2F%2Ftech.kakao.com%2Fposts%2F818 "HTTP/2 200 OK"
2026-08-21 17:43:07,435 [INFO] HTTP Request: GET https://wafeeknfpzjzngzuphoz.supabase.co/rest/v1/articles?select=article_id&original_url=eq.https%3A%2F%2Ftech.kakao.com%2Fposts%2F822 "HTTP/2 200 OK"
2026-08-21 17:43:07,464 [INFO] HTTP Request: GET https://wafeeknfpzjzngzuphoz.supabase.co/rest/v1/articles?select=article_id&original_url=eq.https%3A%2F%2Ftech.kakao.com%2Fposts%2F821 "HTTP/2 200 OK"
2026-08-21 17:43:07,498 [INFO] HTTP Request: GET https://wafeeknfpzjzngzuphoz.supabase.co/rest/v1/articles?select=article_id%2Csource_id%2Ccategory_id%2Coriginal_url%2Ctitle%2Csummary%2Csources%28name%2Ctype%2Creliability_score%29%2Ccategories%28name%29&collected_at=gte.2026-08-21T00%3A00%3A00 "HTTP/2 200 OK"
2026-08-21 17:43:07,532 [INFO] HTTP Request: GET https://wafeeknfpzjzngzuphoz.supabase.co/rest/v1/users?select=user_id%2Cemail "HTTP/2 200 OK"
2026-08-21 17:43:07,564 [INFO] HTTP Request: GET https://wafeeknfpzjzngzuphoz.supabase.co/rest/v1/user_sources?select=source_id&user_id=eq.1 "HTTP/2 200 OK"
2026-08-21 17:43:07,582 [INFO] HTTP Request: GET https://wafeeknfpzjzngzuphoz.supabase.co/rest/v1/subscriptions?select=category_id&user_id=eq.1&is_active=eq.True "HTTP/2 200 OK"
2026-08-21 17:43:07,603 [INFO] HTTP Request: GET https://wafeeknfpzjzngzuphoz.supabase.co/rest/v1/digests?select=digest_id&user_id=eq.1&digest_date=eq.2026-08-21 "HTTP/2 200 OK"
2026-08-21 17:43:07,624 [INFO] HTTP Request: PATCH https://wafeeknfpzjzngzuphoz.supabase.co/rest/v1/digests?user_id=eq.1&digest_date=eq.2026-08-21 "HTTP/2 200 OK"
2026-08-21 17:43:07,624 [INFO] 📄 사용자(koreajjangboy@gmail.com) 개인 다이제스트 생성 완료: news/koreajjangboy_at_gmail_com/2026-08-21.html
2026-08-21 17:43:07,624 [INFO] ✅ 총 0개 신규 기사 DB 저장 및 개인별 다이제스트 생성 완료

2026-08-21 17:46:05,999 [INFO] ⚡ [--now] 옵션 감지: 즉시 수집 작업을 실행합니다.
2026-08-21 17:46:05,999 [INFO] 🚀 [Start] RSS 피드 수집 및 DB 저장 시작
2026-08-21 17:46:06,551 [INFO] HTTP Request: GET https://wafeeknfpzjzngzuphoz.supabase.co/rest/v1/sources?select=source_id%2Cname%2Curl "HTTP/2 200 OK"
2026-08-21 17:46:06,588 [INFO] HTTP Request: GET https://wafeeknfpzjzngzuphoz.supabase.co/rest/v1/categories?select=category_id%2Cname&is_active=eq.True "HTTP/2 200 OK"
2026-08-21 17:46:07,086 [INFO] HTTP Request: GET https://wafeeknfpzjzngzuphoz.supabase.co/rest/v1/articles?select=article_id&original_url=eq.https%3A%2F%2Fopenai.com%2Findex%2Fintroducing-ai-futures "HTTP/2 200 OK"
2026-08-21 17:46:07,119 [INFO] HTTP Request: GET https://wafeeknfpzjzngzuphoz.supabase.co/rest/v1/articles?select=article_id&original_url=eq.https%3A%2F%2Fopenai.com%2Findex%2Fstampli "HTTP/2 200 OK"
2026-08-21 17:46:07,139 [INFO] HTTP Request: GET https://wafeeknfpzjzngzuphoz.supabase.co/rest/v1/articles?select=article_id&original_url=eq.https%3A%2F%2Fopenai.com%2Findex%2Foffering-zero-data-retention-for-frontier-models "HTTP/2 200 OK"
2026-08-21 17:46:07,160 [INFO] HTTP Request: GET https://wafeeknfpzjzngzuphoz.supabase.co/rest/v1/articles?select=article_id&original_url=eq.https%3A%2F%2Fopenai.com%2Findex%2Freplit "HTTP/2 200 OK"
2026-08-21 17:46:07,184 [INFO] HTTP Request: GET https://wafeeknfpzjzngzuphoz.supabase.co/rest/v1/articles?select=article_id&original_url=eq.https%3A%2F%2Fopenai.com%2Findex%2Fchatgpt-ads-expands-across-europe "HTTP/2 200 OK"
2026-08-21 17:46:07,206 [INFO] HTTP Request: GET https://wafeeknfpzjzngzuphoz.supabase.co/rest/v1/articles?select=article_id&original_url=eq.https%3A%2F%2Fopenai.com%2Findex%2Fstrengthening-democratic-oversight-in-national-security "HTTP/2 200 OK"
2026-08-21 17:46:07,229 [INFO] HTTP Request: GET https://wafeeknfpzjzngzuphoz.supabase.co/rest/v1/articles?select=article_id&original_url=eq.https%3A%2F%2Fopenai.com%2Findex%2Fpartnering-with-codeai "HTTP/2 200 OK"
2026-08-21 17:46:07,262 [INFO] HTTP Request: GET https://wafeeknfpzjzngzuphoz.supabase.co/rest/v1/articles?select=article_id&original_url=eq.https%3A%2F%2Fopenai.com%2Findex%2Fpacing-model-development-cyber-capabilities "HTTP/2 200 OK"
2026-08-21 17:46:07,281 [INFO] HTTP Request: GET https://wafeeknfpzjzngzuphoz.supabase.co/rest/v1/articles?select=article_id&original_url=eq.https%3A%2F%2Fopenai.com%2Findex%2Fchatgpt-for-teens "HTTP/2 200 OK"
2026-08-21 17:46:07,324 [INFO] HTTP Request: GET https://wafeeknfpzjzngzuphoz.supabase.co/rest/v1/articles?select=article_id&original_url=eq.https%3A%2F%2Fopenai.com%2Findex%2Fnvidia%2Fchatgpt-work "HTTP/2 200 OK"
2026-08-21 17:46:08,153 [INFO] HTTP Request: GET https://wafeeknfpzjzngzuphoz.supabase.co/rest/v1/articles?select=article_id&original_url=eq.https%3A%2F%2Fblog.google%2Fproducts-and-platforms%2Fproducts%2Fsearch%2Fback-to-school-study-tools%2F "HTTP/2 200 OK"
2026-08-21 17:46:08,172 [INFO] HTTP Request: GET https://wafeeknfpzjzngzuphoz.supabase.co/rest/v1/articles?select=article_id&original_url=eq.https%3A%2F%2Fblog.google%2Fproducts-and-platforms%2Fproducts%2Fgemini%2Fgoogle-gemini-pixel-football-club-partnerships%2F "HTTP/2 200 OK"
2026-08-21 17:46:08,217 [INFO] HTTP Request: GET https://wafeeknfpzjzngzuphoz.supabase.co/rest/v1/articles?select=article_id&original_url=eq.https%3A%2F%2Fblog.google%2Fproducts-and-platforms%2Fproducts%2Fworkspace%2Fsheets-canvas-for-google-sheets-spreadsheets%2F "HTTP/2 200 OK"
2026-08-21 17:46:08,239 [INFO] HTTP Request: GET https://wafeeknfpzjzngzuphoz.supabase.co/rest/v1/articles?select=article_id&original_url=eq.https%3A%2F%2Fblog.google%2Finnovation-and-ai%2Fmodels-and-research%2Fgoogle-research%2Famie-video-consultations%2F "HTTP/2 200 OK"
2026-08-21 17:46:08,276 [INFO] HTTP Request: GET https://wafeeknfpzjzngzuphoz.supabase.co/rest/v1/articles?select=article_id&original_url=eq.https%3A%2F%2Fblog.google%2Fproducts%2Fads-commerce%2Fgoogle-ads-analytics-ai-updates%2F "HTTP/2 200 OK"
2026-08-21 17:46:08,301 [INFO] HTTP Request: GET https://wafeeknfpzjzngzuphoz.supabase.co/rest/v1/articles?select=article_id&original_url=eq.https%3A%2F%2Fblog.google%2Finnovation-and-ai%2Ftechnology%2Fai%2Fgoogle-ai-updates-july-2026%2F "HTTP/2 200 OK"
2026-08-21 17:46:08,325 [INFO] HTTP Request: GET https://wafeeknfpzjzngzuphoz.supabase.co/rest/v1/articles?select=article_id&original_url=eq.https%3A%2F%2Fblog.google%2Finnovation-and-ai%2Ftechnology%2Fdevelopers-tools%2Fai-agents-intensive-recap-2026%2F "HTTP/2 200 OK"
2026-08-21 17:46:08,367 [INFO] HTTP Request: GET https://wafeeknfpzjzngzuphoz.supabase.co/rest/v1/articles?select=article_id&original_url=eq.https%3A%2F%2Fblog.google%2Finnovation-and-ai%2Ftechnology%2Fdevelopers-tools%2Fexpanding-managed-agents-gemini-api-3-6-flash-hooks%2F "HTTP/2 200 OK"
2026-08-21 17:46:08,389 [INFO] HTTP Request: GET https://wafeeknfpzjzngzuphoz.supabase.co/rest/v1/articles?select=article_id&original_url=eq.https%3A%2F%2Fblog.google%2Fproducts-and-platforms%2Fproducts%2Fsearch%2Fai-mode-real-world-tips%2F "HTTP/2 200 OK"
2026-08-21 17:46:08,408 [INFO] HTTP Request: GET https://wafeeknfpzjzngzuphoz.supabase.co/rest/v1/articles?select=article_id&original_url=eq.https%3A%2F%2Fblog.google%2Fproducts-and-platforms%2Fproducts%2Fsearch%2Fdinner-party-hosting-tips%2F "HTTP/2 200 OK"
2026-08-21 17:46:09,345 [INFO] HTTP Request: GET https://wafeeknfpzjzngzuphoz.supabase.co/rest/v1/articles?select=article_id&original_url=eq.https%3A%2F%2Fnews.hada.io%2Ftopic%3Fid%3D32723 "HTTP/2 200 OK"
2026-08-21 17:46:09,364 [INFO] HTTP Request: GET https://wafeeknfpzjzngzuphoz.supabase.co/rest/v1/articles?select=article_id&original_url=eq.https%3A%2F%2Fnews.hada.io%2Farticle%2Fopenrouter-is-not-just-a-proxy "HTTP/2 200 OK"
2026-08-21 17:46:09,387 [INFO] HTTP Request: GET https://wafeeknfpzjzngzuphoz.supabase.co/rest/v1/articles?select=article_id&original_url=eq.https%3A%2F%2Fnews.hada.io%2Ftopic%3Fid%3D32720 "HTTP/2 200 OK"
2026-08-21 17:46:09,405 [INFO] HTTP Request: GET https://wafeeknfpzjzngzuphoz.supabase.co/rest/v1/articles?select=article_id&original_url=eq.https%3A%2F%2Fnews.hada.io%2Ftopic%3Fid%3D32719 "HTTP/2 200 OK"
2026-08-21 17:46:09,421 [INFO] HTTP Request: GET https://wafeeknfpzjzngzuphoz.supabase.co/rest/v1/articles?select=article_id&original_url=eq.https%3A%2F%2Fnews.hada.io%2Ftopic%3Fid%3D32717 "HTTP/2 200 OK"
2026-08-21 17:46:09,442 [INFO] HTTP Request: GET https://wafeeknfpzjzngzuphoz.supabase.co/rest/v1/articles?select=article_id&original_url=eq.https%3A%2F%2Fnews.hada.io%2Ftopic%3Fid%3D32716 "HTTP/2 200 OK"
2026-08-21 17:46:09,460 [INFO] HTTP Request: GET https://wafeeknfpzjzngzuphoz.supabase.co/rest/v1/articles?select=article_id&original_url=eq.https%3A%2F%2Fnews.hada.io%2Ftopic%3Fid%3D32715 "HTTP/2 200 OK"
2026-08-21 17:46:09,480 [INFO] HTTP Request: GET https://wafeeknfpzjzngzuphoz.supabase.co/rest/v1/articles?select=article_id&original_url=eq.https%3A%2F%2Fnews.hada.io%2Ftopic%3Fid%3D32714 "HTTP/2 200 OK"
2026-08-21 17:46:09,500 [INFO] HTTP Request: GET https://wafeeknfpzjzngzuphoz.supabase.co/rest/v1/articles?select=article_id&original_url=eq.https%3A%2F%2Fnews.hada.io%2Ftopic%3Fid%3D32713 "HTTP/2 200 OK"
2026-08-21 17:46:09,517 [INFO] HTTP Request: GET https://wafeeknfpzjzngzuphoz.supabase.co/rest/v1/articles?select=article_id&original_url=eq.https%3A%2F%2Fnews.hada.io%2Ftopic%3Fid%3D32712 "HTTP/2 200 OK"
2026-08-21 17:46:09,599 [INFO] HTTP Request: GET https://wafeeknfpzjzngzuphoz.supabase.co/rest/v1/articles?select=article_id&original_url=eq.https%3A%2F%2Fwww.aitimes.com%2Fnews%2FarticleView.html%3Fidxno%3D214205 "HTTP/2 200 OK"
2026-08-21 17:46:09,620 [INFO] HTTP Request: GET https://wafeeknfpzjzngzuphoz.supabase.co/rest/v1/articles?select=article_id&original_url=eq.https%3A%2F%2Fwww.aitimes.com%2Fnews%2FarticleView.html%3Fidxno%3D214214 "HTTP/2 200 OK"
2026-08-21 17:46:09,638 [INFO] HTTP Request: GET https://wafeeknfpzjzngzuphoz.supabase.co/rest/v1/articles?select=article_id&original_url=eq.https%3A%2F%2Fwww.aitimes.com%2Fnews%2FarticleView.html%3Fidxno%3D214213 "HTTP/2 200 OK"
2026-08-21 17:46:09,656 [INFO] HTTP Request: GET https://wafeeknfpzjzngzuphoz.supabase.co/rest/v1/articles?select=article_id&original_url=eq.https%3A%2F%2Fwww.aitimes.com%2Fnews%2FarticleView.html%3Fidxno%3D214226 "HTTP/2 200 OK"
2026-08-21 17:46:09,674 [INFO] HTTP Request: GET https://wafeeknfpzjzngzuphoz.supabase.co/rest/v1/articles?select=article_id&original_url=eq.https%3A%2F%2Fwww.aitimes.com%2Fnews%2FarticleView.html%3Fidxno%3D214189 "HTTP/2 200 OK"
2026-08-21 17:46:09,692 [INFO] HTTP Request: GET https://wafeeknfpzjzngzuphoz.supabase.co/rest/v1/articles?select=article_id&original_url=eq.https%3A%2F%2Fwww.aitimes.com%2Fnews%2FarticleView.html%3Fidxno%3D214222 "HTTP/2 200 OK"
2026-08-21 17:46:09,711 [INFO] HTTP Request: GET https://wafeeknfpzjzngzuphoz.supabase.co/rest/v1/articles?select=article_id&original_url=eq.https%3A%2F%2Fwww.aitimes.com%2Fnews%2FarticleView.html%3Fidxno%3D214223 "HTTP/2 200 OK"
2026-08-21 17:46:09,730 [INFO] HTTP Request: GET https://wafeeknfpzjzngzuphoz.supabase.co/rest/v1/articles?select=article_id&original_url=eq.https%3A%2F%2Fwww.aitimes.com%2Fnews%2FarticleView.html%3Fidxno%3D214219 "HTTP/2 200 OK"
2026-08-21 17:46:09,749 [INFO] HTTP Request: GET https://wafeeknfpzjzngzuphoz.supabase.co/rest/v1/articles?select=article_id&original_url=eq.https%3A%2F%2Fwww.aitimes.com%2Fnews%2FarticleView.html%3Fidxno%3D214228 "HTTP/2 200 OK"
2026-08-21 17:46:09,769 [INFO] HTTP Request: GET https://wafeeknfpzjzngzuphoz.supabase.co/rest/v1/articles?select=article_id&original_url=eq.https%3A%2F%2Fwww.aitimes.com%2Fnews%2FarticleView.html%3Fidxno%3D214224 "HTTP/2 200 OK"
2026-08-21 17:46:10,299 [INFO] HTTP Request: GET https://wafeeknfpzjzngzuphoz.supabase.co/rest/v1/articles?select=article_id&original_url=eq.https%3A%2F%2Fnews.google.com%2Frss%2Farticles%2FCBMiXEFVX3lxTE9DWXkyN3hhUDFHR0tCMXdpVkt3OTAyS1dBUUN6QXBKTEpMOF9SLWJSZkl3VW5FdzE2N1JiYk13NGtFQXNnbjFZZ3Vsd3BZNGJLWDJTdVladTk0bXRi%3Foc%3D5 "HTTP/2 200 OK"
2026-08-21 17:46:10,319 [INFO] HTTP Request: GET https://wafeeknfpzjzngzuphoz.supabase.co/rest/v1/articles?select=article_id&original_url=eq.https%3A%2F%2Fnews.google.com%2Frss%2Farticles%2FCBMiVkFVX3lxTFBlSVhEWDF6dU85X3puVUswSzlXLUx4OXg5b0JZMlJYeHFXcHFsM1FLNEQ4MHQxTjlfRzZMZVhiU0JVTm5nS1paWnhEVXM1RzRmV0hWeWNR%3Foc%3D5 "HTTP/2 200 OK"
2026-08-21 17:46:10,339 [INFO] HTTP Request: GET https://wafeeknfpzjzngzuphoz.supabase.co/rest/v1/articles?select=article_id&original_url=eq.https%3A%2F%2Fnews.google.com%2Frss%2Farticles%2FCBMiX0FVX3lxTE5IRW4zbDg2OG1sYmVhVGhPUmNGaFJ6ZVdGYjNTeEd0eUp5REtWSm1fQ05rdnZFNkVPQVFlcExzYnU2YURSOE9PeHdiMEtCZXdBNkM0OFlOVWxoR1RySU84%3Foc%3D5 "HTTP/2 200 OK"
2026-08-21 17:46:10,357 [INFO] HTTP Request: GET https://wafeeknfpzjzngzuphoz.supabase.co/rest/v1/articles?select=article_id&original_url=eq.https%3A%2F%2Fnews.google.com%2Frss%2Farticles%2FCBMiSEFVX3lxTE1mczBWYm0wOEU3a2NSanExQ0V5ZjNDWmZhNURubTVxcmJDRUNjLXZzT1JmT2JlbVYwUjlWY0dxNXgxRW5ueHdveA%3Foc%3D5 "HTTP/2 200 OK"
2026-08-21 17:46:10,376 [INFO] HTTP Request: GET https://wafeeknfpzjzngzuphoz.supabase.co/rest/v1/articles?select=article_id&original_url=eq.https%3A%2F%2Fnews.google.com%2Frss%2Farticles%2FCBMijgFBVV95cUxPaXVvNUlaeE5USjVKOGE5WEpLRDA2Y0c4Z3hONXZLaXc3X2IySmlzMy1kSExBUzNRMlY5dmUyNWNnX295R0tucnRKUi1aUnJsMjkzUllJWGdzbHVtajMyVG5pWW81YUxVbzhRQUh1T3E4bTJaU3AtRlFzQ0RjUzFxc1BqMkZpNGRwVUhXTi1R%3Foc%3D5 "HTTP/2 200 OK"
2026-08-21 17:46:10,396 [INFO] HTTP Request: GET https://wafeeknfpzjzngzuphoz.supabase.co/rest/v1/articles?select=article_id&original_url=eq.https%3A%2F%2Fnews.google.com%2Frss%2Farticles%2FCBMib0FVX3lxTE1GYWxwbEp6YTFrUExYQ3J0aW1aVkdtTFptSlNqZ3dsWEdlLXI2RnJyb3UwQVhHWURDamk2UXE5N1dIMzQxZkxOT0R0V1gyUHRkYWhqdWgycHU4WHNXa2QtTUVReFpLbWZoZWlmS09nWQ%3Foc%3D5 "HTTP/2 200 OK"
2026-08-21 17:46:10,415 [INFO] HTTP Request: GET https://wafeeknfpzjzngzuphoz.supabase.co/rest/v1/articles?select=article_id&original_url=eq.https%3A%2F%2Fnews.google.com%2Frss%2Farticles%2FCBMiT0FVX3lxTFAzaWZPNVkxUlpVVTkzeEkyZURXNHppRWFtYkVEeUFCaDhTeVJFS0VubHd5Tjd6U09KRGI3ZDZYTXFNWWRQeHk5Q1F2eTlzeDQ%3Foc%3D5 "HTTP/2 200 OK"
2026-08-21 17:46:10,435 [INFO] HTTP Request: GET https://wafeeknfpzjzngzuphoz.supabase.co/rest/v1/articles?select=article_id&original_url=eq.https%3A%2F%2Fnews.google.com%2Frss%2Farticles%2FCBMiiAFBVV95cUxPcUNMUVl5OG0ydkJSb2c3eVJiLXNNdFYzQno4XzkyYzl2d2lvLUNnYzBzb1lqaHBxNzZtSXBuNzc0dlpfSHZuTC1TeG16RU1OQUhBUDFHaDVRQjB5bVBWazRINWdMZm1hYXpfOURrZzlQV1Ayb3ViWTRLZUl3eGdvdDY3WVVMNExo%3Foc%3D5 "HTTP/2 200 OK"
2026-08-21 17:46:10,455 [INFO] HTTP Request: GET https://wafeeknfpzjzngzuphoz.supabase.co/rest/v1/articles?select=article_id&original_url=eq.https%3A%2F%2Fnews.google.com%2Frss%2Farticles%2FCBMiWEFVX3lxTFBvd3pDNkp0cF9pMEIwd3lGQTg4VDE1VUVKREgtdEZRVUVuamgtZk5pNTlDM25oSnZCYVh1eENCQ1A0djlaYWdJU3RGWXdyakFlV2E3b1NZUEHSAV5BVV95cUxOMk1seVBkRzVWbHJUaW1IRzY4bTIyS1NEQnlMbzM2V1pPdW00N0pnazJTRW1sRF9QV3h3ZExUb0RDWU1HVGVGR2hwYW1WTzN3ZGVPX2NweG00ZDVUX3pR%3Foc%3D5 "HTTP/2 200 OK"
2026-08-21 17:46:10,474 [INFO] HTTP Request: GET https://wafeeknfpzjzngzuphoz.supabase.co/rest/v1/articles?select=article_id&original_url=eq.https%3A%2F%2Fnews.google.com%2Frss%2Farticles%2FCBMic0FVX3lxTE1WUnZtUmtkcS1Ec0ppZVV4WjBnNWswaTlPY1JsOXJaWkVaai1kdjdsSXNFY2tTM2hybFJGT3pnLUZUSEp3eHYzVGtYbkhsZEYxdTRhb2JQTXd5Z1I2YXROYlhQN3d6QWJZNHNhZjZreWp3YmM%3Foc%3D5 "HTTP/2 200 OK"
2026-08-21 17:46:11,138 [INFO] HTTP Request: GET https://wafeeknfpzjzngzuphoz.supabase.co/rest/v1/articles?select=article_id&original_url=eq.https%3A%2F%2Fnews.google.com%2Frss%2Farticles%2FCBMiT0FVX3lxTE5pT2NxbXJmajNtcGRxTHZNcjlXazcwQ29IeGNUN0F3X2dUOWV2S1dDVHMyZUtrdWNoLWhXZHJ0SlJLRUNfcUNjMXR5MUpYTzQ%3Foc%3D5 "HTTP/2 200 OK"
2026-08-21 17:46:11,158 [INFO] HTTP Request: GET https://wafeeknfpzjzngzuphoz.supabase.co/rest/v1/articles?select=article_id&original_url=eq.https%3A%2F%2Fnews.google.com%2Frss%2Farticles%2FCBMiWkFVX3lxTE95SGFjUDdLYVhPYXBjSXRhelZMMndBZXdkQTR0dTNvRG82U1hRbTVweUJveVVyYUtnR3dOREt5WDFjOVdVQnd0VWlLU0k2cTVDdUprWENTaTREUdIBX0FVX3lxTE1ITGZzcjlrQkNDWDE3RnBpdXVPV2RtVXNKT3NUUzRVcWYzSk5mRW92cWs2X09aVVNNeTZyYlhkekY2OUQ1UWwzcUJFY1hiTFgwU2hVS0xLWXZlVXFheFhJ%3Foc%3D5 "HTTP/2 200 OK"
2026-08-21 17:46:11,180 [INFO] HTTP Request: GET https://wafeeknfpzjzngzuphoz.supabase.co/rest/v1/articles?select=article_id&original_url=eq.https%3A%2F%2Fnews.google.com%2Frss%2Farticles%2FCBMiWkFVX3lxTE1sa0hTYXF5WDhTS1pzWXBMWVVsYnpCNW1MTkpKc19lcmhuelEzdTJVSDlwNkVzMTIxWUdpRlBMSC1oNGN4R2xPSlN3V0poR2RGa0pvbUZvMVdhUdIBWEFVX3lxTE1OR2llcHJQMTBTaDBNVVVkT3cwd0xfQWJ4b2VRcmtFSnNNUE1JZjMtZUhld0lqRDdOYjM2b1JSVk5UT1JwM0F1OS1OaWZIbTdKQ3Ixck10LUc%3Foc%3D5 "HTTP/2 200 OK"
2026-08-21 17:46:11,201 [INFO] HTTP Request: GET https://wafeeknfpzjzngzuphoz.supabase.co/rest/v1/articles?select=article_id&original_url=eq.https%3A%2F%2Fnews.google.com%2Frss%2Farticles%2FCBMiXEFVX3lxTE9FTkJLTmFvLVJJem5NckxBWUJfVW5BWklBd1ExZjFhbF85NzFRR21HRTBCbHI3QWs0blN0aDhiVTNMX2xmN2ZVdER5dGV3LWNPUFFxMHJMM1RjRnJa%3Foc%3D5 "HTTP/2 200 OK"
2026-08-21 17:46:11,220 [INFO] HTTP Request: GET https://wafeeknfpzjzngzuphoz.supabase.co/rest/v1/articles?select=article_id&original_url=eq.https%3A%2F%2Fnews.google.com%2Frss%2Farticles%2FCBMiYkFVX3lxTE1FdWNubjI3UUxJLVFiMm13dGVzQ3NVUEdxRnUzTkpzSTRmQ3RySWtyYU9Nb05xbFJxUmNlazQ0VHdyNXg0d0toelUyZ2I1ODFBMGR4M09WSkY3Y3B5SEtEdTNB%3Foc%3D5 "HTTP/2 200 OK"
2026-08-21 17:46:11,239 [INFO] HTTP Request: GET https://wafeeknfpzjzngzuphoz.supabase.co/rest/v1/articles?select=article_id&original_url=eq.https%3A%2F%2Fnews.google.com%2Frss%2Farticles%2FCBMihAFBVV95cUxQOHc5V0xHTzhmMnc0bzNvbHdpU0Q1RjZPVjl6Z3hRTkpYYlRqWDEyZlQ5WnhORG56Ry1zNkQySWtQclFnTmlTeDZZcnFUckhka29Ed2RFTXZaaXhQX3FOQWJaOThFQUlTNzVwMTdzUFVRcml6b1hkS2R2M09NU2tuazFBaFA%3Foc%3D5 "HTTP/2 200 OK"
2026-08-21 17:46:11,259 [INFO] HTTP Request: GET https://wafeeknfpzjzngzuphoz.supabase.co/rest/v1/articles?select=article_id&original_url=eq.https%3A%2F%2Fnews.google.com%2Frss%2Farticles%2FCBMiVkFVX3lxTE1QNVk5ZkUyd3ZRRzBMU0VVZlVBRDZFYVltVFZLc0t6VzVlbFlsVGNnVFh1UWdTazFGd3VvMWdYWGlrUWNwSGFnODFQa2l2NlNLN2dEZHp3%3Foc%3D5 "HTTP/2 200 OK"
2026-08-21 17:46:11,278 [INFO] HTTP Request: GET https://wafeeknfpzjzngzuphoz.supabase.co/rest/v1/articles?select=article_id&original_url=eq.https%3A%2F%2Fnews.google.com%2Frss%2Farticles%2FCBMic0FVX3lxTE1kZmtaTGNLYUhmOEdnTXBqTm13b3ZKNXk1MS0xU3ZKWl9fTm5yc3hrNDRaeUF1TkF6WFFDU3QzZG0yTkNQbzZGbDNPMG1xU1ByeFZaSHhEOG9vZ09ZSDFtVXBILTVGd2dobFZfNnZzWk1kdUHSAXdBVV95cUxQcHR3Y092blBPc202b1JaOHh5ZFl1Vkw2NnRzdmNuRXBpYUpOQkc5NkpkMUFpWl9aN2VxVlZFSmZXSzdPOFhacHJjWXV6Unp2cGRVVUNCNFdJYjZ3bDZ1OTFDUXRFWXVHa0Uwa1dUUE43RlJvQ2Ztdw%3Foc%3D5 "HTTP/2 200 OK"
2026-08-21 17:46:11,297 [INFO] HTTP Request: GET https://wafeeknfpzjzngzuphoz.supabase.co/rest/v1/articles?select=article_id&original_url=eq.https%3A%2F%2Fnews.google.com%2Frss%2Farticles%2FCBMiaEFVX3lxTE9GdVM2T3VXYmhMWGxqSlFwREc5VzExOWpSWU1rNE5KY1VLTUlGcHJJZFVtdlBCSm0tclpMMWZINTJucnJObW05UXQxbDZ3aXJRNVBLVFgtUnFiWF9WRFh2YlphbUh4VGNP0gFsQVVfeXFMUFF2cUJROC1HMnpmNGNUVkJNa3htd2NsYk5CUzRTWjBGZkVwRXpKWWlFU2F5bVN3ZFNiai1aeU5SN1ZOWmZvRmJ6UTFrUzRqU2F6R0s0TEFtWl9CVXdzT3ZXdnRqU2hObS00enhK%3Foc%3D5 "HTTP/2 200 OK"
2026-08-21 17:46:11,315 [INFO] HTTP Request: GET https://wafeeknfpzjzngzuphoz.supabase.co/rest/v1/articles?select=article_id&original_url=eq.https%3A%2F%2Fnews.google.com%2Frss%2Farticles%2FCBMic0FVX3lxTE9EdUhvQV9xVlE2WER4QWV0NWx0ajRpbVBOR1VCclR2dkZpS21EakV2a1VFUVFuSmdjN2tLS0I4eWhXV2hIMjFFZ191Z09sNmFvZTY4ZFNYNzdBcmlWWmFhWHBuYlJ3eE03M245V19KMnFFRFk%3Foc%3D5 "HTTP/2 200 OK"
2026-08-21 17:46:11,461 [INFO] HTTP Request: GET https://wafeeknfpzjzngzuphoz.supabase.co/rest/v1/articles?select=article_id&original_url=eq.https%3A%2F%2Fyozm.wishket.com%2Fmagazine%2Fdetail%2F3908 "HTTP/2 200 OK"
2026-08-21 17:46:11,482 [INFO] HTTP Request: GET https://wafeeknfpzjzngzuphoz.supabase.co/rest/v1/articles?select=article_id&original_url=eq.https%3A%2F%2Fyozm.wishket.com%2Fmagazine%2Fdetail%2F3907 "HTTP/2 200 OK"
2026-08-21 17:46:11,500 [INFO] HTTP Request: GET https://wafeeknfpzjzngzuphoz.supabase.co/rest/v1/articles?select=article_id&original_url=eq.https%3A%2F%2Fyozm.wishket.com%2Fmagazine%2Fdetail%2F3906 "HTTP/2 200 OK"
2026-08-21 17:46:11,518 [INFO] HTTP Request: GET https://wafeeknfpzjzngzuphoz.supabase.co/rest/v1/articles?select=article_id&original_url=eq.https%3A%2F%2Fyozm.wishket.com%2Fmagazine%2Fdetail%2F3905 "HTTP/2 200 OK"
2026-08-21 17:46:11,537 [INFO] HTTP Request: GET https://wafeeknfpzjzngzuphoz.supabase.co/rest/v1/articles?select=article_id&original_url=eq.https%3A%2F%2Fyozm.wishket.com%2Fmagazine%2Fdetail%2F3904 "HTTP/2 200 OK"
2026-08-21 17:46:11,555 [INFO] HTTP Request: GET https://wafeeknfpzjzngzuphoz.supabase.co/rest/v1/articles?select=article_id&original_url=eq.https%3A%2F%2Fyozm.wishket.com%2Fmagazine%2Fdetail%2F3903 "HTTP/2 200 OK"
2026-08-21 17:46:11,575 [INFO] HTTP Request: GET https://wafeeknfpzjzngzuphoz.supabase.co/rest/v1/articles?select=article_id&original_url=eq.https%3A%2F%2Fyozm.wishket.com%2Fmagazine%2Fdetail%2F3902 "HTTP/2 200 OK"
2026-08-21 17:46:11,594 [INFO] HTTP Request: GET https://wafeeknfpzjzngzuphoz.supabase.co/rest/v1/articles?select=article_id&original_url=eq.https%3A%2F%2Fyozm.wishket.com%2Fmagazine%2Fdetail%2F3901 "HTTP/2 200 OK"
2026-08-21 17:46:11,610 [INFO] HTTP Request: GET https://wafeeknfpzjzngzuphoz.supabase.co/rest/v1/articles?select=article_id&original_url=eq.https%3A%2F%2Fyozm.wishket.com%2Fmagazine%2Fdetail%2F3900 "HTTP/2 200 OK"
2026-08-21 17:46:11,629 [INFO] HTTP Request: GET https://wafeeknfpzjzngzuphoz.supabase.co/rest/v1/articles?select=article_id&original_url=eq.https%3A%2F%2Fyozm.wishket.com%2Fmagazine%2Fdetail%2F3899 "HTTP/2 200 OK"
2026-08-21 17:46:11,942 [INFO] HTTP Request: GET https://wafeeknfpzjzngzuphoz.supabase.co/rest/v1/articles?select=article_id&original_url=eq.https%3A%2F%2Ftechblog.woowahan.com%2F26876%2F "HTTP/2 200 OK"
2026-08-21 17:46:11,963 [INFO] HTTP Request: GET https://wafeeknfpzjzngzuphoz.supabase.co/rest/v1/articles?select=article_id&original_url=eq.https%3A%2F%2Ftechblog.woowahan.com%2F26777%2F "HTTP/2 200 OK"
2026-08-21 17:46:11,982 [INFO] HTTP Request: GET https://wafeeknfpzjzngzuphoz.supabase.co/rest/v1/articles?select=article_id&original_url=eq.https%3A%2F%2Ftechblog.woowahan.com%2F26729%2F "HTTP/2 200 OK"
2026-08-21 17:46:12,002 [INFO] HTTP Request: GET https://wafeeknfpzjzngzuphoz.supabase.co/rest/v1/articles?select=article_id&original_url=eq.https%3A%2F%2Ftechblog.woowahan.com%2F26507%2F "HTTP/2 200 OK"
2026-08-21 17:46:12,022 [INFO] HTTP Request: GET https://wafeeknfpzjzngzuphoz.supabase.co/rest/v1/articles?select=article_id&original_url=eq.https%3A%2F%2Ftechblog.woowahan.com%2F26624%2F "HTTP/2 200 OK"
2026-08-21 17:46:12,043 [INFO] HTTP Request: GET https://wafeeknfpzjzngzuphoz.supabase.co/rest/v1/articles?select=article_id&original_url=eq.https%3A%2F%2Ftechblog.woowahan.com%2F26492%2F "HTTP/2 200 OK"
2026-08-21 17:46:12,063 [INFO] HTTP Request: GET https://wafeeknfpzjzngzuphoz.supabase.co/rest/v1/articles?select=article_id&original_url=eq.https%3A%2F%2Ftechblog.woowahan.com%2F26459%2F "HTTP/2 200 OK"
2026-08-21 17:46:12,087 [INFO] HTTP Request: GET https://wafeeknfpzjzngzuphoz.supabase.co/rest/v1/articles?select=article_id&original_url=eq.https%3A%2F%2Ftechblog.woowahan.com%2F26379%2F "HTTP/2 200 OK"
2026-08-21 17:46:12,106 [INFO] HTTP Request: GET https://wafeeknfpzjzngzuphoz.supabase.co/rest/v1/articles?select=article_id&original_url=eq.https%3A%2F%2Ftechblog.woowahan.com%2F26388%2F "HTTP/2 200 OK"
2026-08-21 17:46:12,124 [INFO] HTTP Request: GET https://wafeeknfpzjzngzuphoz.supabase.co/rest/v1/articles?select=article_id&original_url=eq.https%3A%2F%2Ftechblog.woowahan.com%2F26319%2F "HTTP/2 200 OK"
2026-08-21 17:46:12,242 [INFO] HTTP Request: GET https://wafeeknfpzjzngzuphoz.supabase.co/rest/v1/articles?select=article_id&original_url=eq.https%3A%2F%2Ftech.kakao.com%2Fposts%2F829 "HTTP/2 200 OK"
2026-08-21 17:46:12,261 [INFO] HTTP Request: GET https://wafeeknfpzjzngzuphoz.supabase.co/rest/v1/articles?select=article_id&original_url=eq.https%3A%2F%2Ftech.kakao.com%2Fposts%2F828 "HTTP/2 200 OK"
2026-08-21 17:46:12,278 [INFO] HTTP Request: GET https://wafeeknfpzjzngzuphoz.supabase.co/rest/v1/articles?select=article_id&original_url=eq.https%3A%2F%2Ftech.kakao.com%2Fposts%2F827 "HTTP/2 200 OK"
2026-08-21 17:46:12,295 [INFO] HTTP Request: GET https://wafeeknfpzjzngzuphoz.supabase.co/rest/v1/articles?select=article_id&original_url=eq.https%3A%2F%2Ftech.kakao.com%2Fposts%2F826 "HTTP/2 200 OK"
2026-08-21 17:46:12,313 [INFO] HTTP Request: GET https://wafeeknfpzjzngzuphoz.supabase.co/rest/v1/articles?select=article_id&original_url=eq.https%3A%2F%2Ftech.kakao.com%2Fposts%2F825 "HTTP/2 200 OK"
2026-08-21 17:46:12,334 [INFO] HTTP Request: GET https://wafeeknfpzjzngzuphoz.supabase.co/rest/v1/articles?select=article_id&original_url=eq.https%3A%2F%2Ftech.kakao.com%2Fposts%2F824 "HTTP/2 200 OK"
2026-08-21 17:46:12,356 [INFO] HTTP Request: GET https://wafeeknfpzjzngzuphoz.supabase.co/rest/v1/articles?select=article_id&original_url=eq.https%3A%2F%2Ftech.kakao.com%2Fposts%2F823 "HTTP/2 200 OK"
2026-08-21 17:46:12,378 [INFO] HTTP Request: GET https://wafeeknfpzjzngzuphoz.supabase.co/rest/v1/articles?select=article_id&original_url=eq.https%3A%2F%2Ftech.kakao.com%2Fposts%2F818 "HTTP/2 200 OK"
2026-08-21 17:46:12,400 [INFO] HTTP Request: GET https://wafeeknfpzjzngzuphoz.supabase.co/rest/v1/articles?select=article_id&original_url=eq.https%3A%2F%2Ftech.kakao.com%2Fposts%2F822 "HTTP/2 200 OK"
2026-08-21 17:46:12,419 [INFO] HTTP Request: GET https://wafeeknfpzjzngzuphoz.supabase.co/rest/v1/articles?select=article_id&original_url=eq.https%3A%2F%2Ftech.kakao.com%2Fposts%2F821 "HTTP/2 200 OK"
2026-08-21 17:46:12,451 [INFO] HTTP Request: GET https://wafeeknfpzjzngzuphoz.supabase.co/rest/v1/articles?select=article_id%2Csource_id%2Ccategory_id%2Coriginal_url%2Ctitle%2Csummary%2Csources%28name%2Ctype%2Creliability_score%29%2Ccategories%28name%29&collected_at=gte.2026-08-21T00%3A00%3A00 "HTTP/2 200 OK"
2026-08-21 17:46:12,478 [INFO] HTTP Request: GET https://wafeeknfpzjzngzuphoz.supabase.co/rest/v1/users?select=user_id%2Cemail "HTTP/2 200 OK"
2026-08-21 17:46:12,498 [INFO] HTTP Request: GET https://wafeeknfpzjzngzuphoz.supabase.co/rest/v1/user_sources?select=source_id&user_id=eq.1 "HTTP/2 200 OK"
2026-08-21 17:46:12,537 [INFO] HTTP Request: GET https://wafeeknfpzjzngzuphoz.supabase.co/rest/v1/subscriptions?select=category_id&user_id=eq.1&is_active=eq.True "HTTP/2 200 OK"
2026-08-21 17:46:12,538 [ERROR] ❌ 사용자 ID 1의 구독/소스 정보 조회 중 오류: name 'console' is not defined
2026-08-21 17:46:12,538 [INFO] ✅ 총 0개 신규 기사 DB 저장 및 개인별 다이제스트 생성 완료

2026-08-21 17:46:28,872 [INFO] ⚡ [--now] 옵션 감지: 즉시 수집 작업을 실행합니다.
2026-08-21 17:46:28,872 [INFO] 🚀 [Start] RSS 피드 수집 및 DB 저장 시작
2026-08-21 17:46:28,923 [INFO] HTTP Request: GET https://wafeeknfpzjzngzuphoz.supabase.co/rest/v1/sources?select=source_id%2Cname%2Curl "HTTP/2 200 OK"
2026-08-21 17:46:28,947 [INFO] HTTP Request: GET https://wafeeknfpzjzngzuphoz.supabase.co/rest/v1/categories?select=category_id%2Cname&is_active=eq.True "HTTP/2 200 OK"
2026-08-21 17:46:29,441 [INFO] HTTP Request: GET https://wafeeknfpzjzngzuphoz.supabase.co/rest/v1/articles?select=article_id&original_url=eq.https%3A%2F%2Fopenai.com%2Findex%2Fintroducing-ai-futures "HTTP/2 200 OK"
2026-08-21 17:46:29,460 [INFO] HTTP Request: GET https://wafeeknfpzjzngzuphoz.supabase.co/rest/v1/articles?select=article_id&original_url=eq.https%3A%2F%2Fopenai.com%2Findex%2Fstampli "HTTP/2 200 OK"
2026-08-21 17:46:29,479 [INFO] HTTP Request: GET https://wafeeknfpzjzngzuphoz.supabase.co/rest/v1/articles?select=article_id&original_url=eq.https%3A%2F%2Fopenai.com%2Findex%2Foffering-zero-data-retention-for-frontier-models "HTTP/2 200 OK"
2026-08-21 17:46:29,497 [INFO] HTTP Request: GET https://wafeeknfpzjzngzuphoz.supabase.co/rest/v1/articles?select=article_id&original_url=eq.https%3A%2F%2Fopenai.com%2Findex%2Freplit "HTTP/2 200 OK"
2026-08-21 17:46:29,517 [INFO] HTTP Request: GET https://wafeeknfpzjzngzuphoz.supabase.co/rest/v1/articles?select=article_id&original_url=eq.https%3A%2F%2Fopenai.com%2Findex%2Fchatgpt-ads-expands-across-europe "HTTP/2 200 OK"
2026-08-21 17:46:29,537 [INFO] HTTP Request: GET https://wafeeknfpzjzngzuphoz.supabase.co/rest/v1/articles?select=article_id&original_url=eq.https%3A%2F%2Fopenai.com%2Findex%2Fstrengthening-democratic-oversight-in-national-security "HTTP/2 200 OK"
2026-08-21 17:46:29,556 [INFO] HTTP Request: GET https://wafeeknfpzjzngzuphoz.supabase.co/rest/v1/articles?select=article_id&original_url=eq.https%3A%2F%2Fopenai.com%2Findex%2Fpartnering-with-codeai "HTTP/2 200 OK"
2026-08-21 17:46:29,576 [INFO] HTTP Request: GET https://wafeeknfpzjzngzuphoz.supabase.co/rest/v1/articles?select=article_id&original_url=eq.https%3A%2F%2Fopenai.com%2Findex%2Fpacing-model-development-cyber-capabilities "HTTP/2 200 OK"
2026-08-21 17:46:29,595 [INFO] HTTP Request: GET https://wafeeknfpzjzngzuphoz.supabase.co/rest/v1/articles?select=article_id&original_url=eq.https%3A%2F%2Fopenai.com%2Findex%2Fchatgpt-for-teens "HTTP/2 200 OK"
2026-08-21 17:46:29,615 [INFO] HTTP Request: GET https://wafeeknfpzjzngzuphoz.supabase.co/rest/v1/articles?select=article_id&original_url=eq.https%3A%2F%2Fopenai.com%2Findex%2Fnvidia%2Fchatgpt-work "HTTP/2 200 OK"
2026-08-21 17:46:30,386 [INFO] HTTP Request: GET https://wafeeknfpzjzngzuphoz.supabase.co/rest/v1/articles?select=article_id&original_url=eq.https%3A%2F%2Fblog.google%2Fproducts-and-platforms%2Fproducts%2Fsearch%2Fback-to-school-study-tools%2F "HTTP/2 200 OK"
2026-08-21 17:46:30,409 [INFO] HTTP Request: GET https://wafeeknfpzjzngzuphoz.supabase.co/rest/v1/articles?select=article_id&original_url=eq.https%3A%2F%2Fblog.google%2Fproducts-and-platforms%2Fproducts%2Fgemini%2Fgoogle-gemini-pixel-football-club-partnerships%2F "HTTP/2 200 OK"
2026-08-21 17:46:30,429 [INFO] HTTP Request: GET https://wafeeknfpzjzngzuphoz.supabase.co/rest/v1/articles?select=article_id&original_url=eq.https%3A%2F%2Fblog.google%2Fproducts-and-platforms%2Fproducts%2Fworkspace%2Fsheets-canvas-for-google-sheets-spreadsheets%2F "HTTP/2 200 OK"
2026-08-21 17:46:30,447 [INFO] HTTP Request: GET https://wafeeknfpzjzngzuphoz.supabase.co/rest/v1/articles?select=article_id&original_url=eq.https%3A%2F%2Fblog.google%2Finnovation-and-ai%2Fmodels-and-research%2Fgoogle-research%2Famie-video-consultations%2F "HTTP/2 200 OK"
2026-08-21 17:46:30,467 [INFO] HTTP Request: GET https://wafeeknfpzjzngzuphoz.supabase.co/rest/v1/articles?select=article_id&original_url=eq.https%3A%2F%2Fblog.google%2Fproducts%2Fads-commerce%2Fgoogle-ads-analytics-ai-updates%2F "HTTP/2 200 OK"
2026-08-21 17:46:30,488 [INFO] HTTP Request: GET https://wafeeknfpzjzngzuphoz.supabase.co/rest/v1/articles?select=article_id&original_url=eq.https%3A%2F%2Fblog.google%2Finnovation-and-ai%2Ftechnology%2Fai%2Fgoogle-ai-updates-july-2026%2F "HTTP/2 200 OK"
2026-08-21 17:46:30,506 [INFO] HTTP Request: GET https://wafeeknfpzjzngzuphoz.supabase.co/rest/v1/articles?select=article_id&original_url=eq.https%3A%2F%2Fblog.google%2Finnovation-and-ai%2Ftechnology%2Fdevelopers-tools%2Fai-agents-intensive-recap-2026%2F "HTTP/2 200 OK"
2026-08-21 17:46:30,524 [INFO] HTTP Request: GET https://wafeeknfpzjzngzuphoz.supabase.co/rest/v1/articles?select=article_id&original_url=eq.https%3A%2F%2Fblog.google%2Finnovation-and-ai%2Ftechnology%2Fdevelopers-tools%2Fexpanding-managed-agents-gemini-api-3-6-flash-hooks%2F "HTTP/2 200 OK"
2026-08-21 17:46:30,541 [INFO] HTTP Request: GET https://wafeeknfpzjzngzuphoz.supabase.co/rest/v1/articles?select=article_id&original_url=eq.https%3A%2F%2Fblog.google%2Fproducts-and-platforms%2Fproducts%2Fsearch%2Fai-mode-real-world-tips%2F "HTTP/2 200 OK"
2026-08-21 17:46:30,561 [INFO] HTTP Request: GET https://wafeeknfpzjzngzuphoz.supabase.co/rest/v1/articles?select=article_id&original_url=eq.https%3A%2F%2Fblog.google%2Fproducts-and-platforms%2Fproducts%2Fsearch%2Fdinner-party-hosting-tips%2F "HTTP/2 200 OK"
2026-08-21 17:46:31,265 [INFO] HTTP Request: GET https://wafeeknfpzjzngzuphoz.supabase.co/rest/v1/articles?select=article_id&original_url=eq.https%3A%2F%2Fnews.hada.io%2Ftopic%3Fid%3D32723 "HTTP/2 200 OK"
2026-08-21 17:46:31,286 [INFO] HTTP Request: GET https://wafeeknfpzjzngzuphoz.supabase.co/rest/v1/articles?select=article_id&original_url=eq.https%3A%2F%2Fnews.hada.io%2Farticle%2Fopenrouter-is-not-just-a-proxy "HTTP/2 200 OK"
2026-08-21 17:46:31,307 [INFO] HTTP Request: GET https://wafeeknfpzjzngzuphoz.supabase.co/rest/v1/articles?select=article_id&original_url=eq.https%3A%2F%2Fnews.hada.io%2Ftopic%3Fid%3D32720 "HTTP/2 200 OK"
2026-08-21 17:46:31,326 [INFO] HTTP Request: GET https://wafeeknfpzjzngzuphoz.supabase.co/rest/v1/articles?select=article_id&original_url=eq.https%3A%2F%2Fnews.hada.io%2Ftopic%3Fid%3D32719 "HTTP/2 200 OK"
2026-08-21 17:46:31,355 [INFO] HTTP Request: GET https://wafeeknfpzjzngzuphoz.supabase.co/rest/v1/articles?select=article_id&original_url=eq.https%3A%2F%2Fnews.hada.io%2Ftopic%3Fid%3D32717 "HTTP/2 200 OK"
2026-08-21 17:46:31,391 [INFO] HTTP Request: GET https://wafeeknfpzjzngzuphoz.supabase.co/rest/v1/articles?select=article_id&original_url=eq.https%3A%2F%2Fnews.hada.io%2Ftopic%3Fid%3D32716 "HTTP/2 200 OK"
2026-08-21 17:46:31,425 [INFO] HTTP Request: GET https://wafeeknfpzjzngzuphoz.supabase.co/rest/v1/articles?select=article_id&original_url=eq.https%3A%2F%2Fnews.hada.io%2Ftopic%3Fid%3D32715 "HTTP/2 200 OK"
2026-08-21 17:46:31,445 [INFO] HTTP Request: GET https://wafeeknfpzjzngzuphoz.supabase.co/rest/v1/articles?select=article_id&original_url=eq.https%3A%2F%2Fnews.hada.io%2Ftopic%3Fid%3D32714 "HTTP/2 200 OK"
2026-08-21 17:46:31,470 [INFO] HTTP Request: GET https://wafeeknfpzjzngzuphoz.supabase.co/rest/v1/articles?select=article_id&original_url=eq.https%3A%2F%2Fnews.hada.io%2Ftopic%3Fid%3D32713 "HTTP/2 200 OK"
2026-08-21 17:46:31,487 [INFO] HTTP Request: GET https://wafeeknfpzjzngzuphoz.supabase.co/rest/v1/articles?select=article_id&original_url=eq.https%3A%2F%2Fnews.hada.io%2Ftopic%3Fid%3D32712 "HTTP/2 200 OK"
2026-08-21 17:46:31,557 [INFO] HTTP Request: GET https://wafeeknfpzjzngzuphoz.supabase.co/rest/v1/articles?select=article_id&original_url=eq.https%3A%2F%2Fwww.aitimes.com%2Fnews%2FarticleView.html%3Fidxno%3D214205 "HTTP/2 200 OK"
2026-08-21 17:46:31,575 [INFO] HTTP Request: GET https://wafeeknfpzjzngzuphoz.supabase.co/rest/v1/articles?select=article_id&original_url=eq.https%3A%2F%2Fwww.aitimes.com%2Fnews%2FarticleView.html%3Fidxno%3D214214 "HTTP/2 200 OK"
2026-08-21 17:46:31,604 [INFO] HTTP Request: GET https://wafeeknfpzjzngzuphoz.supabase.co/rest/v1/articles?select=article_id&original_url=eq.https%3A%2F%2Fwww.aitimes.com%2Fnews%2FarticleView.html%3Fidxno%3D214213 "HTTP/2 200 OK"
2026-08-21 17:46:31,624 [INFO] HTTP Request: GET https://wafeeknfpzjzngzuphoz.supabase.co/rest/v1/articles?select=article_id&original_url=eq.https%3A%2F%2Fwww.aitimes.com%2Fnews%2FarticleView.html%3Fidxno%3D214226 "HTTP/2 200 OK"
2026-08-21 17:46:31,643 [INFO] HTTP Request: GET https://wafeeknfpzjzngzuphoz.supabase.co/rest/v1/articles?select=article_id&original_url=eq.https%3A%2F%2Fwww.aitimes.com%2Fnews%2FarticleView.html%3Fidxno%3D214189 "HTTP/2 200 OK"
2026-08-21 17:46:31,662 [INFO] HTTP Request: GET https://wafeeknfpzjzngzuphoz.supabase.co/rest/v1/articles?select=article_id&original_url=eq.https%3A%2F%2Fwww.aitimes.com%2Fnews%2FarticleView.html%3Fidxno%3D214222 "HTTP/2 200 OK"
2026-08-21 17:46:31,683 [INFO] HTTP Request: GET https://wafeeknfpzjzngzuphoz.supabase.co/rest/v1/articles?select=article_id&original_url=eq.https%3A%2F%2Fwww.aitimes.com%2Fnews%2FarticleView.html%3Fidxno%3D214223 "HTTP/2 200 OK"
2026-08-21 17:46:31,704 [INFO] HTTP Request: GET https://wafeeknfpzjzngzuphoz.supabase.co/rest/v1/articles?select=article_id&original_url=eq.https%3A%2F%2Fwww.aitimes.com%2Fnews%2FarticleView.html%3Fidxno%3D214219 "HTTP/2 200 OK"
2026-08-21 17:46:31,722 [INFO] HTTP Request: GET https://wafeeknfpzjzngzuphoz.supabase.co/rest/v1/articles?select=article_id&original_url=eq.https%3A%2F%2Fwww.aitimes.com%2Fnews%2FarticleView.html%3Fidxno%3D214228 "HTTP/2 200 OK"
2026-08-21 17:46:31,740 [INFO] HTTP Request: GET https://wafeeknfpzjzngzuphoz.supabase.co/rest/v1/articles?select=article_id&original_url=eq.https%3A%2F%2Fwww.aitimes.com%2Fnews%2FarticleView.html%3Fidxno%3D214224 "HTTP/2 200 OK"
2026-08-21 17:46:31,917 [INFO] HTTP Request: GET https://wafeeknfpzjzngzuphoz.supabase.co/rest/v1/articles?select=article_id&original_url=eq.https%3A%2F%2Fnews.google.com%2Frss%2Farticles%2FCBMiXEFVX3lxTE9DWXkyN3hhUDFHR0tCMXdpVkt3OTAyS1dBUUN6QXBKTEpMOF9SLWJSZkl3VW5FdzE2N1JiYk13NGtFQXNnbjFZZ3Vsd3BZNGJLWDJTdVladTk0bXRi%3Foc%3D5 "HTTP/2 200 OK"
2026-08-21 17:46:31,935 [INFO] HTTP Request: GET https://wafeeknfpzjzngzuphoz.supabase.co/rest/v1/articles?select=article_id&original_url=eq.https%3A%2F%2Fnews.google.com%2Frss%2Farticles%2FCBMiVkFVX3lxTFBlSVhEWDF6dU85X3puVUswSzlXLUx4OXg5b0JZMlJYeHFXcHFsM1FLNEQ4MHQxTjlfRzZMZVhiU0JVTm5nS1paWnhEVXM1RzRmV0hWeWNR%3Foc%3D5 "HTTP/2 200 OK"
2026-08-21 17:46:31,955 [INFO] HTTP Request: GET https://wafeeknfpzjzngzuphoz.supabase.co/rest/v1/articles?select=article_id&original_url=eq.https%3A%2F%2Fnews.google.com%2Frss%2Farticles%2FCBMiX0FVX3lxTE5IRW4zbDg2OG1sYmVhVGhPUmNGaFJ6ZVdGYjNTeEd0eUp5REtWSm1fQ05rdnZFNkVPQVFlcExzYnU2YURSOE9PeHdiMEtCZXdBNkM0OFlOVWxoR1RySU84%3Foc%3D5 "HTTP/2 200 OK"
2026-08-21 17:46:31,974 [INFO] HTTP Request: GET https://wafeeknfpzjzngzuphoz.supabase.co/rest/v1/articles?select=article_id&original_url=eq.https%3A%2F%2Fnews.google.com%2Frss%2Farticles%2FCBMiSEFVX3lxTE1mczBWYm0wOEU3a2NSanExQ0V5ZjNDWmZhNURubTVxcmJDRUNjLXZzT1JmT2JlbVYwUjlWY0dxNXgxRW5ueHdveA%3Foc%3D5 "HTTP/2 200 OK"
2026-08-21 17:46:31,995 [INFO] HTTP Request: GET https://wafeeknfpzjzngzuphoz.supabase.co/rest/v1/articles?select=article_id&original_url=eq.https%3A%2F%2Fnews.google.com%2Frss%2Farticles%2FCBMijgFBVV95cUxPaXVvNUlaeE5USjVKOGE5WEpLRDA2Y0c4Z3hONXZLaXc3X2IySmlzMy1kSExBUzNRMlY5dmUyNWNnX295R0tucnRKUi1aUnJsMjkzUllJWGdzbHVtajMyVG5pWW81YUxVbzhRQUh1T3E4bTJaU3AtRlFzQ0RjUzFxc1BqMkZpNGRwVUhXTi1R%3Foc%3D5 "HTTP/2 200 OK"
2026-08-21 17:46:32,013 [INFO] HTTP Request: GET https://wafeeknfpzjzngzuphoz.supabase.co/rest/v1/articles?select=article_id&original_url=eq.https%3A%2F%2Fnews.google.com%2Frss%2Farticles%2FCBMib0FVX3lxTE1GYWxwbEp6YTFrUExYQ3J0aW1aVkdtTFptSlNqZ3dsWEdlLXI2RnJyb3UwQVhHWURDamk2UXE5N1dIMzQxZkxOT0R0V1gyUHRkYWhqdWgycHU4WHNXa2QtTUVReFpLbWZoZWlmS09nWQ%3Foc%3D5 "HTTP/2 200 OK"
2026-08-21 17:46:32,032 [INFO] HTTP Request: GET https://wafeeknfpzjzngzuphoz.supabase.co/rest/v1/articles?select=article_id&original_url=eq.https%3A%2F%2Fnews.google.com%2Frss%2Farticles%2FCBMiT0FVX3lxTFAzaWZPNVkxUlpVVTkzeEkyZURXNHppRWFtYkVEeUFCaDhTeVJFS0VubHd5Tjd6U09KRGI3ZDZYTXFNWWRQeHk5Q1F2eTlzeDQ%3Foc%3D5 "HTTP/2 200 OK"
2026-08-21 17:46:32,050 [INFO] HTTP Request: GET https://wafeeknfpzjzngzuphoz.supabase.co/rest/v1/articles?select=article_id&original_url=eq.https%3A%2F%2Fnews.google.com%2Frss%2Farticles%2FCBMiiAFBVV95cUxPcUNMUVl5OG0ydkJSb2c3eVJiLXNNdFYzQno4XzkyYzl2d2lvLUNnYzBzb1lqaHBxNzZtSXBuNzc0dlpfSHZuTC1TeG16RU1OQUhBUDFHaDVRQjB5bVBWazRINWdMZm1hYXpfOURrZzlQV1Ayb3ViWTRLZUl3eGdvdDY3WVVMNExo%3Foc%3D5 "HTTP/2 200 OK"
2026-08-21 17:46:32,070 [INFO] HTTP Request: GET https://wafeeknfpzjzngzuphoz.supabase.co/rest/v1/articles?select=article_id&original_url=eq.https%3A%2F%2Fnews.google.com%2Frss%2Farticles%2FCBMiWEFVX3lxTFBvd3pDNkp0cF9pMEIwd3lGQTg4VDE1VUVKREgtdEZRVUVuamgtZk5pNTlDM25oSnZCYVh1eENCQ1A0djlaYWdJU3RGWXdyakFlV2E3b1NZUEHSAV5BVV95cUxOMk1seVBkRzVWbHJUaW1IRzY4bTIyS1NEQnlMbzM2V1pPdW00N0pnazJTRW1sRF9QV3h3ZExUb0RDWU1HVGVGR2hwYW1WTzN3ZGVPX2NweG00ZDVUX3pR%3Foc%3D5 "HTTP/2 200 OK"
2026-08-21 17:46:32,090 [INFO] HTTP Request: GET https://wafeeknfpzjzngzuphoz.supabase.co/rest/v1/articles?select=article_id&original_url=eq.https%3A%2F%2Fnews.google.com%2Frss%2Farticles%2FCBMic0FVX3lxTE1WUnZtUmtkcS1Ec0ppZVV4WjBnNWswaTlPY1JsOXJaWkVaai1kdjdsSXNFY2tTM2hybFJGT3pnLUZUSEp3eHYzVGtYbkhsZEYxdTRhb2JQTXd5Z1I2YXROYlhQN3d6QWJZNHNhZjZreWp3YmM%3Foc%3D5 "HTTP/2 200 OK"
2026-08-21 17:46:32,284 [INFO] HTTP Request: GET https://wafeeknfpzjzngzuphoz.supabase.co/rest/v1/articles?select=article_id&original_url=eq.https%3A%2F%2Fnews.google.com%2Frss%2Farticles%2FCBMiT0FVX3lxTE5pT2NxbXJmajNtcGRxTHZNcjlXazcwQ29IeGNUN0F3X2dUOWV2S1dDVHMyZUtrdWNoLWhXZHJ0SlJLRUNfcUNjMXR5MUpYTzQ%3Foc%3D5 "HTTP/2 200 OK"
2026-08-21 17:46:32,305 [INFO] HTTP Request: GET https://wafeeknfpzjzngzuphoz.supabase.co/rest/v1/articles?select=article_id&original_url=eq.https%3A%2F%2Fnews.google.com%2Frss%2Farticles%2FCBMiWkFVX3lxTE95SGFjUDdLYVhPYXBjSXRhelZMMndBZXdkQTR0dTNvRG82U1hRbTVweUJveVVyYUtnR3dOREt5WDFjOVdVQnd0VWlLU0k2cTVDdUprWENTaTREUdIBX0FVX3lxTE1ITGZzcjlrQkNDWDE3RnBpdXVPV2RtVXNKT3NUUzRVcWYzSk5mRW92cWs2X09aVVNNeTZyYlhkekY2OUQ1UWwzcUJFY1hiTFgwU2hVS0xLWXZlVXFheFhJ%3Foc%3D5 "HTTP/2 200 OK"
2026-08-21 17:46:32,324 [INFO] HTTP Request: GET https://wafeeknfpzjzngzuphoz.supabase.co/rest/v1/articles?select=article_id&original_url=eq.https%3A%2F%2Fnews.google.com%2Frss%2Farticles%2FCBMiWkFVX3lxTE1sa0hTYXF5WDhTS1pzWXBMWVVsYnpCNW1MTkpKc19lcmhuelEzdTJVSDlwNkVzMTIxWUdpRlBMSC1oNGN4R2xPSlN3V0poR2RGa0pvbUZvMVdhUdIBWEFVX3lxTE1OR2llcHJQMTBTaDBNVVVkT3cwd0xfQWJ4b2VRcmtFSnNNUE1JZjMtZUhld0lqRDdOYjM2b1JSVk5UT1JwM0F1OS1OaWZIbTdKQ3Ixck10LUc%3Foc%3D5 "HTTP/2 200 OK"
2026-08-21 17:46:32,344 [INFO] HTTP Request: GET https://wafeeknfpzjzngzuphoz.supabase.co/rest/v1/articles?select=article_id&original_url=eq.https%3A%2F%2Fnews.google.com%2Frss%2Farticles%2FCBMiXEFVX3lxTE9FTkJLTmFvLVJJem5NckxBWUJfVW5BWklBd1ExZjFhbF85NzFRR21HRTBCbHI3QWs0blN0aDhiVTNMX2xmN2ZVdER5dGV3LWNPUFFxMHJMM1RjRnJa%3Foc%3D5 "HTTP/2 200 OK"
2026-08-21 17:46:32,366 [INFO] HTTP Request: GET https://wafeeknfpzjzngzuphoz.supabase.co/rest/v1/articles?select=article_id&original_url=eq.https%3A%2F%2Fnews.google.com%2Frss%2Farticles%2FCBMiYkFVX3lxTE1FdWNubjI3UUxJLVFiMm13dGVzQ3NVUEdxRnUzTkpzSTRmQ3RySWtyYU9Nb05xbFJxUmNlazQ0VHdyNXg0d0toelUyZ2I1ODFBMGR4M09WSkY3Y3B5SEtEdTNB%3Foc%3D5 "HTTP/2 200 OK"
2026-08-21 17:46:32,386 [INFO] HTTP Request: GET https://wafeeknfpzjzngzuphoz.supabase.co/rest/v1/articles?select=article_id&original_url=eq.https%3A%2F%2Fnews.google.com%2Frss%2Farticles%2FCBMihAFBVV95cUxQOHc5V0xHTzhmMnc0bzNvbHdpU0Q1RjZPVjl6Z3hRTkpYYlRqWDEyZlQ5WnhORG56Ry1zNkQySWtQclFnTmlTeDZZcnFUckhka29Ed2RFTXZaaXhQX3FOQWJaOThFQUlTNzVwMTdzUFVRcml6b1hkS2R2M09NU2tuazFBaFA%3Foc%3D5 "HTTP/2 200 OK"
2026-08-21 17:46:32,411 [INFO] HTTP Request: GET https://wafeeknfpzjzngzuphoz.supabase.co/rest/v1/articles?select=article_id&original_url=eq.https%3A%2F%2Fnews.google.com%2Frss%2Farticles%2FCBMiVkFVX3lxTE1QNVk5ZkUyd3ZRRzBMU0VVZlVBRDZFYVltVFZLc0t6VzVlbFlsVGNnVFh1UWdTazFGd3VvMWdYWGlrUWNwSGFnODFQa2l2NlNLN2dEZHp3%3Foc%3D5 "HTTP/2 200 OK"
2026-08-21 17:46:32,430 [INFO] HTTP Request: GET https://wafeeknfpzjzngzuphoz.supabase.co/rest/v1/articles?select=article_id&original_url=eq.https%3A%2F%2Fnews.google.com%2Frss%2Farticles%2FCBMic0FVX3lxTE1kZmtaTGNLYUhmOEdnTXBqTm13b3ZKNXk1MS0xU3ZKWl9fTm5yc3hrNDRaeUF1TkF6WFFDU3QzZG0yTkNQbzZGbDNPMG1xU1ByeFZaSHhEOG9vZ09ZSDFtVXBILTVGd2dobFZfNnZzWk1kdUHSAXdBVV95cUxQcHR3Y092blBPc202b1JaOHh5ZFl1Vkw2NnRzdmNuRXBpYUpOQkc5NkpkMUFpWl9aN2VxVlZFSmZXSzdPOFhacHJjWXV6Unp2cGRVVUNCNFdJYjZ3bDZ1OTFDUXRFWXVHa0Uwa1dUUE43RlJvQ2Ztdw%3Foc%3D5 "HTTP/2 200 OK"
2026-08-21 17:46:32,449 [INFO] HTTP Request: GET https://wafeeknfpzjzngzuphoz.supabase.co/rest/v1/articles?select=article_id&original_url=eq.https%3A%2F%2Fnews.google.com%2Frss%2Farticles%2FCBMiaEFVX3lxTE9GdVM2T3VXYmhMWGxqSlFwREc5VzExOWpSWU1rNE5KY1VLTUlGcHJJZFVtdlBCSm0tclpMMWZINTJucnJObW05UXQxbDZ3aXJRNVBLVFgtUnFiWF9WRFh2YlphbUh4VGNP0gFsQVVfeXFMUFF2cUJROC1HMnpmNGNUVkJNa3htd2NsYk5CUzRTWjBGZkVwRXpKWWlFU2F5bVN3ZFNiai1aeU5SN1ZOWmZvRmJ6UTFrUzRqU2F6R0s0TEFtWl9CVXdzT3ZXdnRqU2hObS00enhK%3Foc%3D5 "HTTP/2 200 OK"
2026-08-21 17:46:32,467 [INFO] HTTP Request: GET https://wafeeknfpzjzngzuphoz.supabase.co/rest/v1/articles?select=article_id&original_url=eq.https%3A%2F%2Fnews.google.com%2Frss%2Farticles%2FCBMic0FVX3lxTE9EdUhvQV9xVlE2WER4QWV0NWx0ajRpbVBOR1VCclR2dkZpS21EakV2a1VFUVFuSmdjN2tLS0I4eWhXV2hIMjFFZ191Z09sNmFvZTY4ZFNYNzdBcmlWWmFhWHBuYlJ3eE03M245V19KMnFFRFk%3Foc%3D5 "HTTP/2 200 OK"
2026-08-21 17:46:32,587 [INFO] HTTP Request: GET https://wafeeknfpzjzngzuphoz.supabase.co/rest/v1/articles?select=article_id&original_url=eq.https%3A%2F%2Fyozm.wishket.com%2Fmagazine%2Fdetail%2F3908 "HTTP/2 200 OK"
2026-08-21 17:46:32,608 [INFO] HTTP Request: GET https://wafeeknfpzjzngzuphoz.supabase.co/rest/v1/articles?select=article_id&original_url=eq.https%3A%2F%2Fyozm.wishket.com%2Fmagazine%2Fdetail%2F3907 "HTTP/2 200 OK"
2026-08-21 17:46:32,626 [INFO] HTTP Request: GET https://wafeeknfpzjzngzuphoz.supabase.co/rest/v1/articles?select=article_id&original_url=eq.https%3A%2F%2Fyozm.wishket.com%2Fmagazine%2Fdetail%2F3906 "HTTP/2 200 OK"
2026-08-21 17:46:32,644 [INFO] HTTP Request: GET https://wafeeknfpzjzngzuphoz.supabase.co/rest/v1/articles?select=article_id&original_url=eq.https%3A%2F%2Fyozm.wishket.com%2Fmagazine%2Fdetail%2F3905 "HTTP/2 200 OK"
2026-08-21 17:46:32,663 [INFO] HTTP Request: GET https://wafeeknfpzjzngzuphoz.supabase.co/rest/v1/articles?select=article_id&original_url=eq.https%3A%2F%2Fyozm.wishket.com%2Fmagazine%2Fdetail%2F3904 "HTTP/2 200 OK"
2026-08-21 17:46:32,682 [INFO] HTTP Request: GET https://wafeeknfpzjzngzuphoz.supabase.co/rest/v1/articles?select=article_id&original_url=eq.https%3A%2F%2Fyozm.wishket.com%2Fmagazine%2Fdetail%2F3903 "HTTP/2 200 OK"
2026-08-21 17:46:32,702 [INFO] HTTP Request: GET https://wafeeknfpzjzngzuphoz.supabase.co/rest/v1/articles?select=article_id&original_url=eq.https%3A%2F%2Fyozm.wishket.com%2Fmagazine%2Fdetail%2F3902 "HTTP/2 200 OK"
2026-08-21 17:46:32,720 [INFO] HTTP Request: GET https://wafeeknfpzjzngzuphoz.supabase.co/rest/v1/articles?select=article_id&original_url=eq.https%3A%2F%2Fyozm.wishket.com%2Fmagazine%2Fdetail%2F3901 "HTTP/2 200 OK"
2026-08-21 17:46:32,738 [INFO] HTTP Request: GET https://wafeeknfpzjzngzuphoz.supabase.co/rest/v1/articles?select=article_id&original_url=eq.https%3A%2F%2Fyozm.wishket.com%2Fmagazine%2Fdetail%2F3900 "HTTP/2 200 OK"
2026-08-21 17:46:32,757 [INFO] HTTP Request: GET https://wafeeknfpzjzngzuphoz.supabase.co/rest/v1/articles?select=article_id&original_url=eq.https%3A%2F%2Fyozm.wishket.com%2Fmagazine%2Fdetail%2F3899 "HTTP/2 200 OK"
2026-08-21 17:46:33,077 [INFO] HTTP Request: GET https://wafeeknfpzjzngzuphoz.supabase.co/rest/v1/articles?select=article_id&original_url=eq.https%3A%2F%2Ftechblog.woowahan.com%2F26876%2F "HTTP/2 200 OK"
2026-08-21 17:46:33,096 [INFO] HTTP Request: GET https://wafeeknfpzjzngzuphoz.supabase.co/rest/v1/articles?select=article_id&original_url=eq.https%3A%2F%2Ftechblog.woowahan.com%2F26777%2F "HTTP/2 200 OK"
2026-08-21 17:46:33,113 [INFO] HTTP Request: GET https://wafeeknfpzjzngzuphoz.supabase.co/rest/v1/articles?select=article_id&original_url=eq.https%3A%2F%2Ftechblog.woowahan.com%2F26729%2F "HTTP/2 200 OK"
2026-08-21 17:46:33,134 [INFO] HTTP Request: GET https://wafeeknfpzjzngzuphoz.supabase.co/rest/v1/articles?select=article_id&original_url=eq.https%3A%2F%2Ftechblog.woowahan.com%2F26507%2F "HTTP/2 200 OK"
2026-08-21 17:46:33,155 [INFO] HTTP Request: GET https://wafeeknfpzjzngzuphoz.supabase.co/rest/v1/articles?select=article_id&original_url=eq.https%3A%2F%2Ftechblog.woowahan.com%2F26624%2F "HTTP/2 200 OK"
2026-08-21 17:46:33,176 [INFO] HTTP Request: GET https://wafeeknfpzjzngzuphoz.supabase.co/rest/v1/articles?select=article_id&original_url=eq.https%3A%2F%2Ftechblog.woowahan.com%2F26492%2F "HTTP/2 200 OK"
2026-08-21 17:46:33,195 [INFO] HTTP Request: GET https://wafeeknfpzjzngzuphoz.supabase.co/rest/v1/articles?select=article_id&original_url=eq.https%3A%2F%2Ftechblog.woowahan.com%2F26459%2F "HTTP/2 200 OK"
2026-08-21 17:46:33,215 [INFO] HTTP Request: GET https://wafeeknfpzjzngzuphoz.supabase.co/rest/v1/articles?select=article_id&original_url=eq.https%3A%2F%2Ftechblog.woowahan.com%2F26379%2F "HTTP/2 200 OK"
2026-08-21 17:46:33,234 [INFO] HTTP Request: GET https://wafeeknfpzjzngzuphoz.supabase.co/rest/v1/articles?select=article_id&original_url=eq.https%3A%2F%2Ftechblog.woowahan.com%2F26388%2F "HTTP/2 200 OK"
2026-08-21 17:46:33,253 [INFO] HTTP Request: GET https://wafeeknfpzjzngzuphoz.supabase.co/rest/v1/articles?select=article_id&original_url=eq.https%3A%2F%2Ftechblog.woowahan.com%2F26319%2F "HTTP/2 200 OK"
2026-08-21 17:46:33,377 [INFO] HTTP Request: GET https://wafeeknfpzjzngzuphoz.supabase.co/rest/v1/articles?select=article_id&original_url=eq.https%3A%2F%2Ftech.kakao.com%2Fposts%2F829 "HTTP/2 200 OK"
2026-08-21 17:46:33,396 [INFO] HTTP Request: GET https://wafeeknfpzjzngzuphoz.supabase.co/rest/v1/articles?select=article_id&original_url=eq.https%3A%2F%2Ftech.kakao.com%2Fposts%2F828 "HTTP/2 200 OK"
2026-08-21 17:46:33,416 [INFO] HTTP Request: GET https://wafeeknfpzjzngzuphoz.supabase.co/rest/v1/articles?select=article_id&original_url=eq.https%3A%2F%2Ftech.kakao.com%2Fposts%2F827 "HTTP/2 200 OK"
2026-08-21 17:46:33,437 [INFO] HTTP Request: GET https://wafeeknfpzjzngzuphoz.supabase.co/rest/v1/articles?select=article_id&original_url=eq.https%3A%2F%2Ftech.kakao.com%2Fposts%2F826 "HTTP/2 200 OK"
2026-08-21 17:46:33,461 [INFO] HTTP Request: GET https://wafeeknfpzjzngzuphoz.supabase.co/rest/v1/articles?select=article_id&original_url=eq.https%3A%2F%2Ftech.kakao.com%2Fposts%2F825 "HTTP/2 200 OK"
2026-08-21 17:46:33,483 [INFO] HTTP Request: GET https://wafeeknfpzjzngzuphoz.supabase.co/rest/v1/articles?select=article_id&original_url=eq.https%3A%2F%2Ftech.kakao.com%2Fposts%2F824 "HTTP/2 200 OK"
2026-08-21 17:46:33,505 [INFO] HTTP Request: GET https://wafeeknfpzjzngzuphoz.supabase.co/rest/v1/articles?select=article_id&original_url=eq.https%3A%2F%2Ftech.kakao.com%2Fposts%2F823 "HTTP/2 200 OK"
2026-08-21 17:46:33,529 [INFO] HTTP Request: GET https://wafeeknfpzjzngzuphoz.supabase.co/rest/v1/articles?select=article_id&original_url=eq.https%3A%2F%2Ftech.kakao.com%2Fposts%2F818 "HTTP/2 200 OK"
2026-08-21 17:46:33,548 [INFO] HTTP Request: GET https://wafeeknfpzjzngzuphoz.supabase.co/rest/v1/articles?select=article_id&original_url=eq.https%3A%2F%2Ftech.kakao.com%2Fposts%2F822 "HTTP/2 200 OK"
2026-08-21 17:46:33,569 [INFO] HTTP Request: GET https://wafeeknfpzjzngzuphoz.supabase.co/rest/v1/articles?select=article_id&original_url=eq.https%3A%2F%2Ftech.kakao.com%2Fposts%2F821 "HTTP/2 200 OK"
2026-08-21 17:46:33,601 [INFO] HTTP Request: GET https://wafeeknfpzjzngzuphoz.supabase.co/rest/v1/articles?select=article_id%2Csource_id%2Ccategory_id%2Coriginal_url%2Ctitle%2Csummary%2Csources%28name%2Ctype%2Creliability_score%29%2Ccategories%28name%29&collected_at=gte.2026-08-21T00%3A00%3A00 "HTTP/2 200 OK"
2026-08-21 17:46:33,632 [INFO] HTTP Request: GET https://wafeeknfpzjzngzuphoz.supabase.co/rest/v1/users?select=user_id%2Cemail "HTTP/2 200 OK"
2026-08-21 17:46:33,654 [INFO] HTTP Request: GET https://wafeeknfpzjzngzuphoz.supabase.co/rest/v1/user_sources?select=source_id&user_id=eq.1 "HTTP/2 200 OK"
2026-08-21 17:46:33,674 [INFO] HTTP Request: GET https://wafeeknfpzjzngzuphoz.supabase.co/rest/v1/subscriptions?select=category_id&user_id=eq.1&is_active=eq.True "HTTP/2 200 OK"
2026-08-21 17:46:33,675 [INFO] User 1 - Sources: {1, 2, 3, 4, 5, 7}, Categories: {3}
2026-08-21 17:46:33,699 [INFO] HTTP Request: GET https://wafeeknfpzjzngzuphoz.supabase.co/rest/v1/digests?select=digest_id&user_id=eq.1&digest_date=eq.2026-08-21 "HTTP/2 200 OK"
2026-08-21 17:46:33,729 [INFO] HTTP Request: PATCH https://wafeeknfpzjzngzuphoz.supabase.co/rest/v1/digests?user_id=eq.1&digest_date=eq.2026-08-21 "HTTP/2 200 OK"
2026-08-21 17:46:33,730 [INFO] 📄 사용자(koreajjangboy@gmail.com) 개인 다이제스트 생성 완료: news/koreajjangboy_at_gmail_com/2026-08-21.html
2026-08-21 17:46:33,730 [INFO] ✅ 총 0개 신규 기사 DB 저장 및 개인별 다이제스트 생성 완료

2026-08-21 17:48:19,579 [INFO] ⚡ [--now] 옵션 감지: 즉시 수집 작업을 실행합니다.
2026-08-21 17:48:19,579 [INFO] 🚀 [Start] RSS 피드 수집 및 DB 저장 시작
2026-08-21 17:48:19,914 [INFO] HTTP Request: GET https://wafeeknfpzjzngzuphoz.supabase.co/rest/v1/sources?select=source_id%2Cname%2Curl "HTTP/2 200 OK"
2026-08-21 17:48:19,948 [INFO] HTTP Request: GET https://wafeeknfpzjzngzuphoz.supabase.co/rest/v1/categories?select=category_id%2Cname&is_active=eq.True "HTTP/2 200 OK"
2026-08-21 17:48:20,447 [INFO] HTTP Request: GET https://wafeeknfpzjzngzuphoz.supabase.co/rest/v1/articles?select=article_id&original_url=eq.https%3A%2F%2Fopenai.com%2Findex%2Fintroducing-ai-futures "HTTP/2 200 OK"
2026-08-21 17:48:20,470 [INFO] HTTP Request: GET https://wafeeknfpzjzngzuphoz.supabase.co/rest/v1/articles?select=article_id&original_url=eq.https%3A%2F%2Fopenai.com%2Findex%2Fstampli "HTTP/2 200 OK"
2026-08-21 17:48:20,493 [INFO] HTTP Request: GET https://wafeeknfpzjzngzuphoz.supabase.co/rest/v1/articles?select=article_id&original_url=eq.https%3A%2F%2Fopenai.com%2Findex%2Foffering-zero-data-retention-for-frontier-models "HTTP/2 200 OK"
2026-08-21 17:48:20,514 [INFO] HTTP Request: GET https://wafeeknfpzjzngzuphoz.supabase.co/rest/v1/articles?select=article_id&original_url=eq.https%3A%2F%2Fopenai.com%2Findex%2Freplit "HTTP/2 200 OK"
2026-08-21 17:48:20,536 [INFO] HTTP Request: GET https://wafeeknfpzjzngzuphoz.supabase.co/rest/v1/articles?select=article_id&original_url=eq.https%3A%2F%2Fopenai.com%2Findex%2Fchatgpt-ads-expands-across-europe "HTTP/2 200 OK"
2026-08-21 17:48:20,557 [INFO] HTTP Request: GET https://wafeeknfpzjzngzuphoz.supabase.co/rest/v1/articles?select=article_id&original_url=eq.https%3A%2F%2Fopenai.com%2Findex%2Fstrengthening-democratic-oversight-in-national-security "HTTP/2 200 OK"
2026-08-21 17:48:20,578 [INFO] HTTP Request: GET https://wafeeknfpzjzngzuphoz.supabase.co/rest/v1/articles?select=article_id&original_url=eq.https%3A%2F%2Fopenai.com%2Findex%2Fpartnering-with-codeai "HTTP/2 200 OK"
2026-08-21 17:48:20,599 [INFO] HTTP Request: GET https://wafeeknfpzjzngzuphoz.supabase.co/rest/v1/articles?select=article_id&original_url=eq.https%3A%2F%2Fopenai.com%2Findex%2Fpacing-model-development-cyber-capabilities "HTTP/2 200 OK"
2026-08-21 17:48:20,622 [INFO] HTTP Request: GET https://wafeeknfpzjzngzuphoz.supabase.co/rest/v1/articles?select=article_id&original_url=eq.https%3A%2F%2Fopenai.com%2Findex%2Fchatgpt-for-teens "HTTP/2 200 OK"
2026-08-21 17:48:20,642 [INFO] HTTP Request: GET https://wafeeknfpzjzngzuphoz.supabase.co/rest/v1/articles?select=article_id&original_url=eq.https%3A%2F%2Fopenai.com%2Findex%2Fnvidia%2Fchatgpt-work "HTTP/2 200 OK"
2026-08-21 17:48:21,425 [INFO] HTTP Request: GET https://wafeeknfpzjzngzuphoz.supabase.co/rest/v1/articles?select=article_id&original_url=eq.https%3A%2F%2Fblog.google%2Fproducts-and-platforms%2Fproducts%2Fsearch%2Fback-to-school-study-tools%2F "HTTP/2 200 OK"
2026-08-21 17:48:21,445 [INFO] HTTP Request: GET https://wafeeknfpzjzngzuphoz.supabase.co/rest/v1/articles?select=article_id&original_url=eq.https%3A%2F%2Fblog.google%2Fproducts-and-platforms%2Fproducts%2Fgemini%2Fgoogle-gemini-pixel-football-club-partnerships%2F "HTTP/2 200 OK"
2026-08-21 17:48:21,464 [INFO] HTTP Request: GET https://wafeeknfpzjzngzuphoz.supabase.co/rest/v1/articles?select=article_id&original_url=eq.https%3A%2F%2Fblog.google%2Fproducts-and-platforms%2Fproducts%2Fworkspace%2Fsheets-canvas-for-google-sheets-spreadsheets%2F "HTTP/2 200 OK"
2026-08-21 17:48:21,482 [INFO] HTTP Request: GET https://wafeeknfpzjzngzuphoz.supabase.co/rest/v1/articles?select=article_id&original_url=eq.https%3A%2F%2Fblog.google%2Finnovation-and-ai%2Fmodels-and-research%2Fgoogle-research%2Famie-video-consultations%2F "HTTP/2 200 OK"
2026-08-21 17:48:21,501 [INFO] HTTP Request: GET https://wafeeknfpzjzngzuphoz.supabase.co/rest/v1/articles?select=article_id&original_url=eq.https%3A%2F%2Fblog.google%2Fproducts%2Fads-commerce%2Fgoogle-ads-analytics-ai-updates%2F "HTTP/2 200 OK"
2026-08-21 17:48:21,520 [INFO] HTTP Request: GET https://wafeeknfpzjzngzuphoz.supabase.co/rest/v1/articles?select=article_id&original_url=eq.https%3A%2F%2Fblog.google%2Finnovation-and-ai%2Ftechnology%2Fai%2Fgoogle-ai-updates-july-2026%2F "HTTP/2 200 OK"
2026-08-21 17:48:21,538 [INFO] HTTP Request: GET https://wafeeknfpzjzngzuphoz.supabase.co/rest/v1/articles?select=article_id&original_url=eq.https%3A%2F%2Fblog.google%2Finnovation-and-ai%2Ftechnology%2Fdevelopers-tools%2Fai-agents-intensive-recap-2026%2F "HTTP/2 200 OK"
2026-08-21 17:48:21,558 [INFO] HTTP Request: GET https://wafeeknfpzjzngzuphoz.supabase.co/rest/v1/articles?select=article_id&original_url=eq.https%3A%2F%2Fblog.google%2Finnovation-and-ai%2Ftechnology%2Fdevelopers-tools%2Fexpanding-managed-agents-gemini-api-3-6-flash-hooks%2F "HTTP/2 200 OK"
2026-08-21 17:48:21,577 [INFO] HTTP Request: GET https://wafeeknfpzjzngzuphoz.supabase.co/rest/v1/articles?select=article_id&original_url=eq.https%3A%2F%2Fblog.google%2Fproducts-and-platforms%2Fproducts%2Fsearch%2Fai-mode-real-world-tips%2F "HTTP/2 200 OK"
2026-08-21 17:48:21,596 [INFO] HTTP Request: GET https://wafeeknfpzjzngzuphoz.supabase.co/rest/v1/articles?select=article_id&original_url=eq.https%3A%2F%2Fblog.google%2Fproducts-and-platforms%2Fproducts%2Fsearch%2Fdinner-party-hosting-tips%2F "HTTP/2 200 OK"
2026-08-21 17:48:22,488 [INFO] HTTP Request: GET https://wafeeknfpzjzngzuphoz.supabase.co/rest/v1/articles?select=article_id&original_url=eq.https%3A%2F%2Fnews.hada.io%2Ftopic%3Fid%3D32723 "HTTP/2 200 OK"
2026-08-21 17:48:22,508 [INFO] HTTP Request: GET https://wafeeknfpzjzngzuphoz.supabase.co/rest/v1/articles?select=article_id&original_url=eq.https%3A%2F%2Fnews.hada.io%2Farticle%2Fopenrouter-is-not-just-a-proxy "HTTP/2 200 OK"
2026-08-21 17:48:22,525 [INFO] HTTP Request: GET https://wafeeknfpzjzngzuphoz.supabase.co/rest/v1/articles?select=article_id&original_url=eq.https%3A%2F%2Fnews.hada.io%2Ftopic%3Fid%3D32720 "HTTP/2 200 OK"
2026-08-21 17:48:22,544 [INFO] HTTP Request: GET https://wafeeknfpzjzngzuphoz.supabase.co/rest/v1/articles?select=article_id&original_url=eq.https%3A%2F%2Fnews.hada.io%2Ftopic%3Fid%3D32719 "HTTP/2 200 OK"
2026-08-21 17:48:22,562 [INFO] HTTP Request: GET https://wafeeknfpzjzngzuphoz.supabase.co/rest/v1/articles?select=article_id&original_url=eq.https%3A%2F%2Fnews.hada.io%2Ftopic%3Fid%3D32717 "HTTP/2 200 OK"
2026-08-21 17:48:22,583 [INFO] HTTP Request: GET https://wafeeknfpzjzngzuphoz.supabase.co/rest/v1/articles?select=article_id&original_url=eq.https%3A%2F%2Fnews.hada.io%2Ftopic%3Fid%3D32716 "HTTP/2 200 OK"
2026-08-21 17:48:22,604 [INFO] HTTP Request: GET https://wafeeknfpzjzngzuphoz.supabase.co/rest/v1/articles?select=article_id&original_url=eq.https%3A%2F%2Fnews.hada.io%2Ftopic%3Fid%3D32715 "HTTP/2 200 OK"
2026-08-21 17:48:22,628 [INFO] HTTP Request: GET https://wafeeknfpzjzngzuphoz.supabase.co/rest/v1/articles?select=article_id&original_url=eq.https%3A%2F%2Fnews.hada.io%2Ftopic%3Fid%3D32714 "HTTP/2 200 OK"
2026-08-21 17:48:22,662 [INFO] HTTP Request: GET https://wafeeknfpzjzngzuphoz.supabase.co/rest/v1/articles?select=article_id&original_url=eq.https%3A%2F%2Fnews.hada.io%2Ftopic%3Fid%3D32713 "HTTP/2 200 OK"
2026-08-21 17:48:22,681 [INFO] HTTP Request: GET https://wafeeknfpzjzngzuphoz.supabase.co/rest/v1/articles?select=article_id&original_url=eq.https%3A%2F%2Fnews.hada.io%2Ftopic%3Fid%3D32712 "HTTP/2 200 OK"
2026-08-21 17:48:22,765 [INFO] HTTP Request: GET https://wafeeknfpzjzngzuphoz.supabase.co/rest/v1/articles?select=article_id&original_url=eq.https%3A%2F%2Fwww.aitimes.com%2Fnews%2FarticleView.html%3Fidxno%3D214205 "HTTP/2 200 OK"
2026-08-21 17:48:22,783 [INFO] HTTP Request: GET https://wafeeknfpzjzngzuphoz.supabase.co/rest/v1/articles?select=article_id&original_url=eq.https%3A%2F%2Fwww.aitimes.com%2Fnews%2FarticleView.html%3Fidxno%3D214214 "HTTP/2 200 OK"
2026-08-21 17:48:22,800 [INFO] HTTP Request: GET https://wafeeknfpzjzngzuphoz.supabase.co/rest/v1/articles?select=article_id&original_url=eq.https%3A%2F%2Fwww.aitimes.com%2Fnews%2FarticleView.html%3Fidxno%3D214213 "HTTP/2 200 OK"
2026-08-21 17:48:22,821 [INFO] HTTP Request: GET https://wafeeknfpzjzngzuphoz.supabase.co/rest/v1/articles?select=article_id&original_url=eq.https%3A%2F%2Fwww.aitimes.com%2Fnews%2FarticleView.html%3Fidxno%3D214226 "HTTP/2 200 OK"
2026-08-21 17:48:22,839 [INFO] HTTP Request: GET https://wafeeknfpzjzngzuphoz.supabase.co/rest/v1/articles?select=article_id&original_url=eq.https%3A%2F%2Fwww.aitimes.com%2Fnews%2FarticleView.html%3Fidxno%3D214189 "HTTP/2 200 OK"
2026-08-21 17:48:22,858 [INFO] HTTP Request: GET https://wafeeknfpzjzngzuphoz.supabase.co/rest/v1/articles?select=article_id&original_url=eq.https%3A%2F%2Fwww.aitimes.com%2Fnews%2FarticleView.html%3Fidxno%3D214222 "HTTP/2 200 OK"
2026-08-21 17:48:22,876 [INFO] HTTP Request: GET https://wafeeknfpzjzngzuphoz.supabase.co/rest/v1/articles?select=article_id&original_url=eq.https%3A%2F%2Fwww.aitimes.com%2Fnews%2FarticleView.html%3Fidxno%3D214223 "HTTP/2 200 OK"
2026-08-21 17:48:22,895 [INFO] HTTP Request: GET https://wafeeknfpzjzngzuphoz.supabase.co/rest/v1/articles?select=article_id&original_url=eq.https%3A%2F%2Fwww.aitimes.com%2Fnews%2FarticleView.html%3Fidxno%3D214219 "HTTP/2 200 OK"
2026-08-21 17:48:22,912 [INFO] HTTP Request: GET https://wafeeknfpzjzngzuphoz.supabase.co/rest/v1/articles?select=article_id&original_url=eq.https%3A%2F%2Fwww.aitimes.com%2Fnews%2FarticleView.html%3Fidxno%3D214228 "HTTP/2 200 OK"
2026-08-21 17:48:22,933 [INFO] HTTP Request: GET https://wafeeknfpzjzngzuphoz.supabase.co/rest/v1/articles?select=article_id&original_url=eq.https%3A%2F%2Fwww.aitimes.com%2Fnews%2FarticleView.html%3Fidxno%3D214224 "HTTP/2 200 OK"
2026-08-21 17:48:23,439 [INFO] HTTP Request: GET https://wafeeknfpzjzngzuphoz.supabase.co/rest/v1/articles?select=article_id&original_url=eq.https%3A%2F%2Fnews.google.com%2Frss%2Farticles%2FCBMiXEFVX3lxTE9DWXkyN3hhUDFHR0tCMXdpVkt3OTAyS1dBUUN6QXBKTEpMOF9SLWJSZkl3VW5FdzE2N1JiYk13NGtFQXNnbjFZZ3Vsd3BZNGJLWDJTdVladTk0bXRi%3Foc%3D5 "HTTP/2 200 OK"
2026-08-21 17:48:23,457 [INFO] HTTP Request: GET https://wafeeknfpzjzngzuphoz.supabase.co/rest/v1/articles?select=article_id&original_url=eq.https%3A%2F%2Fnews.google.com%2Frss%2Farticles%2FCBMiVkFVX3lxTFBlSVhEWDF6dU85X3puVUswSzlXLUx4OXg5b0JZMlJYeHFXcHFsM1FLNEQ4MHQxTjlfRzZMZVhiU0JVTm5nS1paWnhEVXM1RzRmV0hWeWNR%3Foc%3D5 "HTTP/2 200 OK"
2026-08-21 17:48:23,476 [INFO] HTTP Request: GET https://wafeeknfpzjzngzuphoz.supabase.co/rest/v1/articles?select=article_id&original_url=eq.https%3A%2F%2Fnews.google.com%2Frss%2Farticles%2FCBMijgFBVV95cUxPaXVvNUlaeE5USjVKOGE5WEpLRDA2Y0c4Z3hONXZLaXc3X2IySmlzMy1kSExBUzNRMlY5dmUyNWNnX295R0tucnRKUi1aUnJsMjkzUllJWGdzbHVtajMyVG5pWW81YUxVbzhRQUh1T3E4bTJaU3AtRlFzQ0RjUzFxc1BqMkZpNGRwVUhXTi1R%3Foc%3D5 "HTTP/2 200 OK"
2026-08-21 17:48:23,498 [INFO] HTTP Request: GET https://wafeeknfpzjzngzuphoz.supabase.co/rest/v1/articles?select=article_id&original_url=eq.https%3A%2F%2Fnews.google.com%2Frss%2Farticles%2FCBMiX0FVX3lxTE5IRW4zbDg2OG1sYmVhVGhPUmNGaFJ6ZVdGYjNTeEd0eUp5REtWSm1fQ05rdnZFNkVPQVFlcExzYnU2YURSOE9PeHdiMEtCZXdBNkM0OFlOVWxoR1RySU84%3Foc%3D5 "HTTP/2 200 OK"
2026-08-21 17:48:23,517 [INFO] HTTP Request: GET https://wafeeknfpzjzngzuphoz.supabase.co/rest/v1/articles?select=article_id&original_url=eq.https%3A%2F%2Fnews.google.com%2Frss%2Farticles%2FCBMiSEFVX3lxTE1mczBWYm0wOEU3a2NSanExQ0V5ZjNDWmZhNURubTVxcmJDRUNjLXZzT1JmT2JlbVYwUjlWY0dxNXgxRW5ueHdveA%3Foc%3D5 "HTTP/2 200 OK"
2026-08-21 17:48:23,538 [INFO] HTTP Request: GET https://wafeeknfpzjzngzuphoz.supabase.co/rest/v1/articles?select=article_id&original_url=eq.https%3A%2F%2Fnews.google.com%2Frss%2Farticles%2FCBMib0FVX3lxTE1GYWxwbEp6YTFrUExYQ3J0aW1aVkdtTFptSlNqZ3dsWEdlLXI2RnJyb3UwQVhHWURDamk2UXE5N1dIMzQxZkxOT0R0V1gyUHRkYWhqdWgycHU4WHNXa2QtTUVReFpLbWZoZWlmS09nWQ%3Foc%3D5 "HTTP/2 200 OK"
2026-08-21 17:48:23,558 [INFO] HTTP Request: GET https://wafeeknfpzjzngzuphoz.supabase.co/rest/v1/articles?select=article_id&original_url=eq.https%3A%2F%2Fnews.google.com%2Frss%2Farticles%2FCBMiT0FVX3lxTFAzaWZPNVkxUlpVVTkzeEkyZURXNHppRWFtYkVEeUFCaDhTeVJFS0VubHd5Tjd6U09KRGI3ZDZYTXFNWWRQeHk5Q1F2eTlzeDQ%3Foc%3D5 "HTTP/2 200 OK"
2026-08-21 17:48:23,578 [INFO] HTTP Request: GET https://wafeeknfpzjzngzuphoz.supabase.co/rest/v1/articles?select=article_id&original_url=eq.https%3A%2F%2Fnews.google.com%2Frss%2Farticles%2FCBMiiAFBVV95cUxPcUNMUVl5OG0ydkJSb2c3eVJiLXNNdFYzQno4XzkyYzl2d2lvLUNnYzBzb1lqaHBxNzZtSXBuNzc0dlpfSHZuTC1TeG16RU1OQUhBUDFHaDVRQjB5bVBWazRINWdMZm1hYXpfOURrZzlQV1Ayb3ViWTRLZUl3eGdvdDY3WVVMNExo%3Foc%3D5 "HTTP/2 200 OK"
2026-08-21 17:48:23,597 [INFO] HTTP Request: GET https://wafeeknfpzjzngzuphoz.supabase.co/rest/v1/articles?select=article_id&original_url=eq.https%3A%2F%2Fnews.google.com%2Frss%2Farticles%2FCBMiWEFVX3lxTFBvd3pDNkp0cF9pMEIwd3lGQTg4VDE1VUVKREgtdEZRVUVuamgtZk5pNTlDM25oSnZCYVh1eENCQ1A0djlaYWdJU3RGWXdyakFlV2E3b1NZUEHSAV5BVV95cUxOMk1seVBkRzVWbHJUaW1IRzY4bTIyS1NEQnlMbzM2V1pPdW00N0pnazJTRW1sRF9QV3h3ZExUb0RDWU1HVGVGR2hwYW1WTzN3ZGVPX2NweG00ZDVUX3pR%3Foc%3D5 "HTTP/2 200 OK"
2026-08-21 17:48:23,615 [INFO] HTTP Request: GET https://wafeeknfpzjzngzuphoz.supabase.co/rest/v1/articles?select=article_id&original_url=eq.https%3A%2F%2Fnews.google.com%2Frss%2Farticles%2FCBMibEFVX3lxTE1ZY01VdkJHWXZXTXcwR3Z0d05NTVJLcXQxQkE5VHU5aXpqaGVmbWRETWFsbWlld2NnU3k4NUNOdHlENzVuTENnVjZHSnE1bzhlMFR3THU5RVc3MjRkSVZMSzU1S1V6Q09QdHZUSw%3Foc%3D5 "HTTP/2 200 OK"
2026-08-21 17:48:23,640 [INFO] HTTP Request: POST https://wafeeknfpzjzngzuphoz.supabase.co/rest/v1/articles "HTTP/2 201 Created"
2026-08-21 17:48:24,307 [INFO] HTTP Request: GET https://wafeeknfpzjzngzuphoz.supabase.co/rest/v1/articles?select=article_id&original_url=eq.https%3A%2F%2Fnews.google.com%2Frss%2Farticles%2FCBMiT0FVX3lxTE5pT2NxbXJmajNtcGRxTHZNcjlXazcwQ29IeGNUN0F3X2dUOWV2S1dDVHMyZUtrdWNoLWhXZHJ0SlJLRUNfcUNjMXR5MUpYTzQ%3Foc%3D5 "HTTP/2 200 OK"
2026-08-21 17:48:24,331 [INFO] HTTP Request: GET https://wafeeknfpzjzngzuphoz.supabase.co/rest/v1/articles?select=article_id&original_url=eq.https%3A%2F%2Fnews.google.com%2Frss%2Farticles%2FCBMiWkFVX3lxTE95SGFjUDdLYVhPYXBjSXRhelZMMndBZXdkQTR0dTNvRG82U1hRbTVweUJveVVyYUtnR3dOREt5WDFjOVdVQnd0VWlLU0k2cTVDdUprWENTaTREUdIBX0FVX3lxTE1ITGZzcjlrQkNDWDE3RnBpdXVPV2RtVXNKT3NUUzRVcWYzSk5mRW92cWs2X09aVVNNeTZyYlhkekY2OUQ1UWwzcUJFY1hiTFgwU2hVS0xLWXZlVXFheFhJ%3Foc%3D5 "HTTP/2 200 OK"
2026-08-21 17:48:24,350 [INFO] HTTP Request: GET https://wafeeknfpzjzngzuphoz.supabase.co/rest/v1/articles?select=article_id&original_url=eq.https%3A%2F%2Fnews.google.com%2Frss%2Farticles%2FCBMiWkFVX3lxTE1sa0hTYXF5WDhTS1pzWXBMWVVsYnpCNW1MTkpKc19lcmhuelEzdTJVSDlwNkVzMTIxWUdpRlBMSC1oNGN4R2xPSlN3V0poR2RGa0pvbUZvMVdhUdIBWEFVX3lxTE1OR2llcHJQMTBTaDBNVVVkT3cwd0xfQWJ4b2VRcmtFSnNNUE1JZjMtZUhld0lqRDdOYjM2b1JSVk5UT1JwM0F1OS1OaWZIbTdKQ3Ixck10LUc%3Foc%3D5 "HTTP/2 200 OK"
2026-08-21 17:48:24,369 [INFO] HTTP Request: GET https://wafeeknfpzjzngzuphoz.supabase.co/rest/v1/articles?select=article_id&original_url=eq.https%3A%2F%2Fnews.google.com%2Frss%2Farticles%2FCBMiXEFVX3lxTE9FTkJLTmFvLVJJem5NckxBWUJfVW5BWklBd1ExZjFhbF85NzFRR21HRTBCbHI3QWs0blN0aDhiVTNMX2xmN2ZVdER5dGV3LWNPUFFxMHJMM1RjRnJa%3Foc%3D5 "HTTP/2 200 OK"
2026-08-21 17:48:24,387 [INFO] HTTP Request: GET https://wafeeknfpzjzngzuphoz.supabase.co/rest/v1/articles?select=article_id&original_url=eq.https%3A%2F%2Fnews.google.com%2Frss%2Farticles%2FCBMiYkFVX3lxTE1FdWNubjI3UUxJLVFiMm13dGVzQ3NVUEdxRnUzTkpzSTRmQ3RySWtyYU9Nb05xbFJxUmNlazQ0VHdyNXg0d0toelUyZ2I1ODFBMGR4M09WSkY3Y3B5SEtEdTNB%3Foc%3D5 "HTTP/2 200 OK"
2026-08-21 17:48:24,426 [INFO] HTTP Request: GET https://wafeeknfpzjzngzuphoz.supabase.co/rest/v1/articles?select=article_id&original_url=eq.https%3A%2F%2Fnews.google.com%2Frss%2Farticles%2FCBMihAFBVV95cUxQOHc5V0xHTzhmMnc0bzNvbHdpU0Q1RjZPVjl6Z3hRTkpYYlRqWDEyZlQ5WnhORG56Ry1zNkQySWtQclFnTmlTeDZZcnFUckhka29Ed2RFTXZaaXhQX3FOQWJaOThFQUlTNzVwMTdzUFVRcml6b1hkS2R2M09NU2tuazFBaFA%3Foc%3D5 "HTTP/2 200 OK"
2026-08-21 17:48:24,445 [INFO] HTTP Request: GET https://wafeeknfpzjzngzuphoz.supabase.co/rest/v1/articles?select=article_id&original_url=eq.https%3A%2F%2Fnews.google.com%2Frss%2Farticles%2FCBMiVkFVX3lxTE1QNVk5ZkUyd3ZRRzBMU0VVZlVBRDZFYVltVFZLc0t6VzVlbFlsVGNnVFh1UWdTazFGd3VvMWdYWGlrUWNwSGFnODFQa2l2NlNLN2dEZHp3%3Foc%3D5 "HTTP/2 200 OK"
2026-08-21 17:48:24,464 [INFO] HTTP Request: GET https://wafeeknfpzjzngzuphoz.supabase.co/rest/v1/articles?select=article_id&original_url=eq.https%3A%2F%2Fnews.google.com%2Frss%2Farticles%2FCBMic0FVX3lxTE1kZmtaTGNLYUhmOEdnTXBqTm13b3ZKNXk1MS0xU3ZKWl9fTm5yc3hrNDRaeUF1TkF6WFFDU3QzZG0yTkNQbzZGbDNPMG1xU1ByeFZaSHhEOG9vZ09ZSDFtVXBILTVGd2dobFZfNnZzWk1kdUHSAXdBVV95cUxQcHR3Y092blBPc202b1JaOHh5ZFl1Vkw2NnRzdmNuRXBpYUpOQkc5NkpkMUFpWl9aN2VxVlZFSmZXSzdPOFhacHJjWXV6Unp2cGRVVUNCNFdJYjZ3bDZ1OTFDUXRFWXVHa0Uwa1dUUE43RlJvQ2Ztdw%3Foc%3D5 "HTTP/2 200 OK"
2026-08-21 17:48:24,484 [INFO] HTTP Request: GET https://wafeeknfpzjzngzuphoz.supabase.co/rest/v1/articles?select=article_id&original_url=eq.https%3A%2F%2Fnews.google.com%2Frss%2Farticles%2FCBMiaEFVX3lxTE9GdVM2T3VXYmhMWGxqSlFwREc5VzExOWpSWU1rNE5KY1VLTUlGcHJJZFVtdlBCSm0tclpMMWZINTJucnJObW05UXQxbDZ3aXJRNVBLVFgtUnFiWF9WRFh2YlphbUh4VGNP0gFsQVVfeXFMUFF2cUJROC1HMnpmNGNUVkJNa3htd2NsYk5CUzRTWjBGZkVwRXpKWWlFU2F5bVN3ZFNiai1aeU5SN1ZOWmZvRmJ6UTFrUzRqU2F6R0s0TEFtWl9CVXdzT3ZXdnRqU2hObS00enhK%3Foc%3D5 "HTTP/2 200 OK"
2026-08-21 17:48:24,502 [INFO] HTTP Request: GET https://wafeeknfpzjzngzuphoz.supabase.co/rest/v1/articles?select=article_id&original_url=eq.https%3A%2F%2Fnews.google.com%2Frss%2Farticles%2FCBMic0FVX3lxTE9EdUhvQV9xVlE2WER4QWV0NWx0ajRpbVBOR1VCclR2dkZpS21EakV2a1VFUVFuSmdjN2tLS0I4eWhXV2hIMjFFZ191Z09sNmFvZTY4ZFNYNzdBcmlWWmFhWHBuYlJ3eE03M245V19KMnFFRFk%3Foc%3D5 "HTTP/2 200 OK"
2026-08-21 17:48:24,626 [INFO] HTTP Request: GET https://wafeeknfpzjzngzuphoz.supabase.co/rest/v1/articles?select=article_id&original_url=eq.https%3A%2F%2Fyozm.wishket.com%2Fmagazine%2Fdetail%2F3908 "HTTP/2 200 OK"
2026-08-21 17:48:24,645 [INFO] HTTP Request: GET https://wafeeknfpzjzngzuphoz.supabase.co/rest/v1/articles?select=article_id&original_url=eq.https%3A%2F%2Fyozm.wishket.com%2Fmagazine%2Fdetail%2F3907 "HTTP/2 200 OK"
2026-08-21 17:48:24,663 [INFO] HTTP Request: GET https://wafeeknfpzjzngzuphoz.supabase.co/rest/v1/articles?select=article_id&original_url=eq.https%3A%2F%2Fyozm.wishket.com%2Fmagazine%2Fdetail%2F3906 "HTTP/2 200 OK"
2026-08-21 17:48:24,681 [INFO] HTTP Request: GET https://wafeeknfpzjzngzuphoz.supabase.co/rest/v1/articles?select=article_id&original_url=eq.https%3A%2F%2Fyozm.wishket.com%2Fmagazine%2Fdetail%2F3905 "HTTP/2 200 OK"
2026-08-21 17:48:24,700 [INFO] HTTP Request: GET https://wafeeknfpzjzngzuphoz.supabase.co/rest/v1/articles?select=article_id&original_url=eq.https%3A%2F%2Fyozm.wishket.com%2Fmagazine%2Fdetail%2F3904 "HTTP/2 200 OK"
2026-08-21 17:48:24,718 [INFO] HTTP Request: GET https://wafeeknfpzjzngzuphoz.supabase.co/rest/v1/articles?select=article_id&original_url=eq.https%3A%2F%2Fyozm.wishket.com%2Fmagazine%2Fdetail%2F3903 "HTTP/2 200 OK"
2026-08-21 17:48:24,740 [INFO] HTTP Request: GET https://wafeeknfpzjzngzuphoz.supabase.co/rest/v1/articles?select=article_id&original_url=eq.https%3A%2F%2Fyozm.wishket.com%2Fmagazine%2Fdetail%2F3902 "HTTP/2 200 OK"
2026-08-21 17:48:24,758 [INFO] HTTP Request: GET https://wafeeknfpzjzngzuphoz.supabase.co/rest/v1/articles?select=article_id&original_url=eq.https%3A%2F%2Fyozm.wishket.com%2Fmagazine%2Fdetail%2F3901 "HTTP/2 200 OK"
2026-08-21 17:48:24,776 [INFO] HTTP Request: GET https://wafeeknfpzjzngzuphoz.supabase.co/rest/v1/articles?select=article_id&original_url=eq.https%3A%2F%2Fyozm.wishket.com%2Fmagazine%2Fdetail%2F3900 "HTTP/2 200 OK"
2026-08-21 17:48:24,795 [INFO] HTTP Request: GET https://wafeeknfpzjzngzuphoz.supabase.co/rest/v1/articles?select=article_id&original_url=eq.https%3A%2F%2Fyozm.wishket.com%2Fmagazine%2Fdetail%2F3899 "HTTP/2 200 OK"
2026-08-21 17:48:25,156 [INFO] HTTP Request: GET https://wafeeknfpzjzngzuphoz.supabase.co/rest/v1/articles?select=article_id&original_url=eq.https%3A%2F%2Ftechblog.woowahan.com%2F26876%2F "HTTP/2 200 OK"
2026-08-21 17:48:25,176 [INFO] HTTP Request: GET https://wafeeknfpzjzngzuphoz.supabase.co/rest/v1/articles?select=article_id&original_url=eq.https%3A%2F%2Ftechblog.woowahan.com%2F26777%2F "HTTP/2 200 OK"
2026-08-21 17:48:25,195 [INFO] HTTP Request: GET https://wafeeknfpzjzngzuphoz.supabase.co/rest/v1/articles?select=article_id&original_url=eq.https%3A%2F%2Ftechblog.woowahan.com%2F26729%2F "HTTP/2 200 OK"
2026-08-21 17:48:25,213 [INFO] HTTP Request: GET https://wafeeknfpzjzngzuphoz.supabase.co/rest/v1/articles?select=article_id&original_url=eq.https%3A%2F%2Ftechblog.woowahan.com%2F26507%2F "HTTP/2 200 OK"
2026-08-21 17:48:25,272 [INFO] HTTP Request: GET https://wafeeknfpzjzngzuphoz.supabase.co/rest/v1/articles?select=article_id&original_url=eq.https%3A%2F%2Ftechblog.woowahan.com%2F26624%2F "HTTP/2 200 OK"
2026-08-21 17:48:25,292 [INFO] HTTP Request: GET https://wafeeknfpzjzngzuphoz.supabase.co/rest/v1/articles?select=article_id&original_url=eq.https%3A%2F%2Ftechblog.woowahan.com%2F26492%2F "HTTP/2 200 OK"
2026-08-21 17:48:25,312 [INFO] HTTP Request: GET https://wafeeknfpzjzngzuphoz.supabase.co/rest/v1/articles?select=article_id&original_url=eq.https%3A%2F%2Ftechblog.woowahan.com%2F26459%2F "HTTP/2 200 OK"
2026-08-21 17:48:25,331 [INFO] HTTP Request: GET https://wafeeknfpzjzngzuphoz.supabase.co/rest/v1/articles?select=article_id&original_url=eq.https%3A%2F%2Ftechblog.woowahan.com%2F26379%2F "HTTP/2 200 OK"
2026-08-21 17:48:25,354 [INFO] HTTP Request: GET https://wafeeknfpzjzngzuphoz.supabase.co/rest/v1/articles?select=article_id&original_url=eq.https%3A%2F%2Ftechblog.woowahan.com%2F26388%2F "HTTP/2 200 OK"
2026-08-21 17:48:25,373 [INFO] HTTP Request: GET https://wafeeknfpzjzngzuphoz.supabase.co/rest/v1/articles?select=article_id&original_url=eq.https%3A%2F%2Ftechblog.woowahan.com%2F26319%2F "HTTP/2 200 OK"
2026-08-21 17:48:25,483 [INFO] HTTP Request: GET https://wafeeknfpzjzngzuphoz.supabase.co/rest/v1/articles?select=article_id&original_url=eq.https%3A%2F%2Ftech.kakao.com%2Fposts%2F829 "HTTP/2 200 OK"
2026-08-21 17:48:25,503 [INFO] HTTP Request: GET https://wafeeknfpzjzngzuphoz.supabase.co/rest/v1/articles?select=article_id&original_url=eq.https%3A%2F%2Ftech.kakao.com%2Fposts%2F828 "HTTP/2 200 OK"
2026-08-21 17:48:25,520 [INFO] HTTP Request: GET https://wafeeknfpzjzngzuphoz.supabase.co/rest/v1/articles?select=article_id&original_url=eq.https%3A%2F%2Ftech.kakao.com%2Fposts%2F827 "HTTP/2 200 OK"
2026-08-21 17:48:25,537 [INFO] HTTP Request: GET https://wafeeknfpzjzngzuphoz.supabase.co/rest/v1/articles?select=article_id&original_url=eq.https%3A%2F%2Ftech.kakao.com%2Fposts%2F826 "HTTP/2 200 OK"
2026-08-21 17:48:25,556 [INFO] HTTP Request: GET https://wafeeknfpzjzngzuphoz.supabase.co/rest/v1/articles?select=article_id&original_url=eq.https%3A%2F%2Ftech.kakao.com%2Fposts%2F825 "HTTP/2 200 OK"
2026-08-21 17:48:25,575 [INFO] HTTP Request: GET https://wafeeknfpzjzngzuphoz.supabase.co/rest/v1/articles?select=article_id&original_url=eq.https%3A%2F%2Ftech.kakao.com%2Fposts%2F824 "HTTP/2 200 OK"
2026-08-21 17:48:25,595 [INFO] HTTP Request: GET https://wafeeknfpzjzngzuphoz.supabase.co/rest/v1/articles?select=article_id&original_url=eq.https%3A%2F%2Ftech.kakao.com%2Fposts%2F823 "HTTP/2 200 OK"
2026-08-21 17:48:25,613 [INFO] HTTP Request: GET https://wafeeknfpzjzngzuphoz.supabase.co/rest/v1/articles?select=article_id&original_url=eq.https%3A%2F%2Ftech.kakao.com%2Fposts%2F818 "HTTP/2 200 OK"
2026-08-21 17:48:25,632 [INFO] HTTP Request: GET https://wafeeknfpzjzngzuphoz.supabase.co/rest/v1/articles?select=article_id&original_url=eq.https%3A%2F%2Ftech.kakao.com%2Fposts%2F822 "HTTP/2 200 OK"
2026-08-21 17:48:25,649 [INFO] HTTP Request: GET https://wafeeknfpzjzngzuphoz.supabase.co/rest/v1/articles?select=article_id&original_url=eq.https%3A%2F%2Ftech.kakao.com%2Fposts%2F821 "HTTP/2 200 OK"
2026-08-21 17:48:25,697 [INFO] HTTP Request: GET https://wafeeknfpzjzngzuphoz.supabase.co/rest/v1/articles?select=article_id%2Csource_id%2Ccategory_id%2Coriginal_url%2Ctitle%2Csummary%2Csources%28name%2Ctype%2Creliability_score%29%2Ccategories%28name%29&collected_at=gte.2026-08-21T00%3A00%3A00 "HTTP/2 200 OK"
2026-08-21 17:48:25,724 [INFO] HTTP Request: GET https://wafeeknfpzjzngzuphoz.supabase.co/rest/v1/users?select=user_id%2Cemail "HTTP/2 200 OK"
2026-08-21 17:48:25,744 [INFO] HTTP Request: GET https://wafeeknfpzjzngzuphoz.supabase.co/rest/v1/user_sources?select=source_id&user_id=eq.1 "HTTP/2 200 OK"
2026-08-21 17:48:25,763 [INFO] HTTP Request: GET https://wafeeknfpzjzngzuphoz.supabase.co/rest/v1/subscriptions?select=category_id&user_id=eq.1&is_active=eq.True "HTTP/2 200 OK"
2026-08-21 17:48:25,783 [INFO] HTTP Request: GET https://wafeeknfpzjzngzuphoz.supabase.co/rest/v1/digests?select=digest_id&user_id=eq.1&digest_date=eq.2026-08-21 "HTTP/2 200 OK"
2026-08-21 17:48:25,804 [INFO] HTTP Request: PATCH https://wafeeknfpzjzngzuphoz.supabase.co/rest/v1/digests?user_id=eq.1&digest_date=eq.2026-08-21 "HTTP/2 200 OK"
2026-08-21 17:48:25,804 [INFO] 📄 사용자(koreajjangboy@gmail.com) 개인 다이제스트 생성 완료: news/koreajjangboy_at_gmail_com/2026-08-21.html
2026-08-21 17:48:25,804 [INFO] ✅ 총 1개 신규 기사 DB 저장 및 개인별 다이제스트 생성 완료

2026-08-21 17:48:51,151 [INFO] ⚡ [--now] 옵션 감지: 즉시 수집 작업을 실행합니다.
2026-08-21 17:48:51,152 [INFO] 🚀 [Start] RSS 피드 수집 및 DB 저장 시작
2026-08-21 17:48:51,215 [INFO] HTTP Request: GET https://wafeeknfpzjzngzuphoz.supabase.co/rest/v1/sources?select=source_id%2Cname%2Curl "HTTP/2 200 OK"
2026-08-21 17:48:51,241 [INFO] HTTP Request: GET https://wafeeknfpzjzngzuphoz.supabase.co/rest/v1/categories?select=category_id%2Cname&is_active=eq.True "HTTP/2 200 OK"
2026-08-21 17:48:51,821 [INFO] HTTP Request: GET https://wafeeknfpzjzngzuphoz.supabase.co/rest/v1/articles?select=article_id&original_url=eq.https%3A%2F%2Fopenai.com%2Findex%2Fintroducing-ai-futures "HTTP/2 200 OK"
2026-08-21 17:48:51,851 [INFO] HTTP Request: GET https://wafeeknfpzjzngzuphoz.supabase.co/rest/v1/articles?select=article_id&original_url=eq.https%3A%2F%2Fopenai.com%2Findex%2Fstampli "HTTP/2 200 OK"
2026-08-21 17:48:51,881 [INFO] HTTP Request: GET https://wafeeknfpzjzngzuphoz.supabase.co/rest/v1/articles?select=article_id&original_url=eq.https%3A%2F%2Fopenai.com%2Findex%2Foffering-zero-data-retention-for-frontier-models "HTTP/2 200 OK"
2026-08-21 17:48:51,924 [INFO] HTTP Request: GET https://wafeeknfpzjzngzuphoz.supabase.co/rest/v1/articles?select=article_id&original_url=eq.https%3A%2F%2Fopenai.com%2Findex%2Freplit "HTTP/2 200 OK"
2026-08-21 17:48:51,953 [INFO] HTTP Request: GET https://wafeeknfpzjzngzuphoz.supabase.co/rest/v1/articles?select=article_id&original_url=eq.https%3A%2F%2Fopenai.com%2Findex%2Fchatgpt-ads-expands-across-europe "HTTP/2 200 OK"
2026-08-21 17:48:52,021 [INFO] HTTP Request: GET https://wafeeknfpzjzngzuphoz.supabase.co/rest/v1/articles?select=article_id&original_url=eq.https%3A%2F%2Fopenai.com%2Findex%2Fstrengthening-democratic-oversight-in-national-security "HTTP/2 200 OK"
2026-08-21 17:48:52,047 [INFO] HTTP Request: GET https://wafeeknfpzjzngzuphoz.supabase.co/rest/v1/articles?select=article_id&original_url=eq.https%3A%2F%2Fopenai.com%2Findex%2Fpartnering-with-codeai "HTTP/2 200 OK"
2026-08-21 17:48:52,078 [INFO] HTTP Request: GET https://wafeeknfpzjzngzuphoz.supabase.co/rest/v1/articles?select=article_id&original_url=eq.https%3A%2F%2Fopenai.com%2Findex%2Fpacing-model-development-cyber-capabilities "HTTP/2 200 OK"
2026-08-21 17:48:52,097 [INFO] HTTP Request: GET https://wafeeknfpzjzngzuphoz.supabase.co/rest/v1/articles?select=article_id&original_url=eq.https%3A%2F%2Fopenai.com%2Findex%2Fchatgpt-for-teens "HTTP/2 200 OK"
2026-08-21 17:48:52,115 [INFO] HTTP Request: GET https://wafeeknfpzjzngzuphoz.supabase.co/rest/v1/articles?select=article_id&original_url=eq.https%3A%2F%2Fopenai.com%2Findex%2Fnvidia%2Fchatgpt-work "HTTP/2 200 OK"
2026-08-21 17:48:52,924 [INFO] HTTP Request: GET https://wafeeknfpzjzngzuphoz.supabase.co/rest/v1/articles?select=article_id&original_url=eq.https%3A%2F%2Fblog.google%2Fproducts-and-platforms%2Fproducts%2Fsearch%2Fback-to-school-study-tools%2F "HTTP/2 200 OK"
2026-08-21 17:48:52,942 [INFO] HTTP Request: GET https://wafeeknfpzjzngzuphoz.supabase.co/rest/v1/articles?select=article_id&original_url=eq.https%3A%2F%2Fblog.google%2Fproducts-and-platforms%2Fproducts%2Fgemini%2Fgoogle-gemini-pixel-football-club-partnerships%2F "HTTP/2 200 OK"
2026-08-21 17:48:52,968 [INFO] HTTP Request: GET https://wafeeknfpzjzngzuphoz.supabase.co/rest/v1/articles?select=article_id&original_url=eq.https%3A%2F%2Fblog.google%2Fproducts-and-platforms%2Fproducts%2Fworkspace%2Fsheets-canvas-for-google-sheets-spreadsheets%2F "HTTP/2 200 OK"
2026-08-21 17:48:52,988 [INFO] HTTP Request: GET https://wafeeknfpzjzngzuphoz.supabase.co/rest/v1/articles?select=article_id&original_url=eq.https%3A%2F%2Fblog.google%2Finnovation-and-ai%2Fmodels-and-research%2Fgoogle-research%2Famie-video-consultations%2F "HTTP/2 200 OK"
2026-08-21 17:48:53,006 [INFO] HTTP Request: GET https://wafeeknfpzjzngzuphoz.supabase.co/rest/v1/articles?select=article_id&original_url=eq.https%3A%2F%2Fblog.google%2Fproducts%2Fads-commerce%2Fgoogle-ads-analytics-ai-updates%2F "HTTP/2 200 OK"
2026-08-21 17:48:53,023 [INFO] HTTP Request: GET https://wafeeknfpzjzngzuphoz.supabase.co/rest/v1/articles?select=article_id&original_url=eq.https%3A%2F%2Fblog.google%2Finnovation-and-ai%2Ftechnology%2Fai%2Fgoogle-ai-updates-july-2026%2F "HTTP/2 200 OK"
2026-08-21 17:48:53,040 [INFO] HTTP Request: GET https://wafeeknfpzjzngzuphoz.supabase.co/rest/v1/articles?select=article_id&original_url=eq.https%3A%2F%2Fblog.google%2Finnovation-and-ai%2Ftechnology%2Fdevelopers-tools%2Fai-agents-intensive-recap-2026%2F "HTTP/2 200 OK"
2026-08-21 17:48:53,096 [INFO] HTTP Request: GET https://wafeeknfpzjzngzuphoz.supabase.co/rest/v1/articles?select=article_id&original_url=eq.https%3A%2F%2Fblog.google%2Finnovation-and-ai%2Ftechnology%2Fdevelopers-tools%2Fexpanding-managed-agents-gemini-api-3-6-flash-hooks%2F "HTTP/2 200 OK"
2026-08-21 17:48:53,114 [INFO] HTTP Request: GET https://wafeeknfpzjzngzuphoz.supabase.co/rest/v1/articles?select=article_id&original_url=eq.https%3A%2F%2Fblog.google%2Fproducts-and-platforms%2Fproducts%2Fsearch%2Fai-mode-real-world-tips%2F "HTTP/2 200 OK"
2026-08-21 17:48:53,132 [INFO] HTTP Request: GET https://wafeeknfpzjzngzuphoz.supabase.co/rest/v1/articles?select=article_id&original_url=eq.https%3A%2F%2Fblog.google%2Fproducts-and-platforms%2Fproducts%2Fsearch%2Fdinner-party-hosting-tips%2F "HTTP/2 200 OK"
2026-08-21 17:48:53,939 [INFO] HTTP Request: GET https://wafeeknfpzjzngzuphoz.supabase.co/rest/v1/articles?select=article_id&original_url=eq.https%3A%2F%2Fnews.hada.io%2Ftopic%3Fid%3D32723 "HTTP/2 200 OK"
2026-08-21 17:48:53,955 [INFO] HTTP Request: GET https://wafeeknfpzjzngzuphoz.supabase.co/rest/v1/articles?select=article_id&original_url=eq.https%3A%2F%2Fnews.hada.io%2Farticle%2Fopenrouter-is-not-just-a-proxy "HTTP/2 200 OK"
2026-08-21 17:48:53,973 [INFO] HTTP Request: GET https://wafeeknfpzjzngzuphoz.supabase.co/rest/v1/articles?select=article_id&original_url=eq.https%3A%2F%2Fnews.hada.io%2Ftopic%3Fid%3D32720 "HTTP/2 200 OK"
2026-08-21 17:48:53,990 [INFO] HTTP Request: GET https://wafeeknfpzjzngzuphoz.supabase.co/rest/v1/articles?select=article_id&original_url=eq.https%3A%2F%2Fnews.hada.io%2Ftopic%3Fid%3D32719 "HTTP/2 200 OK"
2026-08-21 17:48:54,025 [INFO] HTTP Request: GET https://wafeeknfpzjzngzuphoz.supabase.co/rest/v1/articles?select=article_id&original_url=eq.https%3A%2F%2Fnews.hada.io%2Ftopic%3Fid%3D32717 "HTTP/2 200 OK"
2026-08-21 17:48:54,042 [INFO] HTTP Request: GET https://wafeeknfpzjzngzuphoz.supabase.co/rest/v1/articles?select=article_id&original_url=eq.https%3A%2F%2Fnews.hada.io%2Ftopic%3Fid%3D32716 "HTTP/2 200 OK"
2026-08-21 17:48:54,059 [INFO] HTTP Request: GET https://wafeeknfpzjzngzuphoz.supabase.co/rest/v1/articles?select=article_id&original_url=eq.https%3A%2F%2Fnews.hada.io%2Ftopic%3Fid%3D32715 "HTTP/2 200 OK"
2026-08-21 17:48:54,076 [INFO] HTTP Request: GET https://wafeeknfpzjzngzuphoz.supabase.co/rest/v1/articles?select=article_id&original_url=eq.https%3A%2F%2Fnews.hada.io%2Ftopic%3Fid%3D32714 "HTTP/2 200 OK"
2026-08-21 17:48:54,095 [INFO] HTTP Request: GET https://wafeeknfpzjzngzuphoz.supabase.co/rest/v1/articles?select=article_id&original_url=eq.https%3A%2F%2Fnews.hada.io%2Ftopic%3Fid%3D32713 "HTTP/2 200 OK"
2026-08-21 17:48:54,114 [INFO] HTTP Request: GET https://wafeeknfpzjzngzuphoz.supabase.co/rest/v1/articles?select=article_id&original_url=eq.https%3A%2F%2Fnews.hada.io%2Ftopic%3Fid%3D32712 "HTTP/2 200 OK"
2026-08-21 17:48:54,185 [INFO] HTTP Request: GET https://wafeeknfpzjzngzuphoz.supabase.co/rest/v1/articles?select=article_id&original_url=eq.https%3A%2F%2Fwww.aitimes.com%2Fnews%2FarticleView.html%3Fidxno%3D214205 "HTTP/2 200 OK"
2026-08-21 17:48:54,204 [INFO] HTTP Request: GET https://wafeeknfpzjzngzuphoz.supabase.co/rest/v1/articles?select=article_id&original_url=eq.https%3A%2F%2Fwww.aitimes.com%2Fnews%2FarticleView.html%3Fidxno%3D214214 "HTTP/2 200 OK"
2026-08-21 17:48:54,221 [INFO] HTTP Request: GET https://wafeeknfpzjzngzuphoz.supabase.co/rest/v1/articles?select=article_id&original_url=eq.https%3A%2F%2Fwww.aitimes.com%2Fnews%2FarticleView.html%3Fidxno%3D214213 "HTTP/2 200 OK"
2026-08-21 17:48:54,238 [INFO] HTTP Request: GET https://wafeeknfpzjzngzuphoz.supabase.co/rest/v1/articles?select=article_id&original_url=eq.https%3A%2F%2Fwww.aitimes.com%2Fnews%2FarticleView.html%3Fidxno%3D214226 "HTTP/2 200 OK"
2026-08-21 17:48:54,256 [INFO] HTTP Request: GET https://wafeeknfpzjzngzuphoz.supabase.co/rest/v1/articles?select=article_id&original_url=eq.https%3A%2F%2Fwww.aitimes.com%2Fnews%2FarticleView.html%3Fidxno%3D214189 "HTTP/2 200 OK"
2026-08-21 17:48:54,274 [INFO] HTTP Request: GET https://wafeeknfpzjzngzuphoz.supabase.co/rest/v1/articles?select=article_id&original_url=eq.https%3A%2F%2Fwww.aitimes.com%2Fnews%2FarticleView.html%3Fidxno%3D214222 "HTTP/2 200 OK"
2026-08-21 17:48:54,296 [INFO] HTTP Request: GET https://wafeeknfpzjzngzuphoz.supabase.co/rest/v1/articles?select=article_id&original_url=eq.https%3A%2F%2Fwww.aitimes.com%2Fnews%2FarticleView.html%3Fidxno%3D214223 "HTTP/2 200 OK"
2026-08-21 17:48:54,317 [INFO] HTTP Request: GET https://wafeeknfpzjzngzuphoz.supabase.co/rest/v1/articles?select=article_id&original_url=eq.https%3A%2F%2Fwww.aitimes.com%2Fnews%2FarticleView.html%3Fidxno%3D214219 "HTTP/2 200 OK"
2026-08-21 17:48:54,336 [INFO] HTTP Request: GET https://wafeeknfpzjzngzuphoz.supabase.co/rest/v1/articles?select=article_id&original_url=eq.https%3A%2F%2Fwww.aitimes.com%2Fnews%2FarticleView.html%3Fidxno%3D214228 "HTTP/2 200 OK"
2026-08-21 17:48:54,357 [INFO] HTTP Request: GET https://wafeeknfpzjzngzuphoz.supabase.co/rest/v1/articles?select=article_id&original_url=eq.https%3A%2F%2Fwww.aitimes.com%2Fnews%2FarticleView.html%3Fidxno%3D214224 "HTTP/2 200 OK"
2026-08-21 17:48:54,536 [INFO] HTTP Request: GET https://wafeeknfpzjzngzuphoz.supabase.co/rest/v1/articles?select=article_id&original_url=eq.https%3A%2F%2Fnews.google.com%2Frss%2Farticles%2FCBMiXEFVX3lxTE9DWXkyN3hhUDFHR0tCMXdpVkt3OTAyS1dBUUN6QXBKTEpMOF9SLWJSZkl3VW5FdzE2N1JiYk13NGtFQXNnbjFZZ3Vsd3BZNGJLWDJTdVladTk0bXRi%3Foc%3D5 "HTTP/2 200 OK"
2026-08-21 17:48:54,554 [INFO] HTTP Request: GET https://wafeeknfpzjzngzuphoz.supabase.co/rest/v1/articles?select=article_id&original_url=eq.https%3A%2F%2Fnews.google.com%2Frss%2Farticles%2FCBMiVkFVX3lxTFBlSVhEWDF6dU85X3puVUswSzlXLUx4OXg5b0JZMlJYeHFXcHFsM1FLNEQ4MHQxTjlfRzZMZVhiU0JVTm5nS1paWnhEVXM1RzRmV0hWeWNR%3Foc%3D5 "HTTP/2 200 OK"
2026-08-21 17:48:54,571 [INFO] HTTP Request: GET https://wafeeknfpzjzngzuphoz.supabase.co/rest/v1/articles?select=article_id&original_url=eq.https%3A%2F%2Fnews.google.com%2Frss%2Farticles%2FCBMijgFBVV95cUxPaXVvNUlaeE5USjVKOGE5WEpLRDA2Y0c4Z3hONXZLaXc3X2IySmlzMy1kSExBUzNRMlY5dmUyNWNnX295R0tucnRKUi1aUnJsMjkzUllJWGdzbHVtajMyVG5pWW81YUxVbzhRQUh1T3E4bTJaU3AtRlFzQ0RjUzFxc1BqMkZpNGRwVUhXTi1R%3Foc%3D5 "HTTP/2 200 OK"
2026-08-21 17:48:54,589 [INFO] HTTP Request: GET https://wafeeknfpzjzngzuphoz.supabase.co/rest/v1/articles?select=article_id&original_url=eq.https%3A%2F%2Fnews.google.com%2Frss%2Farticles%2FCBMiX0FVX3lxTE5IRW4zbDg2OG1sYmVhVGhPUmNGaFJ6ZVdGYjNTeEd0eUp5REtWSm1fQ05rdnZFNkVPQVFlcExzYnU2YURSOE9PeHdiMEtCZXdBNkM0OFlOVWxoR1RySU84%3Foc%3D5 "HTTP/2 200 OK"
2026-08-21 17:48:54,633 [INFO] HTTP Request: GET https://wafeeknfpzjzngzuphoz.supabase.co/rest/v1/articles?select=article_id&original_url=eq.https%3A%2F%2Fnews.google.com%2Frss%2Farticles%2FCBMiSEFVX3lxTE1mczBWYm0wOEU3a2NSanExQ0V5ZjNDWmZhNURubTVxcmJDRUNjLXZzT1JmT2JlbVYwUjlWY0dxNXgxRW5ueHdveA%3Foc%3D5 "HTTP/2 200 OK"
2026-08-21 17:48:54,650 [INFO] HTTP Request: GET https://wafeeknfpzjzngzuphoz.supabase.co/rest/v1/articles?select=article_id&original_url=eq.https%3A%2F%2Fnews.google.com%2Frss%2Farticles%2FCBMib0FVX3lxTE1GYWxwbEp6YTFrUExYQ3J0aW1aVkdtTFptSlNqZ3dsWEdlLXI2RnJyb3UwQVhHWURDamk2UXE5N1dIMzQxZkxOT0R0V1gyUHRkYWhqdWgycHU4WHNXa2QtTUVReFpLbWZoZWlmS09nWQ%3Foc%3D5 "HTTP/2 200 OK"
2026-08-21 17:48:54,667 [INFO] HTTP Request: GET https://wafeeknfpzjzngzuphoz.supabase.co/rest/v1/articles?select=article_id&original_url=eq.https%3A%2F%2Fnews.google.com%2Frss%2Farticles%2FCBMiT0FVX3lxTFAzaWZPNVkxUlpVVTkzeEkyZURXNHppRWFtYkVEeUFCaDhTeVJFS0VubHd5Tjd6U09KRGI3ZDZYTXFNWWRQeHk5Q1F2eTlzeDQ%3Foc%3D5 "HTTP/2 200 OK"
2026-08-21 17:48:54,685 [INFO] HTTP Request: GET https://wafeeknfpzjzngzuphoz.supabase.co/rest/v1/articles?select=article_id&original_url=eq.https%3A%2F%2Fnews.google.com%2Frss%2Farticles%2FCBMiiAFBVV95cUxPcUNMUVl5OG0ydkJSb2c3eVJiLXNNdFYzQno4XzkyYzl2d2lvLUNnYzBzb1lqaHBxNzZtSXBuNzc0dlpfSHZuTC1TeG16RU1OQUhBUDFHaDVRQjB5bVBWazRINWdMZm1hYXpfOURrZzlQV1Ayb3ViWTRLZUl3eGdvdDY3WVVMNExo%3Foc%3D5 "HTTP/2 200 OK"
2026-08-21 17:48:54,713 [INFO] HTTP Request: GET https://wafeeknfpzjzngzuphoz.supabase.co/rest/v1/articles?select=article_id&original_url=eq.https%3A%2F%2Fnews.google.com%2Frss%2Farticles%2FCBMiWEFVX3lxTFBvd3pDNkp0cF9pMEIwd3lGQTg4VDE1VUVKREgtdEZRVUVuamgtZk5pNTlDM25oSnZCYVh1eENCQ1A0djlaYWdJU3RGWXdyakFlV2E3b1NZUEHSAV5BVV95cUxOMk1seVBkRzVWbHJUaW1IRzY4bTIyS1NEQnlMbzM2V1pPdW00N0pnazJTRW1sRF9QV3h3ZExUb0RDWU1HVGVGR2hwYW1WTzN3ZGVPX2NweG00ZDVUX3pR%3Foc%3D5 "HTTP/2 200 OK"
2026-08-21 17:48:54,732 [INFO] HTTP Request: GET https://wafeeknfpzjzngzuphoz.supabase.co/rest/v1/articles?select=article_id&original_url=eq.https%3A%2F%2Fnews.google.com%2Frss%2Farticles%2FCBMibEFVX3lxTE1ZY01VdkJHWXZXTXcwR3Z0d05NTVJLcXQxQkE5VHU5aXpqaGVmbWRETWFsbWlld2NnU3k4NUNOdHlENzVuTENnVjZHSnE1bzhlMFR3THU5RVc3MjRkSVZMSzU1S1V6Q09QdHZUSw%3Foc%3D5 "HTTP/2 200 OK"
2026-08-21 17:48:54,942 [INFO] HTTP Request: GET https://wafeeknfpzjzngzuphoz.supabase.co/rest/v1/articles?select=article_id&original_url=eq.https%3A%2F%2Fnews.google.com%2Frss%2Farticles%2FCBMiT0FVX3lxTE5pT2NxbXJmajNtcGRxTHZNcjlXazcwQ29IeGNUN0F3X2dUOWV2S1dDVHMyZUtrdWNoLWhXZHJ0SlJLRUNfcUNjMXR5MUpYTzQ%3Foc%3D5 "HTTP/2 200 OK"
2026-08-21 17:48:54,973 [INFO] HTTP Request: GET https://wafeeknfpzjzngzuphoz.supabase.co/rest/v1/articles?select=article_id&original_url=eq.https%3A%2F%2Fnews.google.com%2Frss%2Farticles%2FCBMiWkFVX3lxTE95SGFjUDdLYVhPYXBjSXRhelZMMndBZXdkQTR0dTNvRG82U1hRbTVweUJveVVyYUtnR3dOREt5WDFjOVdVQnd0VWlLU0k2cTVDdUprWENTaTREUdIBX0FVX3lxTE1ITGZzcjlrQkNDWDE3RnBpdXVPV2RtVXNKT3NUUzRVcWYzSk5mRW92cWs2X09aVVNNeTZyYlhkekY2OUQ1UWwzcUJFY1hiTFgwU2hVS0xLWXZlVXFheFhJ%3Foc%3D5 "HTTP/2 200 OK"
2026-08-21 17:48:54,991 [INFO] HTTP Request: GET https://wafeeknfpzjzngzuphoz.supabase.co/rest/v1/articles?select=article_id&original_url=eq.https%3A%2F%2Fnews.google.com%2Frss%2Farticles%2FCBMiWkFVX3lxTE1sa0hTYXF5WDhTS1pzWXBMWVVsYnpCNW1MTkpKc19lcmhuelEzdTJVSDlwNkVzMTIxWUdpRlBMSC1oNGN4R2xPSlN3V0poR2RGa0pvbUZvMVdhUdIBWEFVX3lxTE1OR2llcHJQMTBTaDBNVVVkT3cwd0xfQWJ4b2VRcmtFSnNNUE1JZjMtZUhld0lqRDdOYjM2b1JSVk5UT1JwM0F1OS1OaWZIbTdKQ3Ixck10LUc%3Foc%3D5 "HTTP/2 200 OK"
2026-08-21 17:48:55,008 [INFO] HTTP Request: GET https://wafeeknfpzjzngzuphoz.supabase.co/rest/v1/articles?select=article_id&original_url=eq.https%3A%2F%2Fnews.google.com%2Frss%2Farticles%2FCBMiXEFVX3lxTE9FTkJLTmFvLVJJem5NckxBWUJfVW5BWklBd1ExZjFhbF85NzFRR21HRTBCbHI3QWs0blN0aDhiVTNMX2xmN2ZVdER5dGV3LWNPUFFxMHJMM1RjRnJa%3Foc%3D5 "HTTP/2 200 OK"
2026-08-21 17:48:55,025 [INFO] HTTP Request: GET https://wafeeknfpzjzngzuphoz.supabase.co/rest/v1/articles?select=article_id&original_url=eq.https%3A%2F%2Fnews.google.com%2Frss%2Farticles%2FCBMiYkFVX3lxTE1FdWNubjI3UUxJLVFiMm13dGVzQ3NVUEdxRnUzTkpzSTRmQ3RySWtyYU9Nb05xbFJxUmNlazQ0VHdyNXg0d0toelUyZ2I1ODFBMGR4M09WSkY3Y3B5SEtEdTNB%3Foc%3D5 "HTTP/2 200 OK"
2026-08-21 17:48:55,046 [INFO] HTTP Request: GET https://wafeeknfpzjzngzuphoz.supabase.co/rest/v1/articles?select=article_id&original_url=eq.https%3A%2F%2Fnews.google.com%2Frss%2Farticles%2FCBMihAFBVV95cUxQOHc5V0xHTzhmMnc0bzNvbHdpU0Q1RjZPVjl6Z3hRTkpYYlRqWDEyZlQ5WnhORG56Ry1zNkQySWtQclFnTmlTeDZZcnFUckhka29Ed2RFTXZaaXhQX3FOQWJaOThFQUlTNzVwMTdzUFVRcml6b1hkS2R2M09NU2tuazFBaFA%3Foc%3D5 "HTTP/2 200 OK"
2026-08-21 17:48:55,065 [INFO] HTTP Request: GET https://wafeeknfpzjzngzuphoz.supabase.co/rest/v1/articles?select=article_id&original_url=eq.https%3A%2F%2Fnews.google.com%2Frss%2Farticles%2FCBMiVkFVX3lxTE1QNVk5ZkUyd3ZRRzBMU0VVZlVBRDZFYVltVFZLc0t6VzVlbFlsVGNnVFh1UWdTazFGd3VvMWdYWGlrUWNwSGFnODFQa2l2NlNLN2dEZHp3%3Foc%3D5 "HTTP/2 200 OK"
2026-08-21 17:48:55,096 [INFO] HTTP Request: GET https://wafeeknfpzjzngzuphoz.supabase.co/rest/v1/articles?select=article_id&original_url=eq.https%3A%2F%2Fnews.google.com%2Frss%2Farticles%2FCBMic0FVX3lxTE1kZmtaTGNLYUhmOEdnTXBqTm13b3ZKNXk1MS0xU3ZKWl9fTm5yc3hrNDRaeUF1TkF6WFFDU3QzZG0yTkNQbzZGbDNPMG1xU1ByeFZaSHhEOG9vZ09ZSDFtVXBILTVGd2dobFZfNnZzWk1kdUHSAXdBVV95cUxQcHR3Y092blBPc202b1JaOHh5ZFl1Vkw2NnRzdmNuRXBpYUpOQkc5NkpkMUFpWl9aN2VxVlZFSmZXSzdPOFhacHJjWXV6Unp2cGRVVUNCNFdJYjZ3bDZ1OTFDUXRFWXVHa0Uwa1dUUE43RlJvQ2Ztdw%3Foc%3D5 "HTTP/2 200 OK"
2026-08-21 17:48:55,115 [INFO] HTTP Request: GET https://wafeeknfpzjzngzuphoz.supabase.co/rest/v1/articles?select=article_id&original_url=eq.https%3A%2F%2Fnews.google.com%2Frss%2Farticles%2FCBMiaEFVX3lxTE9GdVM2T3VXYmhMWGxqSlFwREc5VzExOWpSWU1rNE5KY1VLTUlGcHJJZFVtdlBCSm0tclpMMWZINTJucnJObW05UXQxbDZ3aXJRNVBLVFgtUnFiWF9WRFh2YlphbUh4VGNP0gFsQVVfeXFMUFF2cUJROC1HMnpmNGNUVkJNa3htd2NsYk5CUzRTWjBGZkVwRXpKWWlFU2F5bVN3ZFNiai1aeU5SN1ZOWmZvRmJ6UTFrUzRqU2F6R0s0TEFtWl9CVXdzT3ZXdnRqU2hObS00enhK%3Foc%3D5 "HTTP/2 200 OK"
2026-08-21 17:48:55,137 [INFO] HTTP Request: GET https://wafeeknfpzjzngzuphoz.supabase.co/rest/v1/articles?select=article_id&original_url=eq.https%3A%2F%2Fnews.google.com%2Frss%2Farticles%2FCBMic0FVX3lxTE9EdUhvQV9xVlE2WER4QWV0NWx0ajRpbVBOR1VCclR2dkZpS21EakV2a1VFUVFuSmdjN2tLS0I4eWhXV2hIMjFFZ191Z09sNmFvZTY4ZFNYNzdBcmlWWmFhWHBuYlJ3eE03M245V19KMnFFRFk%3Foc%3D5 "HTTP/2 200 OK"
2026-08-21 17:48:55,254 [INFO] HTTP Request: GET https://wafeeknfpzjzngzuphoz.supabase.co/rest/v1/articles?select=article_id&original_url=eq.https%3A%2F%2Fyozm.wishket.com%2Fmagazine%2Fdetail%2F3908 "HTTP/2 200 OK"
2026-08-21 17:48:55,270 [INFO] HTTP Request: GET https://wafeeknfpzjzngzuphoz.supabase.co/rest/v1/articles?select=article_id&original_url=eq.https%3A%2F%2Fyozm.wishket.com%2Fmagazine%2Fdetail%2F3907 "HTTP/2 200 OK"
2026-08-21 17:48:55,287 [INFO] HTTP Request: GET https://wafeeknfpzjzngzuphoz.supabase.co/rest/v1/articles?select=article_id&original_url=eq.https%3A%2F%2Fyozm.wishket.com%2Fmagazine%2Fdetail%2F3906 "HTTP/2 200 OK"
2026-08-21 17:48:55,303 [INFO] HTTP Request: GET https://wafeeknfpzjzngzuphoz.supabase.co/rest/v1/articles?select=article_id&original_url=eq.https%3A%2F%2Fyozm.wishket.com%2Fmagazine%2Fdetail%2F3905 "HTTP/2 200 OK"
2026-08-21 17:48:55,319 [INFO] HTTP Request: GET https://wafeeknfpzjzngzuphoz.supabase.co/rest/v1/articles?select=article_id&original_url=eq.https%3A%2F%2Fyozm.wishket.com%2Fmagazine%2Fdetail%2F3904 "HTTP/2 200 OK"
2026-08-21 17:48:55,336 [INFO] HTTP Request: GET https://wafeeknfpzjzngzuphoz.supabase.co/rest/v1/articles?select=article_id&original_url=eq.https%3A%2F%2Fyozm.wishket.com%2Fmagazine%2Fdetail%2F3903 "HTTP/2 200 OK"
2026-08-21 17:48:55,356 [INFO] HTTP Request: GET https://wafeeknfpzjzngzuphoz.supabase.co/rest/v1/articles?select=article_id&original_url=eq.https%3A%2F%2Fyozm.wishket.com%2Fmagazine%2Fdetail%2F3902 "HTTP/2 200 OK"
2026-08-21 17:48:55,374 [INFO] HTTP Request: GET https://wafeeknfpzjzngzuphoz.supabase.co/rest/v1/articles?select=article_id&original_url=eq.https%3A%2F%2Fyozm.wishket.com%2Fmagazine%2Fdetail%2F3901 "HTTP/2 200 OK"
2026-08-21 17:48:55,396 [INFO] HTTP Request: GET https://wafeeknfpzjzngzuphoz.supabase.co/rest/v1/articles?select=article_id&original_url=eq.https%3A%2F%2Fyozm.wishket.com%2Fmagazine%2Fdetail%2F3900 "HTTP/2 200 OK"
2026-08-21 17:48:55,412 [INFO] HTTP Request: GET https://wafeeknfpzjzngzuphoz.supabase.co/rest/v1/articles?select=article_id&original_url=eq.https%3A%2F%2Fyozm.wishket.com%2Fmagazine%2Fdetail%2F3899 "HTTP/2 200 OK"
2026-08-21 17:48:55,749 [INFO] HTTP Request: GET https://wafeeknfpzjzngzuphoz.supabase.co/rest/v1/articles?select=article_id&original_url=eq.https%3A%2F%2Ftechblog.woowahan.com%2F26876%2F "HTTP/2 200 OK"
2026-08-21 17:48:55,768 [INFO] HTTP Request: GET https://wafeeknfpzjzngzuphoz.supabase.co/rest/v1/articles?select=article_id&original_url=eq.https%3A%2F%2Ftechblog.woowahan.com%2F26777%2F "HTTP/2 200 OK"
2026-08-21 17:48:55,785 [INFO] HTTP Request: GET https://wafeeknfpzjzngzuphoz.supabase.co/rest/v1/articles?select=article_id&original_url=eq.https%3A%2F%2Ftechblog.woowahan.com%2F26729%2F "HTTP/2 200 OK"
2026-08-21 17:48:55,833 [INFO] HTTP Request: GET https://wafeeknfpzjzngzuphoz.supabase.co/rest/v1/articles?select=article_id&original_url=eq.https%3A%2F%2Ftechblog.woowahan.com%2F26507%2F "HTTP/2 200 OK"
2026-08-21 17:48:55,851 [INFO] HTTP Request: GET https://wafeeknfpzjzngzuphoz.supabase.co/rest/v1/articles?select=article_id&original_url=eq.https%3A%2F%2Ftechblog.woowahan.com%2F26624%2F "HTTP/2 200 OK"
2026-08-21 17:48:55,870 [INFO] HTTP Request: GET https://wafeeknfpzjzngzuphoz.supabase.co/rest/v1/articles?select=article_id&original_url=eq.https%3A%2F%2Ftechblog.woowahan.com%2F26492%2F "HTTP/2 200 OK"
2026-08-21 17:48:55,889 [INFO] HTTP Request: GET https://wafeeknfpzjzngzuphoz.supabase.co/rest/v1/articles?select=article_id&original_url=eq.https%3A%2F%2Ftechblog.woowahan.com%2F26459%2F "HTTP/2 200 OK"
2026-08-21 17:48:55,908 [INFO] HTTP Request: GET https://wafeeknfpzjzngzuphoz.supabase.co/rest/v1/articles?select=article_id&original_url=eq.https%3A%2F%2Ftechblog.woowahan.com%2F26379%2F "HTTP/2 200 OK"
2026-08-21 17:48:55,929 [INFO] HTTP Request: GET https://wafeeknfpzjzngzuphoz.supabase.co/rest/v1/articles?select=article_id&original_url=eq.https%3A%2F%2Ftechblog.woowahan.com%2F26388%2F "HTTP/2 200 OK"
2026-08-21 17:48:55,947 [INFO] HTTP Request: GET https://wafeeknfpzjzngzuphoz.supabase.co/rest/v1/articles?select=article_id&original_url=eq.https%3A%2F%2Ftechblog.woowahan.com%2F26319%2F "HTTP/2 200 OK"
2026-08-21 17:48:56,071 [INFO] HTTP Request: GET https://wafeeknfpzjzngzuphoz.supabase.co/rest/v1/articles?select=article_id&original_url=eq.https%3A%2F%2Ftech.kakao.com%2Fposts%2F829 "HTTP/2 200 OK"
2026-08-21 17:48:56,090 [INFO] HTTP Request: GET https://wafeeknfpzjzngzuphoz.supabase.co/rest/v1/articles?select=article_id&original_url=eq.https%3A%2F%2Ftech.kakao.com%2Fposts%2F828 "HTTP/2 200 OK"
2026-08-21 17:48:56,108 [INFO] HTTP Request: GET https://wafeeknfpzjzngzuphoz.supabase.co/rest/v1/articles?select=article_id&original_url=eq.https%3A%2F%2Ftech.kakao.com%2Fposts%2F827 "HTTP/2 200 OK"
2026-08-21 17:48:56,126 [INFO] HTTP Request: GET https://wafeeknfpzjzngzuphoz.supabase.co/rest/v1/articles?select=article_id&original_url=eq.https%3A%2F%2Ftech.kakao.com%2Fposts%2F826 "HTTP/2 200 OK"
2026-08-21 17:48:56,166 [INFO] HTTP Request: GET https://wafeeknfpzjzngzuphoz.supabase.co/rest/v1/articles?select=article_id&original_url=eq.https%3A%2F%2Ftech.kakao.com%2Fposts%2F825 "HTTP/2 200 OK"
2026-08-21 17:48:56,185 [INFO] HTTP Request: GET https://wafeeknfpzjzngzuphoz.supabase.co/rest/v1/articles?select=article_id&original_url=eq.https%3A%2F%2Ftech.kakao.com%2Fposts%2F824 "HTTP/2 200 OK"
2026-08-21 17:48:56,203 [INFO] HTTP Request: GET https://wafeeknfpzjzngzuphoz.supabase.co/rest/v1/articles?select=article_id&original_url=eq.https%3A%2F%2Ftech.kakao.com%2Fposts%2F823 "HTTP/2 200 OK"
2026-08-21 17:48:56,220 [INFO] HTTP Request: GET https://wafeeknfpzjzngzuphoz.supabase.co/rest/v1/articles?select=article_id&original_url=eq.https%3A%2F%2Ftech.kakao.com%2Fposts%2F818 "HTTP/2 200 OK"
2026-08-21 17:48:56,238 [INFO] HTTP Request: GET https://wafeeknfpzjzngzuphoz.supabase.co/rest/v1/articles?select=article_id&original_url=eq.https%3A%2F%2Ftech.kakao.com%2Fposts%2F822 "HTTP/2 200 OK"
2026-08-21 17:48:56,256 [INFO] HTTP Request: GET https://wafeeknfpzjzngzuphoz.supabase.co/rest/v1/articles?select=article_id&original_url=eq.https%3A%2F%2Ftech.kakao.com%2Fposts%2F821 "HTTP/2 200 OK"
2026-08-21 17:48:56,287 [INFO] HTTP Request: GET https://wafeeknfpzjzngzuphoz.supabase.co/rest/v1/articles?select=article_id%2Csource_id%2Ccategory_id%2Coriginal_url%2Ctitle%2Csummary%2Csources%28name%2Ctype%2Creliability_score%29%2Ccategories%28name%29&collected_at=gte.2026-08-21T00%3A00%3A00 "HTTP/2 200 OK"
2026-08-21 17:48:56,314 [INFO] HTTP Request: GET https://wafeeknfpzjzngzuphoz.supabase.co/rest/v1/users?select=user_id%2Cemail "HTTP/2 200 OK"
2026-08-21 17:48:56,334 [INFO] HTTP Request: GET https://wafeeknfpzjzngzuphoz.supabase.co/rest/v1/user_sources?select=source_id&user_id=eq.1 "HTTP/2 200 OK"
2026-08-21 17:48:56,356 [INFO] HTTP Request: GET https://wafeeknfpzjzngzuphoz.supabase.co/rest/v1/subscriptions?select=category_id&user_id=eq.1&is_active=eq.True "HTTP/2 200 OK"
2026-08-21 17:48:56,397 [INFO] HTTP Request: GET https://wafeeknfpzjzngzuphoz.supabase.co/rest/v1/digests?select=digest_id&user_id=eq.1&digest_date=eq.2026-08-21 "HTTP/2 200 OK"
2026-08-21 17:48:56,417 [INFO] HTTP Request: PATCH https://wafeeknfpzjzngzuphoz.supabase.co/rest/v1/digests?user_id=eq.1&digest_date=eq.2026-08-21 "HTTP/2 200 OK"
2026-08-21 17:48:56,418 [INFO] 📄 사용자(koreajjangboy@gmail.com) 개인 다이제스트 생성 완료: news/koreajjangboy_at_gmail_com/2026-08-21.html
2026-08-21 17:48:56,418 [INFO] ✅ 총 0개 신규 기사 DB 저장 및 개인별 다이제스트 생성 완료

2026-08-21 17:49:53,517 [INFO] ⚡ [--now] 옵션 감지: 즉시 수집 작업을 실행합니다.
2026-08-21 17:49:53,517 [INFO] 🚀 [Start] RSS 피드 수집 및 DB 저장 시작
2026-08-21 17:49:53,594 [INFO] HTTP Request: GET https://wafeeknfpzjzngzuphoz.supabase.co/rest/v1/sources?select=source_id%2Cname%2Curl "HTTP/2 200 OK"
2026-08-21 17:49:53,625 [INFO] HTTP Request: GET https://wafeeknfpzjzngzuphoz.supabase.co/rest/v1/categories?select=category_id%2Cname&is_active=eq.True "HTTP/2 200 OK"
2026-08-21 17:49:54,117 [INFO] HTTP Request: GET https://wafeeknfpzjzngzuphoz.supabase.co/rest/v1/articles?select=article_id&original_url=eq.https%3A%2F%2Fopenai.com%2Findex%2Fintroducing-ai-futures "HTTP/2 200 OK"
2026-08-21 17:49:54,145 [INFO] HTTP Request: GET https://wafeeknfpzjzngzuphoz.supabase.co/rest/v1/articles?select=article_id&original_url=eq.https%3A%2F%2Fopenai.com%2Findex%2Fstampli "HTTP/2 200 OK"
2026-08-21 17:49:54,165 [INFO] HTTP Request: GET https://wafeeknfpzjzngzuphoz.supabase.co/rest/v1/articles?select=article_id&original_url=eq.https%3A%2F%2Fopenai.com%2Findex%2Foffering-zero-data-retention-for-frontier-models "HTTP/2 200 OK"
2026-08-21 17:49:54,187 [INFO] HTTP Request: GET https://wafeeknfpzjzngzuphoz.supabase.co/rest/v1/articles?select=article_id&original_url=eq.https%3A%2F%2Fopenai.com%2Findex%2Freplit "HTTP/2 200 OK"
2026-08-21 17:49:54,207 [INFO] HTTP Request: GET https://wafeeknfpzjzngzuphoz.supabase.co/rest/v1/articles?select=article_id&original_url=eq.https%3A%2F%2Fopenai.com%2Findex%2Fchatgpt-ads-expands-across-europe "HTTP/2 200 OK"
2026-08-21 17:49:54,226 [INFO] HTTP Request: GET https://wafeeknfpzjzngzuphoz.supabase.co/rest/v1/articles?select=article_id&original_url=eq.https%3A%2F%2Fopenai.com%2Findex%2Fstrengthening-democratic-oversight-in-national-security "HTTP/2 200 OK"
2026-08-21 17:49:54,246 [INFO] HTTP Request: GET https://wafeeknfpzjzngzuphoz.supabase.co/rest/v1/articles?select=article_id&original_url=eq.https%3A%2F%2Fopenai.com%2Findex%2Fpartnering-with-codeai "HTTP/2 200 OK"
2026-08-21 17:49:54,265 [INFO] HTTP Request: GET https://wafeeknfpzjzngzuphoz.supabase.co/rest/v1/articles?select=article_id&original_url=eq.https%3A%2F%2Fopenai.com%2Findex%2Fpacing-model-development-cyber-capabilities "HTTP/2 200 OK"
2026-08-21 17:49:54,285 [INFO] HTTP Request: GET https://wafeeknfpzjzngzuphoz.supabase.co/rest/v1/articles?select=article_id&original_url=eq.https%3A%2F%2Fopenai.com%2Findex%2Fchatgpt-for-teens "HTTP/2 200 OK"
2026-08-21 17:49:54,308 [INFO] HTTP Request: GET https://wafeeknfpzjzngzuphoz.supabase.co/rest/v1/articles?select=article_id&original_url=eq.https%3A%2F%2Fopenai.com%2Findex%2Fnvidia%2Fchatgpt-work "HTTP/2 200 OK"
2026-08-21 17:49:55,134 [INFO] HTTP Request: GET https://wafeeknfpzjzngzuphoz.supabase.co/rest/v1/articles?select=article_id&original_url=eq.https%3A%2F%2Fblog.google%2Fproducts-and-platforms%2Fproducts%2Fsearch%2Fback-to-school-study-tools%2F "HTTP/2 200 OK"
2026-08-21 17:49:55,154 [INFO] HTTP Request: GET https://wafeeknfpzjzngzuphoz.supabase.co/rest/v1/articles?select=article_id&original_url=eq.https%3A%2F%2Fblog.google%2Fproducts-and-platforms%2Fproducts%2Fgemini%2Fgoogle-gemini-pixel-football-club-partnerships%2F "HTTP/2 200 OK"
2026-08-21 17:49:55,174 [INFO] HTTP Request: GET https://wafeeknfpzjzngzuphoz.supabase.co/rest/v1/articles?select=article_id&original_url=eq.https%3A%2F%2Fblog.google%2Fproducts-and-platforms%2Fproducts%2Fworkspace%2Fsheets-canvas-for-google-sheets-spreadsheets%2F "HTTP/2 200 OK"
2026-08-21 17:49:55,193 [INFO] HTTP Request: GET https://wafeeknfpzjzngzuphoz.supabase.co/rest/v1/articles?select=article_id&original_url=eq.https%3A%2F%2Fblog.google%2Finnovation-and-ai%2Fmodels-and-research%2Fgoogle-research%2Famie-video-consultations%2F "HTTP/2 200 OK"
2026-08-21 17:49:55,211 [INFO] HTTP Request: GET https://wafeeknfpzjzngzuphoz.supabase.co/rest/v1/articles?select=article_id&original_url=eq.https%3A%2F%2Fblog.google%2Fproducts%2Fads-commerce%2Fgoogle-ads-analytics-ai-updates%2F "HTTP/2 200 OK"
2026-08-21 17:49:55,229 [INFO] HTTP Request: GET https://wafeeknfpzjzngzuphoz.supabase.co/rest/v1/articles?select=article_id&original_url=eq.https%3A%2F%2Fblog.google%2Finnovation-and-ai%2Ftechnology%2Fai%2Fgoogle-ai-updates-july-2026%2F "HTTP/2 200 OK"
2026-08-21 17:49:55,249 [INFO] HTTP Request: GET https://wafeeknfpzjzngzuphoz.supabase.co/rest/v1/articles?select=article_id&original_url=eq.https%3A%2F%2Fblog.google%2Finnovation-and-ai%2Ftechnology%2Fdevelopers-tools%2Fai-agents-intensive-recap-2026%2F "HTTP/2 200 OK"
2026-08-21 17:49:55,271 [INFO] HTTP Request: GET https://wafeeknfpzjzngzuphoz.supabase.co/rest/v1/articles?select=article_id&original_url=eq.https%3A%2F%2Fblog.google%2Finnovation-and-ai%2Ftechnology%2Fdevelopers-tools%2Fexpanding-managed-agents-gemini-api-3-6-flash-hooks%2F "HTTP/2 200 OK"
2026-08-21 17:49:55,290 [INFO] HTTP Request: GET https://wafeeknfpzjzngzuphoz.supabase.co/rest/v1/articles?select=article_id&original_url=eq.https%3A%2F%2Fblog.google%2Fproducts-and-platforms%2Fproducts%2Fsearch%2Fai-mode-real-world-tips%2F "HTTP/2 200 OK"
2026-08-21 17:49:55,309 [INFO] HTTP Request: GET https://wafeeknfpzjzngzuphoz.supabase.co/rest/v1/articles?select=article_id&original_url=eq.https%3A%2F%2Fblog.google%2Fproducts-and-platforms%2Fproducts%2Fsearch%2Fdinner-party-hosting-tips%2F "HTTP/2 200 OK"
2026-08-21 17:49:56,159 [INFO] HTTP Request: GET https://wafeeknfpzjzngzuphoz.supabase.co/rest/v1/articles?select=article_id&original_url=eq.https%3A%2F%2Fnews.hada.io%2Ftopic%3Fid%3D32723 "HTTP/2 200 OK"
2026-08-21 17:49:56,179 [INFO] HTTP Request: GET https://wafeeknfpzjzngzuphoz.supabase.co/rest/v1/articles?select=article_id&original_url=eq.https%3A%2F%2Fnews.hada.io%2Farticle%2Fopenrouter-is-not-just-a-proxy "HTTP/2 200 OK"
2026-08-21 17:49:56,196 [INFO] HTTP Request: GET https://wafeeknfpzjzngzuphoz.supabase.co/rest/v1/articles?select=article_id&original_url=eq.https%3A%2F%2Fnews.hada.io%2Ftopic%3Fid%3D32720 "HTTP/2 200 OK"
2026-08-21 17:49:56,215 [INFO] HTTP Request: GET https://wafeeknfpzjzngzuphoz.supabase.co/rest/v1/articles?select=article_id&original_url=eq.https%3A%2F%2Fnews.hada.io%2Ftopic%3Fid%3D32719 "HTTP/2 200 OK"
2026-08-21 17:49:56,233 [INFO] HTTP Request: GET https://wafeeknfpzjzngzuphoz.supabase.co/rest/v1/articles?select=article_id&original_url=eq.https%3A%2F%2Fnews.hada.io%2Ftopic%3Fid%3D32717 "HTTP/2 200 OK"
2026-08-21 17:49:56,253 [INFO] HTTP Request: GET https://wafeeknfpzjzngzuphoz.supabase.co/rest/v1/articles?select=article_id&original_url=eq.https%3A%2F%2Fnews.hada.io%2Ftopic%3Fid%3D32716 "HTTP/2 200 OK"
2026-08-21 17:49:56,272 [INFO] HTTP Request: GET https://wafeeknfpzjzngzuphoz.supabase.co/rest/v1/articles?select=article_id&original_url=eq.https%3A%2F%2Fnews.hada.io%2Ftopic%3Fid%3D32715 "HTTP/2 200 OK"
2026-08-21 17:49:56,290 [INFO] HTTP Request: GET https://wafeeknfpzjzngzuphoz.supabase.co/rest/v1/articles?select=article_id&original_url=eq.https%3A%2F%2Fnews.hada.io%2Ftopic%3Fid%3D32714 "HTTP/2 200 OK"
2026-08-21 17:49:56,307 [INFO] HTTP Request: GET https://wafeeknfpzjzngzuphoz.supabase.co/rest/v1/articles?select=article_id&original_url=eq.https%3A%2F%2Fnews.hada.io%2Ftopic%3Fid%3D32713 "HTTP/2 200 OK"
2026-08-21 17:49:56,335 [INFO] HTTP Request: GET https://wafeeknfpzjzngzuphoz.supabase.co/rest/v1/articles?select=article_id&original_url=eq.https%3A%2F%2Fnews.hada.io%2Ftopic%3Fid%3D32712 "HTTP/2 200 OK"
2026-08-21 17:49:56,412 [INFO] HTTP Request: GET https://wafeeknfpzjzngzuphoz.supabase.co/rest/v1/articles?select=article_id&original_url=eq.https%3A%2F%2Fwww.aitimes.com%2Fnews%2FarticleView.html%3Fidxno%3D214205 "HTTP/2 200 OK"
2026-08-21 17:49:56,432 [INFO] HTTP Request: GET https://wafeeknfpzjzngzuphoz.supabase.co/rest/v1/articles?select=article_id&original_url=eq.https%3A%2F%2Fwww.aitimes.com%2Fnews%2FarticleView.html%3Fidxno%3D214214 "HTTP/2 200 OK"
2026-08-21 17:49:56,450 [INFO] HTTP Request: GET https://wafeeknfpzjzngzuphoz.supabase.co/rest/v1/articles?select=article_id&original_url=eq.https%3A%2F%2Fwww.aitimes.com%2Fnews%2FarticleView.html%3Fidxno%3D214213 "HTTP/2 200 OK"
2026-08-21 17:49:56,473 [INFO] HTTP Request: GET https://wafeeknfpzjzngzuphoz.supabase.co/rest/v1/articles?select=article_id&original_url=eq.https%3A%2F%2Fwww.aitimes.com%2Fnews%2FarticleView.html%3Fidxno%3D214226 "HTTP/2 200 OK"
2026-08-21 17:49:56,492 [INFO] HTTP Request: GET https://wafeeknfpzjzngzuphoz.supabase.co/rest/v1/articles?select=article_id&original_url=eq.https%3A%2F%2Fwww.aitimes.com%2Fnews%2FarticleView.html%3Fidxno%3D214189 "HTTP/2 200 OK"
2026-08-21 17:49:56,513 [INFO] HTTP Request: GET https://wafeeknfpzjzngzuphoz.supabase.co/rest/v1/articles?select=article_id&original_url=eq.https%3A%2F%2Fwww.aitimes.com%2Fnews%2FarticleView.html%3Fidxno%3D214222 "HTTP/2 200 OK"
2026-08-21 17:49:56,532 [INFO] HTTP Request: GET https://wafeeknfpzjzngzuphoz.supabase.co/rest/v1/articles?select=article_id&original_url=eq.https%3A%2F%2Fwww.aitimes.com%2Fnews%2FarticleView.html%3Fidxno%3D214223 "HTTP/2 200 OK"
2026-08-21 17:49:56,550 [INFO] HTTP Request: GET https://wafeeknfpzjzngzuphoz.supabase.co/rest/v1/articles?select=article_id&original_url=eq.https%3A%2F%2Fwww.aitimes.com%2Fnews%2FarticleView.html%3Fidxno%3D214219 "HTTP/2 200 OK"
2026-08-21 17:49:56,568 [INFO] HTTP Request: GET https://wafeeknfpzjzngzuphoz.supabase.co/rest/v1/articles?select=article_id&original_url=eq.https%3A%2F%2Fwww.aitimes.com%2Fnews%2FarticleView.html%3Fidxno%3D214228 "HTTP/2 200 OK"
2026-08-21 17:49:56,587 [INFO] HTTP Request: GET https://wafeeknfpzjzngzuphoz.supabase.co/rest/v1/articles?select=article_id&original_url=eq.https%3A%2F%2Fwww.aitimes.com%2Fnews%2FarticleView.html%3Fidxno%3D214224 "HTTP/2 200 OK"
2026-08-21 17:49:56,744 [INFO] HTTP Request: GET https://wafeeknfpzjzngzuphoz.supabase.co/rest/v1/articles?select=article_id&original_url=eq.https%3A%2F%2Fnews.google.com%2Frss%2Farticles%2FCBMiXEFVX3lxTE9DWXkyN3hhUDFHR0tCMXdpVkt3OTAyS1dBUUN6QXBKTEpMOF9SLWJSZkl3VW5FdzE2N1JiYk13NGtFQXNnbjFZZ3Vsd3BZNGJLWDJTdVladTk0bXRi%3Foc%3D5 "HTTP/2 200 OK"
2026-08-21 17:49:56,763 [INFO] HTTP Request: GET https://wafeeknfpzjzngzuphoz.supabase.co/rest/v1/articles?select=article_id&original_url=eq.https%3A%2F%2Fnews.google.com%2Frss%2Farticles%2FCBMiVkFVX3lxTFBlSVhEWDF6dU85X3puVUswSzlXLUx4OXg5b0JZMlJYeHFXcHFsM1FLNEQ4MHQxTjlfRzZMZVhiU0JVTm5nS1paWnhEVXM1RzRmV0hWeWNR%3Foc%3D5 "HTTP/2 200 OK"
2026-08-21 17:49:56,781 [INFO] HTTP Request: GET https://wafeeknfpzjzngzuphoz.supabase.co/rest/v1/articles?select=article_id&original_url=eq.https%3A%2F%2Fnews.google.com%2Frss%2Farticles%2FCBMijgFBVV95cUxPaXVvNUlaeE5USjVKOGE5WEpLRDA2Y0c4Z3hONXZLaXc3X2IySmlzMy1kSExBUzNRMlY5dmUyNWNnX295R0tucnRKUi1aUnJsMjkzUllJWGdzbHVtajMyVG5pWW81YUxVbzhRQUh1T3E4bTJaU3AtRlFzQ0RjUzFxc1BqMkZpNGRwVUhXTi1R%3Foc%3D5 "HTTP/2 200 OK"
2026-08-21 17:49:56,801 [INFO] HTTP Request: GET https://wafeeknfpzjzngzuphoz.supabase.co/rest/v1/articles?select=article_id&original_url=eq.https%3A%2F%2Fnews.google.com%2Frss%2Farticles%2FCBMiX0FVX3lxTE5IRW4zbDg2OG1sYmVhVGhPUmNGaFJ6ZVdGYjNTeEd0eUp5REtWSm1fQ05rdnZFNkVPQVFlcExzYnU2YURSOE9PeHdiMEtCZXdBNkM0OFlOVWxoR1RySU84%3Foc%3D5 "HTTP/2 200 OK"
2026-08-21 17:49:56,821 [INFO] HTTP Request: GET https://wafeeknfpzjzngzuphoz.supabase.co/rest/v1/articles?select=article_id&original_url=eq.https%3A%2F%2Fnews.google.com%2Frss%2Farticles%2FCBMiSEFVX3lxTE1mczBWYm0wOEU3a2NSanExQ0V5ZjNDWmZhNURubTVxcmJDRUNjLXZzT1JmT2JlbVYwUjlWY0dxNXgxRW5ueHdveA%3Foc%3D5 "HTTP/2 200 OK"
2026-08-21 17:49:56,841 [INFO] HTTP Request: GET https://wafeeknfpzjzngzuphoz.supabase.co/rest/v1/articles?select=article_id&original_url=eq.https%3A%2F%2Fnews.google.com%2Frss%2Farticles%2FCBMib0FVX3lxTE1GYWxwbEp6YTFrUExYQ3J0aW1aVkdtTFptSlNqZ3dsWEdlLXI2RnJyb3UwQVhHWURDamk2UXE5N1dIMzQxZkxOT0R0V1gyUHRkYWhqdWgycHU4WHNXa2QtTUVReFpLbWZoZWlmS09nWQ%3Foc%3D5 "HTTP/2 200 OK"
2026-08-21 17:49:56,859 [INFO] HTTP Request: GET https://wafeeknfpzjzngzuphoz.supabase.co/rest/v1/articles?select=article_id&original_url=eq.https%3A%2F%2Fnews.google.com%2Frss%2Farticles%2FCBMiT0FVX3lxTFAzaWZPNVkxUlpVVTkzeEkyZURXNHppRWFtYkVEeUFCaDhTeVJFS0VubHd5Tjd6U09KRGI3ZDZYTXFNWWRQeHk5Q1F2eTlzeDQ%3Foc%3D5 "HTTP/2 200 OK"
2026-08-21 17:49:56,884 [INFO] HTTP Request: GET https://wafeeknfpzjzngzuphoz.supabase.co/rest/v1/articles?select=article_id&original_url=eq.https%3A%2F%2Fnews.google.com%2Frss%2Farticles%2FCBMiiAFBVV95cUxPcUNMUVl5OG0ydkJSb2c3eVJiLXNNdFYzQno4XzkyYzl2d2lvLUNnYzBzb1lqaHBxNzZtSXBuNzc0dlpfSHZuTC1TeG16RU1OQUhBUDFHaDVRQjB5bVBWazRINWdMZm1hYXpfOURrZzlQV1Ayb3ViWTRLZUl3eGdvdDY3WVVMNExo%3Foc%3D5 "HTTP/2 200 OK"
2026-08-21 17:49:56,903 [INFO] HTTP Request: GET https://wafeeknfpzjzngzuphoz.supabase.co/rest/v1/articles?select=article_id&original_url=eq.https%3A%2F%2Fnews.google.com%2Frss%2Farticles%2FCBMiWEFVX3lxTFBvd3pDNkp0cF9pMEIwd3lGQTg4VDE1VUVKREgtdEZRVUVuamgtZk5pNTlDM25oSnZCYVh1eENCQ1A0djlaYWdJU3RGWXdyakFlV2E3b1NZUEHSAV5BVV95cUxOMk1seVBkRzVWbHJUaW1IRzY4bTIyS1NEQnlMbzM2V1pPdW00N0pnazJTRW1sRF9QV3h3ZExUb0RDWU1HVGVGR2hwYW1WTzN3ZGVPX2NweG00ZDVUX3pR%3Foc%3D5 "HTTP/2 200 OK"
2026-08-21 17:49:56,922 [INFO] HTTP Request: GET https://wafeeknfpzjzngzuphoz.supabase.co/rest/v1/articles?select=article_id&original_url=eq.https%3A%2F%2Fnews.google.com%2Frss%2Farticles%2FCBMibEFVX3lxTE1ZY01VdkJHWXZXTXcwR3Z0d05NTVJLcXQxQkE5VHU5aXpqaGVmbWRETWFsbWlld2NnU3k4NUNOdHlENzVuTENnVjZHSnE1bzhlMFR3THU5RVc3MjRkSVZMSzU1S1V6Q09QdHZUSw%3Foc%3D5 "HTTP/2 200 OK"
2026-08-21 17:49:57,121 [INFO] HTTP Request: GET https://wafeeknfpzjzngzuphoz.supabase.co/rest/v1/articles?select=article_id&original_url=eq.https%3A%2F%2Fnews.google.com%2Frss%2Farticles%2FCBMiT0FVX3lxTE5pT2NxbXJmajNtcGRxTHZNcjlXazcwQ29IeGNUN0F3X2dUOWV2S1dDVHMyZUtrdWNoLWhXZHJ0SlJLRUNfcUNjMXR5MUpYTzQ%3Foc%3D5 "HTTP/2 200 OK"
2026-08-21 17:49:57,142 [INFO] HTTP Request: GET https://wafeeknfpzjzngzuphoz.supabase.co/rest/v1/articles?select=article_id&original_url=eq.https%3A%2F%2Fnews.google.com%2Frss%2Farticles%2FCBMiWkFVX3lxTE95SGFjUDdLYVhPYXBjSXRhelZMMndBZXdkQTR0dTNvRG82U1hRbTVweUJveVVyYUtnR3dOREt5WDFjOVdVQnd0VWlLU0k2cTVDdUprWENTaTREUdIBX0FVX3lxTE1ITGZzcjlrQkNDWDE3RnBpdXVPV2RtVXNKT3NUUzRVcWYzSk5mRW92cWs2X09aVVNNeTZyYlhkekY2OUQ1UWwzcUJFY1hiTFgwU2hVS0xLWXZlVXFheFhJ%3Foc%3D5 "HTTP/2 200 OK"
2026-08-21 17:49:57,161 [INFO] HTTP Request: GET https://wafeeknfpzjzngzuphoz.supabase.co/rest/v1/articles?select=article_id&original_url=eq.https%3A%2F%2Fnews.google.com%2Frss%2Farticles%2FCBMiWkFVX3lxTE1sa0hTYXF5WDhTS1pzWXBMWVVsYnpCNW1MTkpKc19lcmhuelEzdTJVSDlwNkVzMTIxWUdpRlBMSC1oNGN4R2xPSlN3V0poR2RGa0pvbUZvMVdhUdIBWEFVX3lxTE1OR2llcHJQMTBTaDBNVVVkT3cwd0xfQWJ4b2VRcmtFSnNNUE1JZjMtZUhld0lqRDdOYjM2b1JSVk5UT1JwM0F1OS1OaWZIbTdKQ3Ixck10LUc%3Foc%3D5 "HTTP/2 200 OK"
2026-08-21 17:49:57,180 [INFO] HTTP Request: GET https://wafeeknfpzjzngzuphoz.supabase.co/rest/v1/articles?select=article_id&original_url=eq.https%3A%2F%2Fnews.google.com%2Frss%2Farticles%2FCBMiXEFVX3lxTE9FTkJLTmFvLVJJem5NckxBWUJfVW5BWklBd1ExZjFhbF85NzFRR21HRTBCbHI3QWs0blN0aDhiVTNMX2xmN2ZVdER5dGV3LWNPUFFxMHJMM1RjRnJa%3Foc%3D5 "HTTP/2 200 OK"
2026-08-21 17:49:57,202 [INFO] HTTP Request: GET https://wafeeknfpzjzngzuphoz.supabase.co/rest/v1/articles?select=article_id&original_url=eq.https%3A%2F%2Fnews.google.com%2Frss%2Farticles%2FCBMiYkFVX3lxTE1FdWNubjI3UUxJLVFiMm13dGVzQ3NVUEdxRnUzTkpzSTRmQ3RySWtyYU9Nb05xbFJxUmNlazQ0VHdyNXg0d0toelUyZ2I1ODFBMGR4M09WSkY3Y3B5SEtEdTNB%3Foc%3D5 "HTTP/2 200 OK"
2026-08-21 17:49:57,220 [INFO] HTTP Request: GET https://wafeeknfpzjzngzuphoz.supabase.co/rest/v1/articles?select=article_id&original_url=eq.https%3A%2F%2Fnews.google.com%2Frss%2Farticles%2FCBMihAFBVV95cUxQOHc5V0xHTzhmMnc0bzNvbHdpU0Q1RjZPVjl6Z3hRTkpYYlRqWDEyZlQ5WnhORG56Ry1zNkQySWtQclFnTmlTeDZZcnFUckhka29Ed2RFTXZaaXhQX3FOQWJaOThFQUlTNzVwMTdzUFVRcml6b1hkS2R2M09NU2tuazFBaFA%3Foc%3D5 "HTTP/2 200 OK"
2026-08-21 17:49:57,239 [INFO] HTTP Request: GET https://wafeeknfpzjzngzuphoz.supabase.co/rest/v1/articles?select=article_id&original_url=eq.https%3A%2F%2Fnews.google.com%2Frss%2Farticles%2FCBMiVkFVX3lxTE1QNVk5ZkUyd3ZRRzBMU0VVZlVBRDZFYVltVFZLc0t6VzVlbFlsVGNnVFh1UWdTazFGd3VvMWdYWGlrUWNwSGFnODFQa2l2NlNLN2dEZHp3%3Foc%3D5 "HTTP/2 200 OK"
2026-08-21 17:49:57,259 [INFO] HTTP Request: GET https://wafeeknfpzjzngzuphoz.supabase.co/rest/v1/articles?select=article_id&original_url=eq.https%3A%2F%2Fnews.google.com%2Frss%2Farticles%2FCBMic0FVX3lxTE1kZmtaTGNLYUhmOEdnTXBqTm13b3ZKNXk1MS0xU3ZKWl9fTm5yc3hrNDRaeUF1TkF6WFFDU3QzZG0yTkNQbzZGbDNPMG1xU1ByeFZaSHhEOG9vZ09ZSDFtVXBILTVGd2dobFZfNnZzWk1kdUHSAXdBVV95cUxQcHR3Y092blBPc202b1JaOHh5ZFl1Vkw2NnRzdmNuRXBpYUpOQkc5NkpkMUFpWl9aN2VxVlZFSmZXSzdPOFhacHJjWXV6Unp2cGRVVUNCNFdJYjZ3bDZ1OTFDUXRFWXVHa0Uwa1dUUE43RlJvQ2Ztdw%3Foc%3D5 "HTTP/2 200 OK"
2026-08-21 17:49:57,279 [INFO] HTTP Request: GET https://wafeeknfpzjzngzuphoz.supabase.co/rest/v1/articles?select=article_id&original_url=eq.https%3A%2F%2Fnews.google.com%2Frss%2Farticles%2FCBMiaEFVX3lxTE9GdVM2T3VXYmhMWGxqSlFwREc5VzExOWpSWU1rNE5KY1VLTUlGcHJJZFVtdlBCSm0tclpMMWZINTJucnJObW05UXQxbDZ3aXJRNVBLVFgtUnFiWF9WRFh2YlphbUh4VGNP0gFsQVVfeXFMUFF2cUJROC1HMnpmNGNUVkJNa3htd2NsYk5CUzRTWjBGZkVwRXpKWWlFU2F5bVN3ZFNiai1aeU5SN1ZOWmZvRmJ6UTFrUzRqU2F6R0s0TEFtWl9CVXdzT3ZXdnRqU2hObS00enhK%3Foc%3D5 "HTTP/2 200 OK"
2026-08-21 17:49:57,298 [INFO] HTTP Request: GET https://wafeeknfpzjzngzuphoz.supabase.co/rest/v1/articles?select=article_id&original_url=eq.https%3A%2F%2Fnews.google.com%2Frss%2Farticles%2FCBMic0FVX3lxTE9EdUhvQV9xVlE2WER4QWV0NWx0ajRpbVBOR1VCclR2dkZpS21EakV2a1VFUVFuSmdjN2tLS0I4eWhXV2hIMjFFZ191Z09sNmFvZTY4ZFNYNzdBcmlWWmFhWHBuYlJ3eE03M245V19KMnFFRFk%3Foc%3D5 "HTTP/2 200 OK"
2026-08-21 17:49:57,423 [INFO] HTTP Request: GET https://wafeeknfpzjzngzuphoz.supabase.co/rest/v1/articles?select=article_id&original_url=eq.https%3A%2F%2Fyozm.wishket.com%2Fmagazine%2Fdetail%2F3908 "HTTP/2 200 OK"
2026-08-21 17:49:57,442 [INFO] HTTP Request: GET https://wafeeknfpzjzngzuphoz.supabase.co/rest/v1/articles?select=article_id&original_url=eq.https%3A%2F%2Fyozm.wishket.com%2Fmagazine%2Fdetail%2F3907 "HTTP/2 200 OK"
2026-08-21 17:49:57,459 [INFO] HTTP Request: GET https://wafeeknfpzjzngzuphoz.supabase.co/rest/v1/articles?select=article_id&original_url=eq.https%3A%2F%2Fyozm.wishket.com%2Fmagazine%2Fdetail%2F3906 "HTTP/2 200 OK"
2026-08-21 17:49:57,476 [INFO] HTTP Request: GET https://wafeeknfpzjzngzuphoz.supabase.co/rest/v1/articles?select=article_id&original_url=eq.https%3A%2F%2Fyozm.wishket.com%2Fmagazine%2Fdetail%2F3905 "HTTP/2 200 OK"
2026-08-21 17:49:57,495 [INFO] HTTP Request: GET https://wafeeknfpzjzngzuphoz.supabase.co/rest/v1/articles?select=article_id&original_url=eq.https%3A%2F%2Fyozm.wishket.com%2Fmagazine%2Fdetail%2F3904 "HTTP/2 200 OK"
2026-08-21 17:49:57,514 [INFO] HTTP Request: GET https://wafeeknfpzjzngzuphoz.supabase.co/rest/v1/articles?select=article_id&original_url=eq.https%3A%2F%2Fyozm.wishket.com%2Fmagazine%2Fdetail%2F3903 "HTTP/2 200 OK"
2026-08-21 17:49:57,532 [INFO] HTTP Request: GET https://wafeeknfpzjzngzuphoz.supabase.co/rest/v1/articles?select=article_id&original_url=eq.https%3A%2F%2Fyozm.wishket.com%2Fmagazine%2Fdetail%2F3902 "HTTP/2 200 OK"
2026-08-21 17:49:57,551 [INFO] HTTP Request: GET https://wafeeknfpzjzngzuphoz.supabase.co/rest/v1/articles?select=article_id&original_url=eq.https%3A%2F%2Fyozm.wishket.com%2Fmagazine%2Fdetail%2F3901 "HTTP/2 200 OK"
2026-08-21 17:49:57,568 [INFO] HTTP Request: GET https://wafeeknfpzjzngzuphoz.supabase.co/rest/v1/articles?select=article_id&original_url=eq.https%3A%2F%2Fyozm.wishket.com%2Fmagazine%2Fdetail%2F3900 "HTTP/2 200 OK"
2026-08-21 17:49:57,585 [INFO] HTTP Request: GET https://wafeeknfpzjzngzuphoz.supabase.co/rest/v1/articles?select=article_id&original_url=eq.https%3A%2F%2Fyozm.wishket.com%2Fmagazine%2Fdetail%2F3899 "HTTP/2 200 OK"
2026-08-21 17:49:57,958 [INFO] HTTP Request: GET https://wafeeknfpzjzngzuphoz.supabase.co/rest/v1/articles?select=article_id&original_url=eq.https%3A%2F%2Ftechblog.woowahan.com%2F26876%2F "HTTP/2 200 OK"
2026-08-21 17:49:57,978 [INFO] HTTP Request: GET https://wafeeknfpzjzngzuphoz.supabase.co/rest/v1/articles?select=article_id&original_url=eq.https%3A%2F%2Ftechblog.woowahan.com%2F26777%2F "HTTP/2 200 OK"
2026-08-21 17:49:57,997 [INFO] HTTP Request: GET https://wafeeknfpzjzngzuphoz.supabase.co/rest/v1/articles?select=article_id&original_url=eq.https%3A%2F%2Ftechblog.woowahan.com%2F26729%2F "HTTP/2 200 OK"
2026-08-21 17:49:58,016 [INFO] HTTP Request: GET https://wafeeknfpzjzngzuphoz.supabase.co/rest/v1/articles?select=article_id&original_url=eq.https%3A%2F%2Ftechblog.woowahan.com%2F26507%2F "HTTP/2 200 OK"
2026-08-21 17:49:58,035 [INFO] HTTP Request: GET https://wafeeknfpzjzngzuphoz.supabase.co/rest/v1/articles?select=article_id&original_url=eq.https%3A%2F%2Ftechblog.woowahan.com%2F26624%2F "HTTP/2 200 OK"
2026-08-21 17:49:58,059 [INFO] HTTP Request: GET https://wafeeknfpzjzngzuphoz.supabase.co/rest/v1/articles?select=article_id&original_url=eq.https%3A%2F%2Ftechblog.woowahan.com%2F26492%2F "HTTP/2 200 OK"
2026-08-21 17:49:58,080 [INFO] HTTP Request: GET https://wafeeknfpzjzngzuphoz.supabase.co/rest/v1/articles?select=article_id&original_url=eq.https%3A%2F%2Ftechblog.woowahan.com%2F26459%2F "HTTP/2 200 OK"
2026-08-21 17:49:58,099 [INFO] HTTP Request: GET https://wafeeknfpzjzngzuphoz.supabase.co/rest/v1/articles?select=article_id&original_url=eq.https%3A%2F%2Ftechblog.woowahan.com%2F26379%2F "HTTP/2 200 OK"
2026-08-21 17:49:58,118 [INFO] HTTP Request: GET https://wafeeknfpzjzngzuphoz.supabase.co/rest/v1/articles?select=article_id&original_url=eq.https%3A%2F%2Ftechblog.woowahan.com%2F26388%2F "HTTP/2 200 OK"
2026-08-21 17:49:58,139 [INFO] HTTP Request: GET https://wafeeknfpzjzngzuphoz.supabase.co/rest/v1/articles?select=article_id&original_url=eq.https%3A%2F%2Ftechblog.woowahan.com%2F26319%2F "HTTP/2 200 OK"
2026-08-21 17:49:58,275 [INFO] HTTP Request: GET https://wafeeknfpzjzngzuphoz.supabase.co/rest/v1/articles?select=article_id&original_url=eq.https%3A%2F%2Ftech.kakao.com%2Fposts%2F829 "HTTP/2 200 OK"
2026-08-21 17:49:58,294 [INFO] HTTP Request: GET https://wafeeknfpzjzngzuphoz.supabase.co/rest/v1/articles?select=article_id&original_url=eq.https%3A%2F%2Ftech.kakao.com%2Fposts%2F828 "HTTP/2 200 OK"
2026-08-21 17:49:58,314 [INFO] HTTP Request: GET https://wafeeknfpzjzngzuphoz.supabase.co/rest/v1/articles?select=article_id&original_url=eq.https%3A%2F%2Ftech.kakao.com%2Fposts%2F827 "HTTP/2 200 OK"
2026-08-21 17:49:58,334 [INFO] HTTP Request: GET https://wafeeknfpzjzngzuphoz.supabase.co/rest/v1/articles?select=article_id&original_url=eq.https%3A%2F%2Ftech.kakao.com%2Fposts%2F826 "HTTP/2 200 OK"
2026-08-21 17:49:58,352 [INFO] HTTP Request: GET https://wafeeknfpzjzngzuphoz.supabase.co/rest/v1/articles?select=article_id&original_url=eq.https%3A%2F%2Ftech.kakao.com%2Fposts%2F825 "HTTP/2 200 OK"
2026-08-21 17:49:58,370 [INFO] HTTP Request: GET https://wafeeknfpzjzngzuphoz.supabase.co/rest/v1/articles?select=article_id&original_url=eq.https%3A%2F%2Ftech.kakao.com%2Fposts%2F824 "HTTP/2 200 OK"
2026-08-21 17:49:58,389 [INFO] HTTP Request: GET https://wafeeknfpzjzngzuphoz.supabase.co/rest/v1/articles?select=article_id&original_url=eq.https%3A%2F%2Ftech.kakao.com%2Fposts%2F823 "HTTP/2 200 OK"
2026-08-21 17:49:58,406 [INFO] HTTP Request: GET https://wafeeknfpzjzngzuphoz.supabase.co/rest/v1/articles?select=article_id&original_url=eq.https%3A%2F%2Ftech.kakao.com%2Fposts%2F818 "HTTP/2 200 OK"
2026-08-21 17:49:58,424 [INFO] HTTP Request: GET https://wafeeknfpzjzngzuphoz.supabase.co/rest/v1/articles?select=article_id&original_url=eq.https%3A%2F%2Ftech.kakao.com%2Fposts%2F822 "HTTP/2 200 OK"
2026-08-21 17:49:58,442 [INFO] HTTP Request: GET https://wafeeknfpzjzngzuphoz.supabase.co/rest/v1/articles?select=article_id&original_url=eq.https%3A%2F%2Ftech.kakao.com%2Fposts%2F821 "HTTP/2 200 OK"
2026-08-21 17:49:58,493 [INFO] HTTP Request: GET https://wafeeknfpzjzngzuphoz.supabase.co/rest/v1/articles?select=article_id%2Csource_id%2Ccategory_id%2Coriginal_url%2Ctitle%2Csummary%2Csources%28name%2Ctype%2Creliability_score%29%2Ccategories%28name%29&collected_at=gte.2026-08-21T00%3A00%3A00 "HTTP/2 200 OK"
2026-08-21 17:49:58,533 [INFO] HTTP Request: GET https://wafeeknfpzjzngzuphoz.supabase.co/rest/v1/users?select=user_id%2Cemail "HTTP/2 200 OK"
2026-08-21 17:49:58,556 [INFO] HTTP Request: GET https://wafeeknfpzjzngzuphoz.supabase.co/rest/v1/user_sources?select=source_id&user_id=eq.1 "HTTP/2 200 OK"
2026-08-21 17:49:58,581 [INFO] HTTP Request: GET https://wafeeknfpzjzngzuphoz.supabase.co/rest/v1/subscriptions?select=category_id&user_id=eq.1&is_active=eq.True "HTTP/2 200 OK"
2026-08-21 17:49:58,607 [INFO] HTTP Request: GET https://wafeeknfpzjzngzuphoz.supabase.co/rest/v1/digests?select=digest_id&user_id=eq.1&digest_date=eq.2026-08-21 "HTTP/2 200 OK"
2026-08-21 17:49:58,636 [INFO] HTTP Request: PATCH https://wafeeknfpzjzngzuphoz.supabase.co/rest/v1/digests?user_id=eq.1&digest_date=eq.2026-08-21 "HTTP/2 200 OK"
2026-08-21 17:49:58,637 [INFO] 📄 사용자(koreajjangboy@gmail.com) 개인 다이제스트 생성 완료: news/koreajjangboy_at_gmail_com/2026-08-21.html
2026-08-21 17:49:58,637 [INFO] ✅ 총 0개 신규 기사 DB 저장 및 개인별 다이제스트 생성 완료

2026-08-21 17:51:39,102 [INFO] ⚡ [--now] 옵션 감지: 즉시 수집 작업을 실행합니다.
2026-08-21 17:51:39,102 [INFO] 🚀 [Start] RSS 피드 수집 및 DB 저장 시작
2026-08-21 17:51:39,149 [INFO] HTTP Request: GET https://wafeeknfpzjzngzuphoz.supabase.co/rest/v1/sources?select=source_id%2Cname%2Curl "HTTP/2 200 OK"
2026-08-21 17:51:39,171 [INFO] HTTP Request: GET https://wafeeknfpzjzngzuphoz.supabase.co/rest/v1/categories?select=category_id%2Cname&is_active=eq.True "HTTP/2 200 OK"
2026-08-21 17:51:39,637 [INFO] HTTP Request: GET https://wafeeknfpzjzngzuphoz.supabase.co/rest/v1/articles?select=article_id&original_url=eq.https%3A%2F%2Fopenai.com%2Findex%2Fintroducing-ai-futures "HTTP/2 200 OK"
2026-08-21 17:51:39,656 [INFO] HTTP Request: GET https://wafeeknfpzjzngzuphoz.supabase.co/rest/v1/articles?select=article_id&original_url=eq.https%3A%2F%2Fopenai.com%2Findex%2Fstampli "HTTP/2 200 OK"
2026-08-21 17:51:39,676 [INFO] HTTP Request: GET https://wafeeknfpzjzngzuphoz.supabase.co/rest/v1/articles?select=article_id&original_url=eq.https%3A%2F%2Fopenai.com%2Findex%2Foffering-zero-data-retention-for-frontier-models "HTTP/2 200 OK"
2026-08-21 17:51:39,698 [INFO] HTTP Request: GET https://wafeeknfpzjzngzuphoz.supabase.co/rest/v1/articles?select=article_id&original_url=eq.https%3A%2F%2Fopenai.com%2Findex%2Freplit "HTTP/2 200 OK"
2026-08-21 17:51:39,716 [INFO] HTTP Request: GET https://wafeeknfpzjzngzuphoz.supabase.co/rest/v1/articles?select=article_id&original_url=eq.https%3A%2F%2Fopenai.com%2Findex%2Fchatgpt-ads-expands-across-europe "HTTP/2 200 OK"
2026-08-21 17:51:39,734 [INFO] HTTP Request: GET https://wafeeknfpzjzngzuphoz.supabase.co/rest/v1/articles?select=article_id&original_url=eq.https%3A%2F%2Fopenai.com%2Findex%2Fstrengthening-democratic-oversight-in-national-security "HTTP/2 200 OK"
2026-08-21 17:51:39,753 [INFO] HTTP Request: GET https://wafeeknfpzjzngzuphoz.supabase.co/rest/v1/articles?select=article_id&original_url=eq.https%3A%2F%2Fopenai.com%2Findex%2Fpartnering-with-codeai "HTTP/2 200 OK"
2026-08-21 17:51:39,787 [INFO] HTTP Request: GET https://wafeeknfpzjzngzuphoz.supabase.co/rest/v1/articles?select=article_id&original_url=eq.https%3A%2F%2Fopenai.com%2Findex%2Fpacing-model-development-cyber-capabilities "HTTP/2 200 OK"
2026-08-21 17:51:39,807 [INFO] HTTP Request: GET https://wafeeknfpzjzngzuphoz.supabase.co/rest/v1/articles?select=article_id&original_url=eq.https%3A%2F%2Fopenai.com%2Findex%2Fchatgpt-for-teens "HTTP/2 200 OK"
2026-08-21 17:51:39,825 [INFO] HTTP Request: GET https://wafeeknfpzjzngzuphoz.supabase.co/rest/v1/articles?select=article_id&original_url=eq.https%3A%2F%2Fopenai.com%2Findex%2Fnvidia%2Fchatgpt-work "HTTP/2 200 OK"
2026-08-21 17:51:40,614 [INFO] HTTP Request: GET https://wafeeknfpzjzngzuphoz.supabase.co/rest/v1/articles?select=article_id&original_url=eq.https%3A%2F%2Fblog.google%2Fproducts-and-platforms%2Fproducts%2Fsearch%2Fback-to-school-study-tools%2F "HTTP/2 200 OK"
2026-08-21 17:51:40,632 [INFO] HTTP Request: GET https://wafeeknfpzjzngzuphoz.supabase.co/rest/v1/articles?select=article_id&original_url=eq.https%3A%2F%2Fblog.google%2Fproducts-and-platforms%2Fproducts%2Fgemini%2Fgoogle-gemini-pixel-football-club-partnerships%2F "HTTP/2 200 OK"
2026-08-21 17:51:40,654 [INFO] HTTP Request: GET https://wafeeknfpzjzngzuphoz.supabase.co/rest/v1/articles?select=article_id&original_url=eq.https%3A%2F%2Fblog.google%2Fproducts-and-platforms%2Fproducts%2Fworkspace%2Fsheets-canvas-for-google-sheets-spreadsheets%2F "HTTP/2 200 OK"
2026-08-21 17:51:40,674 [INFO] HTTP Request: GET https://wafeeknfpzjzngzuphoz.supabase.co/rest/v1/articles?select=article_id&original_url=eq.https%3A%2F%2Fblog.google%2Finnovation-and-ai%2Fmodels-and-research%2Fgoogle-research%2Famie-video-consultations%2F "HTTP/2 200 OK"
2026-08-21 17:51:40,695 [INFO] HTTP Request: GET https://wafeeknfpzjzngzuphoz.supabase.co/rest/v1/articles?select=article_id&original_url=eq.https%3A%2F%2Fblog.google%2Fproducts%2Fads-commerce%2Fgoogle-ads-analytics-ai-updates%2F "HTTP/2 200 OK"
2026-08-21 17:51:40,714 [INFO] HTTP Request: GET https://wafeeknfpzjzngzuphoz.supabase.co/rest/v1/articles?select=article_id&original_url=eq.https%3A%2F%2Fblog.google%2Finnovation-and-ai%2Ftechnology%2Fai%2Fgoogle-ai-updates-july-2026%2F "HTTP/2 200 OK"
2026-08-21 17:51:40,735 [INFO] HTTP Request: GET https://wafeeknfpzjzngzuphoz.supabase.co/rest/v1/articles?select=article_id&original_url=eq.https%3A%2F%2Fblog.google%2Finnovation-and-ai%2Ftechnology%2Fdevelopers-tools%2Fai-agents-intensive-recap-2026%2F "HTTP/2 200 OK"
2026-08-21 17:51:40,755 [INFO] HTTP Request: GET https://wafeeknfpzjzngzuphoz.supabase.co/rest/v1/articles?select=article_id&original_url=eq.https%3A%2F%2Fblog.google%2Finnovation-and-ai%2Ftechnology%2Fdevelopers-tools%2Fexpanding-managed-agents-gemini-api-3-6-flash-hooks%2F "HTTP/2 200 OK"
2026-08-21 17:51:40,773 [INFO] HTTP Request: GET https://wafeeknfpzjzngzuphoz.supabase.co/rest/v1/articles?select=article_id&original_url=eq.https%3A%2F%2Fblog.google%2Fproducts-and-platforms%2Fproducts%2Fsearch%2Fai-mode-real-world-tips%2F "HTTP/2 200 OK"
2026-08-21 17:51:40,792 [INFO] HTTP Request: GET https://wafeeknfpzjzngzuphoz.supabase.co/rest/v1/articles?select=article_id&original_url=eq.https%3A%2F%2Fblog.google%2Fproducts-and-platforms%2Fproducts%2Fsearch%2Fdinner-party-hosting-tips%2F "HTTP/2 200 OK"
2026-08-21 17:51:41,555 [INFO] HTTP Request: GET https://wafeeknfpzjzngzuphoz.supabase.co/rest/v1/articles?select=article_id&original_url=eq.https%3A%2F%2Fnews.hada.io%2Ftopic%3Fid%3D32723 "HTTP/2 200 OK"
2026-08-21 17:51:41,576 [INFO] HTTP Request: GET https://wafeeknfpzjzngzuphoz.supabase.co/rest/v1/articles?select=article_id&original_url=eq.https%3A%2F%2Fnews.hada.io%2Farticle%2Fopenrouter-is-not-just-a-proxy "HTTP/2 200 OK"
2026-08-21 17:51:41,601 [INFO] HTTP Request: GET https://wafeeknfpzjzngzuphoz.supabase.co/rest/v1/articles?select=article_id&original_url=eq.https%3A%2F%2Fnews.hada.io%2Ftopic%3Fid%3D32720 "HTTP/2 200 OK"
2026-08-21 17:51:41,619 [INFO] HTTP Request: GET https://wafeeknfpzjzngzuphoz.supabase.co/rest/v1/articles?select=article_id&original_url=eq.https%3A%2F%2Fnews.hada.io%2Ftopic%3Fid%3D32719 "HTTP/2 200 OK"
2026-08-21 17:51:41,639 [INFO] HTTP Request: GET https://wafeeknfpzjzngzuphoz.supabase.co/rest/v1/articles?select=article_id&original_url=eq.https%3A%2F%2Fnews.hada.io%2Ftopic%3Fid%3D32717 "HTTP/2 200 OK"
2026-08-21 17:51:41,656 [INFO] HTTP Request: GET https://wafeeknfpzjzngzuphoz.supabase.co/rest/v1/articles?select=article_id&original_url=eq.https%3A%2F%2Fnews.hada.io%2Ftopic%3Fid%3D32716 "HTTP/2 200 OK"
2026-08-21 17:51:41,682 [INFO] HTTP Request: GET https://wafeeknfpzjzngzuphoz.supabase.co/rest/v1/articles?select=article_id&original_url=eq.https%3A%2F%2Fnews.hada.io%2Ftopic%3Fid%3D32715 "HTTP/2 200 OK"
2026-08-21 17:51:41,700 [INFO] HTTP Request: GET https://wafeeknfpzjzngzuphoz.supabase.co/rest/v1/articles?select=article_id&original_url=eq.https%3A%2F%2Fnews.hada.io%2Ftopic%3Fid%3D32714 "HTTP/2 200 OK"
2026-08-21 17:51:41,718 [INFO] HTTP Request: GET https://wafeeknfpzjzngzuphoz.supabase.co/rest/v1/articles?select=article_id&original_url=eq.https%3A%2F%2Fnews.hada.io%2Ftopic%3Fid%3D32713 "HTTP/2 200 OK"
2026-08-21 17:51:41,739 [INFO] HTTP Request: GET https://wafeeknfpzjzngzuphoz.supabase.co/rest/v1/articles?select=article_id&original_url=eq.https%3A%2F%2Fnews.hada.io%2Ftopic%3Fid%3D32712 "HTTP/2 200 OK"
2026-08-21 17:51:41,819 [INFO] HTTP Request: GET https://wafeeknfpzjzngzuphoz.supabase.co/rest/v1/articles?select=article_id&original_url=eq.https%3A%2F%2Fwww.aitimes.com%2Fnews%2FarticleView.html%3Fidxno%3D214205 "HTTP/2 200 OK"
2026-08-21 17:51:41,837 [INFO] HTTP Request: GET https://wafeeknfpzjzngzuphoz.supabase.co/rest/v1/articles?select=article_id&original_url=eq.https%3A%2F%2Fwww.aitimes.com%2Fnews%2FarticleView.html%3Fidxno%3D214214 "HTTP/2 200 OK"
2026-08-21 17:51:41,857 [INFO] HTTP Request: GET https://wafeeknfpzjzngzuphoz.supabase.co/rest/v1/articles?select=article_id&original_url=eq.https%3A%2F%2Fwww.aitimes.com%2Fnews%2FarticleView.html%3Fidxno%3D214213 "HTTP/2 200 OK"
2026-08-21 17:51:41,876 [INFO] HTTP Request: GET https://wafeeknfpzjzngzuphoz.supabase.co/rest/v1/articles?select=article_id&original_url=eq.https%3A%2F%2Fwww.aitimes.com%2Fnews%2FarticleView.html%3Fidxno%3D214226 "HTTP/2 200 OK"
2026-08-21 17:51:41,895 [INFO] HTTP Request: GET https://wafeeknfpzjzngzuphoz.supabase.co/rest/v1/articles?select=article_id&original_url=eq.https%3A%2F%2Fwww.aitimes.com%2Fnews%2FarticleView.html%3Fidxno%3D214189 "HTTP/2 200 OK"
2026-08-21 17:51:41,912 [INFO] HTTP Request: GET https://wafeeknfpzjzngzuphoz.supabase.co/rest/v1/articles?select=article_id&original_url=eq.https%3A%2F%2Fwww.aitimes.com%2Fnews%2FarticleView.html%3Fidxno%3D214222 "HTTP/2 200 OK"
2026-08-21 17:51:41,931 [INFO] HTTP Request: GET https://wafeeknfpzjzngzuphoz.supabase.co/rest/v1/articles?select=article_id&original_url=eq.https%3A%2F%2Fwww.aitimes.com%2Fnews%2FarticleView.html%3Fidxno%3D214223 "HTTP/2 200 OK"
2026-08-21 17:51:41,948 [INFO] HTTP Request: GET https://wafeeknfpzjzngzuphoz.supabase.co/rest/v1/articles?select=article_id&original_url=eq.https%3A%2F%2Fwww.aitimes.com%2Fnews%2FarticleView.html%3Fidxno%3D214219 "HTTP/2 200 OK"
2026-08-21 17:51:41,966 [INFO] HTTP Request: GET https://wafeeknfpzjzngzuphoz.supabase.co/rest/v1/articles?select=article_id&original_url=eq.https%3A%2F%2Fwww.aitimes.com%2Fnews%2FarticleView.html%3Fidxno%3D214228 "HTTP/2 200 OK"
2026-08-21 17:51:41,985 [INFO] HTTP Request: GET https://wafeeknfpzjzngzuphoz.supabase.co/rest/v1/articles?select=article_id&original_url=eq.https%3A%2F%2Fwww.aitimes.com%2Fnews%2FarticleView.html%3Fidxno%3D214224 "HTTP/2 200 OK"
2026-08-21 17:51:42,445 [INFO] HTTP Request: GET https://wafeeknfpzjzngzuphoz.supabase.co/rest/v1/articles?select=article_id&original_url=eq.https%3A%2F%2Fnews.google.com%2Frss%2Farticles%2FCBMiXEFVX3lxTE9DWXkyN3hhUDFHR0tCMXdpVkt3OTAyS1dBUUN6QXBKTEpMOF9SLWJSZkl3VW5FdzE2N1JiYk13NGtFQXNnbjFZZ3Vsd3BZNGJLWDJTdVladTk0bXRi%3Foc%3D5 "HTTP/2 200 OK"
2026-08-21 17:51:42,464 [INFO] HTTP Request: GET https://wafeeknfpzjzngzuphoz.supabase.co/rest/v1/articles?select=article_id&original_url=eq.https%3A%2F%2Fnews.google.com%2Frss%2Farticles%2FCBMiVkFVX3lxTFBlSVhEWDF6dU85X3puVUswSzlXLUx4OXg5b0JZMlJYeHFXcHFsM1FLNEQ4MHQxTjlfRzZMZVhiU0JVTm5nS1paWnhEVXM1RzRmV0hWeWNR%3Foc%3D5 "HTTP/2 200 OK"
2026-08-21 17:51:42,486 [INFO] HTTP Request: GET https://wafeeknfpzjzngzuphoz.supabase.co/rest/v1/articles?select=article_id&original_url=eq.https%3A%2F%2Fnews.google.com%2Frss%2Farticles%2FCBMiX0FVX3lxTE5IRW4zbDg2OG1sYmVhVGhPUmNGaFJ6ZVdGYjNTeEd0eUp5REtWSm1fQ05rdnZFNkVPQVFlcExzYnU2YURSOE9PeHdiMEtCZXdBNkM0OFlOVWxoR1RySU84%3Foc%3D5 "HTTP/2 200 OK"
2026-08-21 17:51:42,504 [INFO] HTTP Request: GET https://wafeeknfpzjzngzuphoz.supabase.co/rest/v1/articles?select=article_id&original_url=eq.https%3A%2F%2Fnews.google.com%2Frss%2Farticles%2FCBMiSEFVX3lxTE1mczBWYm0wOEU3a2NSanExQ0V5ZjNDWmZhNURubTVxcmJDRUNjLXZzT1JmT2JlbVYwUjlWY0dxNXgxRW5ueHdveA%3Foc%3D5 "HTTP/2 200 OK"
2026-08-21 17:51:42,524 [INFO] HTTP Request: GET https://wafeeknfpzjzngzuphoz.supabase.co/rest/v1/articles?select=article_id&original_url=eq.https%3A%2F%2Fnews.google.com%2Frss%2Farticles%2FCBMijgFBVV95cUxPaXVvNUlaeE5USjVKOGE5WEpLRDA2Y0c4Z3hONXZLaXc3X2IySmlzMy1kSExBUzNRMlY5dmUyNWNnX295R0tucnRKUi1aUnJsMjkzUllJWGdzbHVtajMyVG5pWW81YUxVbzhRQUh1T3E4bTJaU3AtRlFzQ0RjUzFxc1BqMkZpNGRwVUhXTi1R%3Foc%3D5 "HTTP/2 200 OK"
2026-08-21 17:51:42,543 [INFO] HTTP Request: GET https://wafeeknfpzjzngzuphoz.supabase.co/rest/v1/articles?select=article_id&original_url=eq.https%3A%2F%2Fnews.google.com%2Frss%2Farticles%2FCBMib0FVX3lxTE1GYWxwbEp6YTFrUExYQ3J0aW1aVkdtTFptSlNqZ3dsWEdlLXI2RnJyb3UwQVhHWURDamk2UXE5N1dIMzQxZkxOT0R0V1gyUHRkYWhqdWgycHU4WHNXa2QtTUVReFpLbWZoZWlmS09nWQ%3Foc%3D5 "HTTP/2 200 OK"
2026-08-21 17:51:42,563 [INFO] HTTP Request: GET https://wafeeknfpzjzngzuphoz.supabase.co/rest/v1/articles?select=article_id&original_url=eq.https%3A%2F%2Fnews.google.com%2Frss%2Farticles%2FCBMiT0FVX3lxTFAzaWZPNVkxUlpVVTkzeEkyZURXNHppRWFtYkVEeUFCaDhTeVJFS0VubHd5Tjd6U09KRGI3ZDZYTXFNWWRQeHk5Q1F2eTlzeDQ%3Foc%3D5 "HTTP/2 200 OK"
2026-08-21 17:51:42,581 [INFO] HTTP Request: GET https://wafeeknfpzjzngzuphoz.supabase.co/rest/v1/articles?select=article_id&original_url=eq.https%3A%2F%2Fnews.google.com%2Frss%2Farticles%2FCBMiiAFBVV95cUxPcUNMUVl5OG0ydkJSb2c3eVJiLXNNdFYzQno4XzkyYzl2d2lvLUNnYzBzb1lqaHBxNzZtSXBuNzc0dlpfSHZuTC1TeG16RU1OQUhBUDFHaDVRQjB5bVBWazRINWdMZm1hYXpfOURrZzlQV1Ayb3ViWTRLZUl3eGdvdDY3WVVMNExo%3Foc%3D5 "HTTP/2 200 OK"
2026-08-21 17:51:42,607 [INFO] HTTP Request: GET https://wafeeknfpzjzngzuphoz.supabase.co/rest/v1/articles?select=article_id&original_url=eq.https%3A%2F%2Fnews.google.com%2Frss%2Farticles%2FCBMiWEFVX3lxTFBvd3pDNkp0cF9pMEIwd3lGQTg4VDE1VUVKREgtdEZRVUVuamgtZk5pNTlDM25oSnZCYVh1eENCQ1A0djlaYWdJU3RGWXdyakFlV2E3b1NZUEHSAV5BVV95cUxOMk1seVBkRzVWbHJUaW1IRzY4bTIyS1NEQnlMbzM2V1pPdW00N0pnazJTRW1sRF9QV3h3ZExUb0RDWU1HVGVGR2hwYW1WTzN3ZGVPX2NweG00ZDVUX3pR%3Foc%3D5 "HTTP/2 200 OK"
2026-08-21 17:51:42,627 [INFO] HTTP Request: GET https://wafeeknfpzjzngzuphoz.supabase.co/rest/v1/articles?select=article_id&original_url=eq.https%3A%2F%2Fnews.google.com%2Frss%2Farticles%2FCBMic0FVX3lxTE1WUnZtUmtkcS1Ec0ppZVV4WjBnNWswaTlPY1JsOXJaWkVaai1kdjdsSXNFY2tTM2hybFJGT3pnLUZUSEp3eHYzVGtYbkhsZEYxdTRhb2JQTXd5Z1I2YXROYlhQN3d6QWJZNHNhZjZreWp3YmM%3Foc%3D5 "HTTP/2 200 OK"
2026-08-21 17:51:43,704 [INFO] HTTP Request: GET https://wafeeknfpzjzngzuphoz.supabase.co/rest/v1/articles?select=article_id&original_url=eq.https%3A%2F%2Fnews.google.com%2Frss%2Farticles%2FCBMiT0FVX3lxTE5pT2NxbXJmajNtcGRxTHZNcjlXazcwQ29IeGNUN0F3X2dUOWV2S1dDVHMyZUtrdWNoLWhXZHJ0SlJLRUNfcUNjMXR5MUpYTzQ%3Foc%3D5 "HTTP/2 200 OK"
2026-08-21 17:51:43,731 [INFO] HTTP Request: GET https://wafeeknfpzjzngzuphoz.supabase.co/rest/v1/articles?select=article_id&original_url=eq.https%3A%2F%2Fnews.google.com%2Frss%2Farticles%2FCBMiWkFVX3lxTE95SGFjUDdLYVhPYXBjSXRhelZMMndBZXdkQTR0dTNvRG82U1hRbTVweUJveVVyYUtnR3dOREt5WDFjOVdVQnd0VWlLU0k2cTVDdUprWENTaTREUdIBX0FVX3lxTE1ITGZzcjlrQkNDWDE3RnBpdXVPV2RtVXNKT3NUUzRVcWYzSk5mRW92cWs2X09aVVNNeTZyYlhkekY2OUQ1UWwzcUJFY1hiTFgwU2hVS0xLWXZlVXFheFhJ%3Foc%3D5 "HTTP/2 200 OK"
2026-08-21 17:51:43,749 [INFO] HTTP Request: GET https://wafeeknfpzjzngzuphoz.supabase.co/rest/v1/articles?select=article_id&original_url=eq.https%3A%2F%2Fnews.google.com%2Frss%2Farticles%2FCBMiWkFVX3lxTE1sa0hTYXF5WDhTS1pzWXBMWVVsYnpCNW1MTkpKc19lcmhuelEzdTJVSDlwNkVzMTIxWUdpRlBMSC1oNGN4R2xPSlN3V0poR2RGa0pvbUZvMVdhUdIBWEFVX3lxTE1OR2llcHJQMTBTaDBNVVVkT3cwd0xfQWJ4b2VRcmtFSnNNUE1JZjMtZUhld0lqRDdOYjM2b1JSVk5UT1JwM0F1OS1OaWZIbTdKQ3Ixck10LUc%3Foc%3D5 "HTTP/2 200 OK"
2026-08-21 17:51:43,769 [INFO] HTTP Request: GET https://wafeeknfpzjzngzuphoz.supabase.co/rest/v1/articles?select=article_id&original_url=eq.https%3A%2F%2Fnews.google.com%2Frss%2Farticles%2FCBMiXEFVX3lxTE9FTkJLTmFvLVJJem5NckxBWUJfVW5BWklBd1ExZjFhbF85NzFRR21HRTBCbHI3QWs0blN0aDhiVTNMX2xmN2ZVdER5dGV3LWNPUFFxMHJMM1RjRnJa%3Foc%3D5 "HTTP/2 200 OK"
2026-08-21 17:51:43,787 [INFO] HTTP Request: GET https://wafeeknfpzjzngzuphoz.supabase.co/rest/v1/articles?select=article_id&original_url=eq.https%3A%2F%2Fnews.google.com%2Frss%2Farticles%2FCBMiYkFVX3lxTE1FdWNubjI3UUxJLVFiMm13dGVzQ3NVUEdxRnUzTkpzSTRmQ3RySWtyYU9Nb05xbFJxUmNlazQ0VHdyNXg0d0toelUyZ2I1ODFBMGR4M09WSkY3Y3B5SEtEdTNB%3Foc%3D5 "HTTP/2 200 OK"
2026-08-21 17:51:43,810 [INFO] HTTP Request: GET https://wafeeknfpzjzngzuphoz.supabase.co/rest/v1/articles?select=article_id&original_url=eq.https%3A%2F%2Fnews.google.com%2Frss%2Farticles%2FCBMiakFVX3lxTE1WRUotYjJjMmsyWTY2Y0dwSDNmaHZMOVNwNlh0YlcwTzl4d1o2OVV5Y2VGU0I1ZU1zeHZ2RS1lVTZRdy05U19oaHZRM2Z0dm9EbTFlc0h2NG5MbTZkREhQbkdWMUkzZ1BXaGc%3Foc%3D5 "HTTP/2 200 OK"
2026-08-21 17:51:43,831 [INFO] HTTP Request: POST https://wafeeknfpzjzngzuphoz.supabase.co/rest/v1/articles "HTTP/2 201 Created"
2026-08-21 17:51:43,849 [INFO] HTTP Request: GET https://wafeeknfpzjzngzuphoz.supabase.co/rest/v1/articles?select=article_id&original_url=eq.https%3A%2F%2Fnews.google.com%2Frss%2Farticles%2FCBMihAFBVV95cUxQOHc5V0xHTzhmMnc0bzNvbHdpU0Q1RjZPVjl6Z3hRTkpYYlRqWDEyZlQ5WnhORG56Ry1zNkQySWtQclFnTmlTeDZZcnFUckhka29Ed2RFTXZaaXhQX3FOQWJaOThFQUlTNzVwMTdzUFVRcml6b1hkS2R2M09NU2tuazFBaFA%3Foc%3D5 "HTTP/2 200 OK"
2026-08-21 17:51:43,868 [INFO] HTTP Request: GET https://wafeeknfpzjzngzuphoz.supabase.co/rest/v1/articles?select=article_id&original_url=eq.https%3A%2F%2Fnews.google.com%2Frss%2Farticles%2FCBMiVkFVX3lxTE1QNVk5ZkUyd3ZRRzBMU0VVZlVBRDZFYVltVFZLc0t6VzVlbFlsVGNnVFh1UWdTazFGd3VvMWdYWGlrUWNwSGFnODFQa2l2NlNLN2dEZHp3%3Foc%3D5 "HTTP/2 200 OK"
2026-08-21 17:51:43,887 [INFO] HTTP Request: GET https://wafeeknfpzjzngzuphoz.supabase.co/rest/v1/articles?select=article_id&original_url=eq.https%3A%2F%2Fnews.google.com%2Frss%2Farticles%2FCBMic0FVX3lxTE1kZmtaTGNLYUhmOEdnTXBqTm13b3ZKNXk1MS0xU3ZKWl9fTm5yc3hrNDRaeUF1TkF6WFFDU3QzZG0yTkNQbzZGbDNPMG1xU1ByeFZaSHhEOG9vZ09ZSDFtVXBILTVGd2dobFZfNnZzWk1kdUHSAXdBVV95cUxQcHR3Y092blBPc202b1JaOHh5ZFl1Vkw2NnRzdmNuRXBpYUpOQkc5NkpkMUFpWl9aN2VxVlZFSmZXSzdPOFhacHJjWXV6Unp2cGRVVUNCNFdJYjZ3bDZ1OTFDUXRFWXVHa0Uwa1dUUE43RlJvQ2Ztdw%3Foc%3D5 "HTTP/2 200 OK"
2026-08-21 17:51:43,906 [INFO] HTTP Request: GET https://wafeeknfpzjzngzuphoz.supabase.co/rest/v1/articles?select=article_id&original_url=eq.https%3A%2F%2Fnews.google.com%2Frss%2Farticles%2FCBMiaEFVX3lxTE9GdVM2T3VXYmhMWGxqSlFwREc5VzExOWpSWU1rNE5KY1VLTUlGcHJJZFVtdlBCSm0tclpMMWZINTJucnJObW05UXQxbDZ3aXJRNVBLVFgtUnFiWF9WRFh2YlphbUh4VGNP0gFsQVVfeXFMUFF2cUJROC1HMnpmNGNUVkJNa3htd2NsYk5CUzRTWjBGZkVwRXpKWWlFU2F5bVN3ZFNiai1aeU5SN1ZOWmZvRmJ6UTFrUzRqU2F6R0s0TEFtWl9CVXdzT3ZXdnRqU2hObS00enhK%3Foc%3D5 "HTTP/2 200 OK"
2026-08-21 17:51:44,035 [INFO] HTTP Request: GET https://wafeeknfpzjzngzuphoz.supabase.co/rest/v1/articles?select=article_id&original_url=eq.https%3A%2F%2Fyozm.wishket.com%2Fmagazine%2Fdetail%2F3908 "HTTP/2 200 OK"
2026-08-21 17:51:44,051 [INFO] HTTP Request: GET https://wafeeknfpzjzngzuphoz.supabase.co/rest/v1/articles?select=article_id&original_url=eq.https%3A%2F%2Fyozm.wishket.com%2Fmagazine%2Fdetail%2F3907 "HTTP/2 200 OK"
2026-08-21 17:51:44,075 [INFO] HTTP Request: GET https://wafeeknfpzjzngzuphoz.supabase.co/rest/v1/articles?select=article_id&original_url=eq.https%3A%2F%2Fyozm.wishket.com%2Fmagazine%2Fdetail%2F3906 "HTTP/2 200 OK"
2026-08-21 17:51:44,094 [INFO] HTTP Request: GET https://wafeeknfpzjzngzuphoz.supabase.co/rest/v1/articles?select=article_id&original_url=eq.https%3A%2F%2Fyozm.wishket.com%2Fmagazine%2Fdetail%2F3905 "HTTP/2 200 OK"
2026-08-21 17:51:44,114 [INFO] HTTP Request: GET https://wafeeknfpzjzngzuphoz.supabase.co/rest/v1/articles?select=article_id&original_url=eq.https%3A%2F%2Fyozm.wishket.com%2Fmagazine%2Fdetail%2F3904 "HTTP/2 200 OK"
2026-08-21 17:51:44,134 [INFO] HTTP Request: GET https://wafeeknfpzjzngzuphoz.supabase.co/rest/v1/articles?select=article_id&original_url=eq.https%3A%2F%2Fyozm.wishket.com%2Fmagazine%2Fdetail%2F3903 "HTTP/2 200 OK"
2026-08-21 17:51:44,153 [INFO] HTTP Request: GET https://wafeeknfpzjzngzuphoz.supabase.co/rest/v1/articles?select=article_id&original_url=eq.https%3A%2F%2Fyozm.wishket.com%2Fmagazine%2Fdetail%2F3902 "HTTP/2 200 OK"
2026-08-21 17:51:44,177 [INFO] HTTP Request: GET https://wafeeknfpzjzngzuphoz.supabase.co/rest/v1/articles?select=article_id&original_url=eq.https%3A%2F%2Fyozm.wishket.com%2Fmagazine%2Fdetail%2F3901 "HTTP/2 200 OK"
2026-08-21 17:51:44,197 [INFO] HTTP Request: GET https://wafeeknfpzjzngzuphoz.supabase.co/rest/v1/articles?select=article_id&original_url=eq.https%3A%2F%2Fyozm.wishket.com%2Fmagazine%2Fdetail%2F3900 "HTTP/2 200 OK"
2026-08-21 17:51:44,215 [INFO] HTTP Request: GET https://wafeeknfpzjzngzuphoz.supabase.co/rest/v1/articles?select=article_id&original_url=eq.https%3A%2F%2Fyozm.wishket.com%2Fmagazine%2Fdetail%2F3899 "HTTP/2 200 OK"
2026-08-21 17:51:44,562 [INFO] HTTP Request: GET https://wafeeknfpzjzngzuphoz.supabase.co/rest/v1/articles?select=article_id&original_url=eq.https%3A%2F%2Ftechblog.woowahan.com%2F26876%2F "HTTP/2 200 OK"
2026-08-21 17:51:44,583 [INFO] HTTP Request: GET https://wafeeknfpzjzngzuphoz.supabase.co/rest/v1/articles?select=article_id&original_url=eq.https%3A%2F%2Ftechblog.woowahan.com%2F26777%2F "HTTP/2 200 OK"
2026-08-21 17:51:44,602 [INFO] HTTP Request: GET https://wafeeknfpzjzngzuphoz.supabase.co/rest/v1/articles?select=article_id&original_url=eq.https%3A%2F%2Ftechblog.woowahan.com%2F26729%2F "HTTP/2 200 OK"
2026-08-21 17:51:44,622 [INFO] HTTP Request: GET https://wafeeknfpzjzngzuphoz.supabase.co/rest/v1/articles?select=article_id&original_url=eq.https%3A%2F%2Ftechblog.woowahan.com%2F26507%2F "HTTP/2 200 OK"
2026-08-21 17:51:44,654 [INFO] HTTP Request: GET https://wafeeknfpzjzngzuphoz.supabase.co/rest/v1/articles?select=article_id&original_url=eq.https%3A%2F%2Ftechblog.woowahan.com%2F26624%2F "HTTP/2 200 OK"
2026-08-21 17:51:44,674 [INFO] HTTP Request: GET https://wafeeknfpzjzngzuphoz.supabase.co/rest/v1/articles?select=article_id&original_url=eq.https%3A%2F%2Ftechblog.woowahan.com%2F26492%2F "HTTP/2 200 OK"
2026-08-21 17:51:44,693 [INFO] HTTP Request: GET https://wafeeknfpzjzngzuphoz.supabase.co/rest/v1/articles?select=article_id&original_url=eq.https%3A%2F%2Ftechblog.woowahan.com%2F26459%2F "HTTP/2 200 OK"
2026-08-21 17:51:44,712 [INFO] HTTP Request: GET https://wafeeknfpzjzngzuphoz.supabase.co/rest/v1/articles?select=article_id&original_url=eq.https%3A%2F%2Ftechblog.woowahan.com%2F26379%2F "HTTP/2 200 OK"
2026-08-21 17:51:44,731 [INFO] HTTP Request: GET https://wafeeknfpzjzngzuphoz.supabase.co/rest/v1/articles?select=article_id&original_url=eq.https%3A%2F%2Ftechblog.woowahan.com%2F26388%2F "HTTP/2 200 OK"
2026-08-21 17:51:44,755 [INFO] HTTP Request: GET https://wafeeknfpzjzngzuphoz.supabase.co/rest/v1/articles?select=article_id&original_url=eq.https%3A%2F%2Ftechblog.woowahan.com%2F26319%2F "HTTP/2 200 OK"
2026-08-21 17:51:44,861 [INFO] HTTP Request: GET https://wafeeknfpzjzngzuphoz.supabase.co/rest/v1/articles?select=article_id&original_url=eq.https%3A%2F%2Ftech.kakao.com%2Fposts%2F829 "HTTP/2 200 OK"
2026-08-21 17:51:44,882 [INFO] HTTP Request: GET https://wafeeknfpzjzngzuphoz.supabase.co/rest/v1/articles?select=article_id&original_url=eq.https%3A%2F%2Ftech.kakao.com%2Fposts%2F828 "HTTP/2 200 OK"
2026-08-21 17:51:44,904 [INFO] HTTP Request: GET https://wafeeknfpzjzngzuphoz.supabase.co/rest/v1/articles?select=article_id&original_url=eq.https%3A%2F%2Ftech.kakao.com%2Fposts%2F827 "HTTP/2 200 OK"
2026-08-21 17:51:44,925 [INFO] HTTP Request: GET https://wafeeknfpzjzngzuphoz.supabase.co/rest/v1/articles?select=article_id&original_url=eq.https%3A%2F%2Ftech.kakao.com%2Fposts%2F826 "HTTP/2 200 OK"
2026-08-21 17:51:44,945 [INFO] HTTP Request: GET https://wafeeknfpzjzngzuphoz.supabase.co/rest/v1/articles?select=article_id&original_url=eq.https%3A%2F%2Ftech.kakao.com%2Fposts%2F825 "HTTP/2 200 OK"
2026-08-21 17:51:44,973 [INFO] HTTP Request: GET https://wafeeknfpzjzngzuphoz.supabase.co/rest/v1/articles?select=article_id&original_url=eq.https%3A%2F%2Ftech.kakao.com%2Fposts%2F824 "HTTP/2 200 OK"
2026-08-21 17:51:44,993 [INFO] HTTP Request: GET https://wafeeknfpzjzngzuphoz.supabase.co/rest/v1/articles?select=article_id&original_url=eq.https%3A%2F%2Ftech.kakao.com%2Fposts%2F823 "HTTP/2 200 OK"
2026-08-21 17:51:45,012 [INFO] HTTP Request: GET https://wafeeknfpzjzngzuphoz.supabase.co/rest/v1/articles?select=article_id&original_url=eq.https%3A%2F%2Ftech.kakao.com%2Fposts%2F818 "HTTP/2 200 OK"
2026-08-21 17:51:45,032 [INFO] HTTP Request: GET https://wafeeknfpzjzngzuphoz.supabase.co/rest/v1/articles?select=article_id&original_url=eq.https%3A%2F%2Ftech.kakao.com%2Fposts%2F822 "HTTP/2 200 OK"
2026-08-21 17:51:45,052 [INFO] HTTP Request: GET https://wafeeknfpzjzngzuphoz.supabase.co/rest/v1/articles?select=article_id&original_url=eq.https%3A%2F%2Ftech.kakao.com%2Fposts%2F821 "HTTP/2 200 OK"
2026-08-21 17:51:45,082 [INFO] HTTP Request: GET https://wafeeknfpzjzngzuphoz.supabase.co/rest/v1/articles?select=article_id%2Csource_id%2Ccategory_id%2Coriginal_url%2Ctitle%2Csummary%2Csources%28name%2Ctype%2Creliability_score%29%2Ccategories%28name%29&collected_at=gte.2026-08-21T00%3A00%3A00 "HTTP/2 200 OK"
2026-08-21 17:51:45,110 [INFO] HTTP Request: GET https://wafeeknfpzjzngzuphoz.supabase.co/rest/v1/users?select=user_id%2Cemail "HTTP/2 200 OK"
2026-08-21 17:51:45,132 [INFO] HTTP Request: GET https://wafeeknfpzjzngzuphoz.supabase.co/rest/v1/user_sources?select=source_id&user_id=eq.1 "HTTP/2 200 OK"
2026-08-21 17:51:45,149 [INFO] HTTP Request: GET https://wafeeknfpzjzngzuphoz.supabase.co/rest/v1/subscriptions?select=category_id&user_id=eq.1&is_active=eq.True "HTTP/2 200 OK"
2026-08-21 17:51:45,171 [INFO] HTTP Request: GET https://wafeeknfpzjzngzuphoz.supabase.co/rest/v1/digests?select=digest_id&user_id=eq.1&digest_date=eq.2026-08-21 "HTTP/2 200 OK"
2026-08-21 17:51:45,190 [INFO] HTTP Request: PATCH https://wafeeknfpzjzngzuphoz.supabase.co/rest/v1/digests?user_id=eq.1&digest_date=eq.2026-08-21 "HTTP/2 200 OK"
2026-08-21 17:51:45,191 [INFO] 📄 사용자(koreajjangboy@gmail.com) 개인 다이제스트 생성 완료: news/koreajjangboy_at_gmail_com/2026-08-21.html
2026-08-21 17:51:45,191 [INFO] ✅ 총 1개 신규 기사 DB 저장 및 개인별 다이제스트 생성 완료

2026-08-24 08:32:52,293 [INFO] ⚡ [--now] 옵션 감지: 즉시 수집 작업을 실행합니다.
2026-08-24 08:32:52,294 [INFO] 🚀 [Start] RSS 피드 수집 및 DB 저장 시작
2026-08-24 08:32:53,089 [INFO] HTTP Request: GET https://wafeeknfpzjzngzuphoz.supabase.co/rest/v1/sources?select=source_id%2Cname%2Curl "HTTP/2 200 OK"
2026-08-24 08:32:53,135 [INFO] HTTP Request: GET https://wafeeknfpzjzngzuphoz.supabase.co/rest/v1/categories?select=category_id%2Cname&is_active=eq.True "HTTP/2 200 OK"
2026-08-24 08:32:53,771 [INFO] HTTP Request: GET https://wafeeknfpzjzngzuphoz.supabase.co/rest/v1/articles?select=article_id&original_url=eq.https%3A%2F%2Fopenai.com%2Findex%2Fintroducing-ai-futures "HTTP/2 200 OK"
2026-08-24 08:32:53,811 [INFO] HTTP Request: GET https://wafeeknfpzjzngzuphoz.supabase.co/rest/v1/articles?select=article_id&original_url=eq.https%3A%2F%2Fopenai.com%2Findex%2Fstampli "HTTP/2 200 OK"
2026-08-24 08:32:53,838 [INFO] HTTP Request: GET https://wafeeknfpzjzngzuphoz.supabase.co/rest/v1/articles?select=article_id&original_url=eq.https%3A%2F%2Fopenai.com%2Findex%2Foffering-zero-data-retention-for-frontier-models "HTTP/2 200 OK"
2026-08-24 08:32:53,858 [INFO] HTTP Request: GET https://wafeeknfpzjzngzuphoz.supabase.co/rest/v1/articles?select=article_id&original_url=eq.https%3A%2F%2Fopenai.com%2Findex%2Freplit "HTTP/2 200 OK"
2026-08-24 08:32:53,893 [INFO] HTTP Request: GET https://wafeeknfpzjzngzuphoz.supabase.co/rest/v1/articles?select=article_id&original_url=eq.https%3A%2F%2Fopenai.com%2Findex%2Fchatgpt-ads-expands-across-europe "HTTP/2 200 OK"
2026-08-24 08:32:53,917 [INFO] HTTP Request: GET https://wafeeknfpzjzngzuphoz.supabase.co/rest/v1/articles?select=article_id&original_url=eq.https%3A%2F%2Fopenai.com%2Findex%2Fstrengthening-democratic-oversight-in-national-security "HTTP/2 200 OK"
2026-08-24 08:32:53,983 [INFO] HTTP Request: GET https://wafeeknfpzjzngzuphoz.supabase.co/rest/v1/articles?select=article_id&original_url=eq.https%3A%2F%2Fopenai.com%2Findex%2Fpartnering-with-codeai "HTTP/2 200 OK"
2026-08-24 08:32:54,019 [INFO] HTTP Request: GET https://wafeeknfpzjzngzuphoz.supabase.co/rest/v1/articles?select=article_id&original_url=eq.https%3A%2F%2Fopenai.com%2Findex%2Fpacing-model-development-cyber-capabilities "HTTP/2 200 OK"
2026-08-24 08:32:54,052 [INFO] HTTP Request: GET https://wafeeknfpzjzngzuphoz.supabase.co/rest/v1/articles?select=article_id&original_url=eq.https%3A%2F%2Fopenai.com%2Findex%2Fchatgpt-for-teens "HTTP/2 200 OK"
2026-08-24 08:32:54,072 [INFO] HTTP Request: GET https://wafeeknfpzjzngzuphoz.supabase.co/rest/v1/articles?select=article_id&original_url=eq.https%3A%2F%2Fopenai.com%2Findex%2Fnvidia%2Fchatgpt-work "HTTP/2 200 OK"
2026-08-24 08:32:54,871 [INFO] HTTP Request: GET https://wafeeknfpzjzngzuphoz.supabase.co/rest/v1/articles?select=article_id&original_url=eq.https%3A%2F%2Fblog.google%2Fproducts-and-platforms%2Fproducts%2Fsearch%2Fback-to-school-study-tools%2F "HTTP/2 200 OK"
2026-08-24 08:32:54,906 [INFO] HTTP Request: GET https://wafeeknfpzjzngzuphoz.supabase.co/rest/v1/articles?select=article_id&original_url=eq.https%3A%2F%2Fblog.google%2Fproducts-and-platforms%2Fproducts%2Fgemini%2Fgoogle-gemini-pixel-football-club-partnerships%2F "HTTP/2 200 OK"
2026-08-24 08:32:54,938 [INFO] HTTP Request: GET https://wafeeknfpzjzngzuphoz.supabase.co/rest/v1/articles?select=article_id&original_url=eq.https%3A%2F%2Fblog.google%2Fproducts-and-platforms%2Fproducts%2Fworkspace%2Fsheets-canvas-for-google-sheets-spreadsheets%2F "HTTP/2 200 OK"
2026-08-24 08:32:54,959 [INFO] HTTP Request: GET https://wafeeknfpzjzngzuphoz.supabase.co/rest/v1/articles?select=article_id&original_url=eq.https%3A%2F%2Fblog.google%2Finnovation-and-ai%2Fmodels-and-research%2Fgoogle-research%2Famie-video-consultations%2F "HTTP/2 200 OK"
2026-08-24 08:32:54,992 [INFO] HTTP Request: GET https://wafeeknfpzjzngzuphoz.supabase.co/rest/v1/articles?select=article_id&original_url=eq.https%3A%2F%2Fblog.google%2Fproducts%2Fads-commerce%2Fgoogle-ads-analytics-ai-updates%2F "HTTP/2 200 OK"
2026-08-24 08:32:55,011 [INFO] HTTP Request: GET https://wafeeknfpzjzngzuphoz.supabase.co/rest/v1/articles?select=article_id&original_url=eq.https%3A%2F%2Fblog.google%2Finnovation-and-ai%2Ftechnology%2Fai%2Fgoogle-ai-updates-july-2026%2F "HTTP/2 200 OK"
2026-08-24 08:32:55,044 [INFO] HTTP Request: GET https://wafeeknfpzjzngzuphoz.supabase.co/rest/v1/articles?select=article_id&original_url=eq.https%3A%2F%2Fblog.google%2Finnovation-and-ai%2Ftechnology%2Fdevelopers-tools%2Fai-agents-intensive-recap-2026%2F "HTTP/2 200 OK"
2026-08-24 08:32:55,063 [INFO] HTTP Request: GET https://wafeeknfpzjzngzuphoz.supabase.co/rest/v1/articles?select=article_id&original_url=eq.https%3A%2F%2Fblog.google%2Finnovation-and-ai%2Ftechnology%2Fdevelopers-tools%2Fexpanding-managed-agents-gemini-api-3-6-flash-hooks%2F "HTTP/2 200 OK"
2026-08-24 08:32:55,080 [INFO] HTTP Request: GET https://wafeeknfpzjzngzuphoz.supabase.co/rest/v1/articles?select=article_id&original_url=eq.https%3A%2F%2Fblog.google%2Fproducts-and-platforms%2Fproducts%2Fsearch%2Fai-mode-real-world-tips%2F "HTTP/2 200 OK"
2026-08-24 08:32:55,100 [INFO] HTTP Request: GET https://wafeeknfpzjzngzuphoz.supabase.co/rest/v1/articles?select=article_id&original_url=eq.https%3A%2F%2Fblog.google%2Fproducts-and-platforms%2Fproducts%2Fsearch%2Fdinner-party-hosting-tips%2F "HTTP/2 200 OK"
2026-08-24 08:32:55,838 [INFO] HTTP Request: GET https://wafeeknfpzjzngzuphoz.supabase.co/rest/v1/articles?select=article_id&original_url=eq.https%3A%2F%2Fnews.hada.io%2Ftopic%3Fid%3D32816 "HTTP/2 200 OK"
2026-08-24 08:32:55,895 [INFO] HTTP Request: POST https://wafeeknfpzjzngzuphoz.supabase.co/rest/v1/articles "HTTP/2 201 Created"
2026-08-24 08:32:55,914 [INFO] HTTP Request: GET https://wafeeknfpzjzngzuphoz.supabase.co/rest/v1/articles?select=article_id&original_url=eq.https%3A%2F%2Fnews.hada.io%2Ftopic%3Fid%3D32814 "HTTP/2 200 OK"
2026-08-24 08:32:55,933 [INFO] HTTP Request: POST https://wafeeknfpzjzngzuphoz.supabase.co/rest/v1/articles "HTTP/2 201 Created"
2026-08-24 08:32:55,955 [INFO] HTTP Request: GET https://wafeeknfpzjzngzuphoz.supabase.co/rest/v1/articles?select=article_id&original_url=eq.https%3A%2F%2Fnews.hada.io%2Ftopic%3Fid%3D32813 "HTTP/2 200 OK"
2026-08-24 08:32:55,974 [INFO] HTTP Request: POST https://wafeeknfpzjzngzuphoz.supabase.co/rest/v1/articles "HTTP/2 201 Created"
2026-08-24 08:32:55,992 [INFO] HTTP Request: GET https://wafeeknfpzjzngzuphoz.supabase.co/rest/v1/articles?select=article_id&original_url=eq.https%3A%2F%2Fnews.hada.io%2Ftopic%3Fid%3D32812 "HTTP/2 200 OK"
2026-08-24 08:32:56,011 [INFO] HTTP Request: POST https://wafeeknfpzjzngzuphoz.supabase.co/rest/v1/articles "HTTP/2 201 Created"
2026-08-24 08:32:56,031 [INFO] HTTP Request: GET https://wafeeknfpzjzngzuphoz.supabase.co/rest/v1/articles?select=article_id&original_url=eq.https%3A%2F%2Fnews.hada.io%2Ftopic%3Fid%3D32811 "HTTP/2 200 OK"
2026-08-24 08:32:56,052 [INFO] HTTP Request: POST https://wafeeknfpzjzngzuphoz.supabase.co/rest/v1/articles "HTTP/2 201 Created"
2026-08-24 08:32:56,073 [INFO] HTTP Request: GET https://wafeeknfpzjzngzuphoz.supabase.co/rest/v1/articles?select=article_id&original_url=eq.https%3A%2F%2Fnews.hada.io%2Ftopic%3Fid%3D32810 "HTTP/2 200 OK"
2026-08-24 08:32:56,099 [INFO] HTTP Request: POST https://wafeeknfpzjzngzuphoz.supabase.co/rest/v1/articles "HTTP/2 201 Created"
2026-08-24 08:32:56,119 [INFO] HTTP Request: GET https://wafeeknfpzjzngzuphoz.supabase.co/rest/v1/articles?select=article_id&original_url=eq.https%3A%2F%2Fnews.hada.io%2Ftopic%3Fid%3D32809 "HTTP/2 200 OK"
2026-08-24 08:32:56,139 [INFO] HTTP Request: POST https://wafeeknfpzjzngzuphoz.supabase.co/rest/v1/articles "HTTP/2 201 Created"
2026-08-24 08:32:56,159 [INFO] HTTP Request: GET https://wafeeknfpzjzngzuphoz.supabase.co/rest/v1/articles?select=article_id&original_url=eq.https%3A%2F%2Fnews.hada.io%2Ftopic%3Fid%3D32808 "HTTP/2 200 OK"
2026-08-24 08:32:56,184 [INFO] HTTP Request: POST https://wafeeknfpzjzngzuphoz.supabase.co/rest/v1/articles "HTTP/2 201 Created"
2026-08-24 08:32:56,206 [INFO] HTTP Request: GET https://wafeeknfpzjzngzuphoz.supabase.co/rest/v1/articles?select=article_id&original_url=eq.https%3A%2F%2Fnews.hada.io%2Ftopic%3Fid%3D32807 "HTTP/2 200 OK"
2026-08-24 08:32:56,226 [INFO] HTTP Request: POST https://wafeeknfpzjzngzuphoz.supabase.co/rest/v1/articles "HTTP/2 201 Created"
2026-08-24 08:32:56,244 [INFO] HTTP Request: GET https://wafeeknfpzjzngzuphoz.supabase.co/rest/v1/articles?select=article_id&original_url=eq.https%3A%2F%2Fnews.hada.io%2Ftopic%3Fid%3D32805 "HTTP/2 200 OK"
2026-08-24 08:32:56,265 [INFO] HTTP Request: POST https://wafeeknfpzjzngzuphoz.supabase.co/rest/v1/articles "HTTP/2 201 Created"
2026-08-24 08:32:56,351 [INFO] HTTP Request: GET https://wafeeknfpzjzngzuphoz.supabase.co/rest/v1/articles?select=article_id&original_url=eq.https%3A%2F%2Fwww.aitimes.com%2Fnews%2FarticleView.html%3Fidxno%3D214266 "HTTP/2 200 OK"
2026-08-24 08:32:56,372 [INFO] HTTP Request: POST https://wafeeknfpzjzngzuphoz.supabase.co/rest/v1/articles "HTTP/2 201 Created"
2026-08-24 08:32:56,391 [INFO] HTTP Request: GET https://wafeeknfpzjzngzuphoz.supabase.co/rest/v1/articles?select=article_id&original_url=eq.https%3A%2F%2Fwww.aitimes.com%2Fnews%2FarticleView.html%3Fidxno%3D214264 "HTTP/2 200 OK"
2026-08-24 08:32:56,411 [INFO] HTTP Request: POST https://wafeeknfpzjzngzuphoz.supabase.co/rest/v1/articles "HTTP/2 201 Created"
2026-08-24 08:32:56,429 [INFO] HTTP Request: GET https://wafeeknfpzjzngzuphoz.supabase.co/rest/v1/articles?select=article_id&original_url=eq.https%3A%2F%2Fwww.aitimes.com%2Fnews%2FarticleView.html%3Fidxno%3D214263 "HTTP/2 200 OK"
2026-08-24 08:32:56,448 [INFO] HTTP Request: POST https://wafeeknfpzjzngzuphoz.supabase.co/rest/v1/articles "HTTP/2 201 Created"
2026-08-24 08:32:56,466 [INFO] HTTP Request: GET https://wafeeknfpzjzngzuphoz.supabase.co/rest/v1/articles?select=article_id&original_url=eq.https%3A%2F%2Fwww.aitimes.com%2Fnews%2FarticleView.html%3Fidxno%3D214260 "HTTP/2 200 OK"
2026-08-24 08:32:56,486 [INFO] HTTP Request: POST https://wafeeknfpzjzngzuphoz.supabase.co/rest/v1/articles "HTTP/2 201 Created"
2026-08-24 08:32:56,504 [INFO] HTTP Request: GET https://wafeeknfpzjzngzuphoz.supabase.co/rest/v1/articles?select=article_id&original_url=eq.https%3A%2F%2Fwww.aitimes.com%2Fnews%2FarticleView.html%3Fidxno%3D214259 "HTTP/2 200 OK"
2026-08-24 08:32:56,524 [INFO] HTTP Request: POST https://wafeeknfpzjzngzuphoz.supabase.co/rest/v1/articles "HTTP/2 201 Created"
2026-08-24 08:32:56,544 [INFO] HTTP Request: GET https://wafeeknfpzjzngzuphoz.supabase.co/rest/v1/articles?select=article_id&original_url=eq.https%3A%2F%2Fwww.aitimes.com%2Fnews%2FarticleView.html%3Fidxno%3D214258 "HTTP/2 200 OK"
2026-08-24 08:32:56,565 [INFO] HTTP Request: POST https://wafeeknfpzjzngzuphoz.supabase.co/rest/v1/articles "HTTP/2 201 Created"
2026-08-24 08:32:56,583 [INFO] HTTP Request: GET https://wafeeknfpzjzngzuphoz.supabase.co/rest/v1/articles?select=article_id&original_url=eq.https%3A%2F%2Fwww.aitimes.com%2Fnews%2FarticleView.html%3Fidxno%3D214083 "HTTP/2 200 OK"
2026-08-24 08:32:56,603 [INFO] HTTP Request: POST https://wafeeknfpzjzngzuphoz.supabase.co/rest/v1/articles "HTTP/2 201 Created"
2026-08-24 08:32:56,625 [INFO] HTTP Request: GET https://wafeeknfpzjzngzuphoz.supabase.co/rest/v1/articles?select=article_id&original_url=eq.https%3A%2F%2Fwww.aitimes.com%2Fnews%2FarticleView.html%3Fidxno%3D214256 "HTTP/2 200 OK"
2026-08-24 08:32:56,645 [INFO] HTTP Request: POST https://wafeeknfpzjzngzuphoz.supabase.co/rest/v1/articles "HTTP/2 201 Created"
2026-08-24 08:32:56,665 [INFO] HTTP Request: GET https://wafeeknfpzjzngzuphoz.supabase.co/rest/v1/articles?select=article_id&original_url=eq.https%3A%2F%2Fwww.aitimes.com%2Fnews%2FarticleView.html%3Fidxno%3D214255 "HTTP/2 200 OK"
2026-08-24 08:32:56,684 [INFO] HTTP Request: POST https://wafeeknfpzjzngzuphoz.supabase.co/rest/v1/articles "HTTP/2 201 Created"
2026-08-24 08:32:56,703 [INFO] HTTP Request: GET https://wafeeknfpzjzngzuphoz.supabase.co/rest/v1/articles?select=article_id&original_url=eq.https%3A%2F%2Fwww.aitimes.com%2Fnews%2FarticleView.html%3Fidxno%3D214235 "HTTP/2 200 OK"
2026-08-24 08:32:56,722 [INFO] HTTP Request: POST https://wafeeknfpzjzngzuphoz.supabase.co/rest/v1/articles "HTTP/2 201 Created"
2026-08-24 08:32:57,228 [INFO] HTTP Request: GET https://wafeeknfpzjzngzuphoz.supabase.co/rest/v1/articles?select=article_id&original_url=eq.https%3A%2F%2Fnews.google.com%2Frss%2Farticles%2FCBMiXEFVX3lxTE9DWXkyN3hhUDFHR0tCMXdpVkt3OTAyS1dBUUN6QXBKTEpMOF9SLWJSZkl3VW5FdzE2N1JiYk13NGtFQXNnbjFZZ3Vsd3BZNGJLWDJTdVladTk0bXRi%3Foc%3D5 "HTTP/2 200 OK"
2026-08-24 08:32:57,246 [INFO] HTTP Request: GET https://wafeeknfpzjzngzuphoz.supabase.co/rest/v1/articles?select=article_id&original_url=eq.https%3A%2F%2Fnews.google.com%2Frss%2Farticles%2FCBMiVkFVX3lxTFBlSVhEWDF6dU85X3puVUswSzlXLUx4OXg5b0JZMlJYeHFXcHFsM1FLNEQ4MHQxTjlfRzZMZVhiU0JVTm5nS1paWnhEVXM1RzRmV0hWeWNR%3Foc%3D5 "HTTP/2 200 OK"
2026-08-24 08:32:57,267 [INFO] HTTP Request: GET https://wafeeknfpzjzngzuphoz.supabase.co/rest/v1/articles?select=article_id&original_url=eq.https%3A%2F%2Fnews.google.com%2Frss%2Farticles%2FCBMiSEFVX3lxTE1mczBWYm0wOEU3a2NSanExQ0V5ZjNDWmZhNURubTVxcmJDRUNjLXZzT1JmT2JlbVYwUjlWY0dxNXgxRW5ueHdveA%3Foc%3D5 "HTTP/2 200 OK"
2026-08-24 08:32:57,289 [INFO] HTTP Request: GET https://wafeeknfpzjzngzuphoz.supabase.co/rest/v1/articles?select=article_id&original_url=eq.https%3A%2F%2Fnews.google.com%2Frss%2Farticles%2FCBMijgFBVV95cUxPaXVvNUlaeE5USjVKOGE5WEpLRDA2Y0c4Z3hONXZLaXc3X2IySmlzMy1kSExBUzNRMlY5dmUyNWNnX295R0tucnRKUi1aUnJsMjkzUllJWGdzbHVtajMyVG5pWW81YUxVbzhRQUh1T3E4bTJaU3AtRlFzQ0RjUzFxc1BqMkZpNGRwVUhXTi1R%3Foc%3D5 "HTTP/2 200 OK"
2026-08-24 08:32:57,309 [INFO] HTTP Request: GET https://wafeeknfpzjzngzuphoz.supabase.co/rest/v1/articles?select=article_id&original_url=eq.https%3A%2F%2Fnews.google.com%2Frss%2Farticles%2FCBMib0FVX3lxTE1GYWxwbEp6YTFrUExYQ3J0aW1aVkdtTFptSlNqZ3dsWEdlLXI2RnJyb3UwQVhHWURDamk2UXE5N1dIMzQxZkxOT0R0V1gyUHRkYWhqdWgycHU4WHNXa2QtTUVReFpLbWZoZWlmS09nWQ%3Foc%3D5 "HTTP/2 200 OK"
2026-08-24 08:32:57,329 [INFO] HTTP Request: GET https://wafeeknfpzjzngzuphoz.supabase.co/rest/v1/articles?select=article_id&original_url=eq.https%3A%2F%2Fnews.google.com%2Frss%2Farticles%2FCBMiT0FVX3lxTFAzaWZPNVkxUlpVVTkzeEkyZURXNHppRWFtYkVEeUFCaDhTeVJFS0VubHd5Tjd6U09KRGI3ZDZYTXFNWWRQeHk5Q1F2eTlzeDQ%3Foc%3D5 "HTTP/2 200 OK"
2026-08-24 08:32:57,348 [INFO] HTTP Request: GET https://wafeeknfpzjzngzuphoz.supabase.co/rest/v1/articles?select=article_id&original_url=eq.https%3A%2F%2Fnews.google.com%2Frss%2Farticles%2FCBMiZEFVX3lxTE9Pdk1TUFhhVkFtNWhIX2VSYWpDVmZJRGhSLXN1OUdjOHV3MUZkTEwxdXltekZ3QUJPWTJVdEhpX3NhekUyUE45MEsySUQ0Y3lvZmNpeEJSdDJmMDl5UWdmTW0yUmvSAWhBVV95cUxQY0pZWjNrQkk5dmc5T21vRVFRZ05KYVlnOGRCc1I2cU1QczFoWWF0eXRBQkFLa20xRENOb1B4cnRmMmZta2lTdlljYjF3bVNzelp4enhONU52Z2twUDAxcTk2SDlTZU5ZNw%3Foc%3D5 "HTTP/2 200 OK"
2026-08-24 08:32:57,368 [INFO] HTTP Request: GET https://wafeeknfpzjzngzuphoz.supabase.co/rest/v1/articles?select=article_id&original_url=eq.https%3A%2F%2Fnews.google.com%2Frss%2Farticles%2FCBMiYEFVX3lxTE9RTWVMYXhEOGtwcjFwdzVwN1l4NUV5eThXRm9zbDVxM3lOckRZYUZIRURleUxXS0pyRWdtLVRHSy00Vjk2anRoS1BISkxweFhhUXJkVnZyRXdOcVF6M1lseQ%3Foc%3D5 "HTTP/2 200 OK"
2026-08-24 08:32:57,388 [INFO] HTTP Request: POST https://wafeeknfpzjzngzuphoz.supabase.co/rest/v1/articles "HTTP/2 201 Created"
2026-08-24 08:32:57,411 [INFO] HTTP Request: GET https://wafeeknfpzjzngzuphoz.supabase.co/rest/v1/articles?select=article_id&original_url=eq.https%3A%2F%2Fnews.google.com%2Frss%2Farticles%2FCBMic0FVX3lxTE1WUnZtUmtkcS1Ec0ppZVV4WjBnNWswaTlPY1JsOXJaWkVaai1kdjdsSXNFY2tTM2hybFJGT3pnLUZUSEp3eHYzVGtYbkhsZEYxdTRhb2JQTXd5Z1I2YXROYlhQN3d6QWJZNHNhZjZreWp3YmM%3Foc%3D5 "HTTP/2 200 OK"
2026-08-24 08:32:57,433 [INFO] HTTP Request: GET https://wafeeknfpzjzngzuphoz.supabase.co/rest/v1/articles?select=article_id&original_url=eq.https%3A%2F%2Fnews.google.com%2Frss%2Farticles%2FCBMibEFVX3lxTE1ZY01VdkJHWXZXTXcwR3Z0d05NTVJLcXQxQkE5VHU5aXpqaGVmbWRETWFsbWlld2NnU3k4NUNOdHlENzVuTENnVjZHSnE1bzhlMFR3THU5RVc3MjRkSVZMSzU1S1V6Q09QdHZUSw%3Foc%3D5 "HTTP/2 200 OK"
2026-08-24 08:32:58,084 [INFO] HTTP Request: GET https://wafeeknfpzjzngzuphoz.supabase.co/rest/v1/articles?select=article_id&original_url=eq.https%3A%2F%2Fnews.google.com%2Frss%2Farticles%2FCBMiT0FVX3lxTE9maDcxRmZfNnhvYjhGdk1Td0g3MFlvcnBFOVBBVk04aHVBd2dGZXU3NXYtc19yNk4tbXZGVUhYd0g3UlliTEgyeF9GUmgzVTQ%3Foc%3D5 "HTTP/2 200 OK"
2026-08-24 08:32:58,104 [INFO] HTTP Request: POST https://wafeeknfpzjzngzuphoz.supabase.co/rest/v1/articles "HTTP/2 201 Created"
2026-08-24 08:32:58,125 [INFO] HTTP Request: GET https://wafeeknfpzjzngzuphoz.supabase.co/rest/v1/articles?select=article_id&original_url=eq.https%3A%2F%2Fnews.google.com%2Frss%2Farticles%2FCBMiX0FVX3lxTE1hbXMxS2h2Tm12VWRsWC1fcFBTMFIwYWN2b3FtYi1HR0lMeEY0LXpzdlNmVVY1aTJPZTNBY25GRkZTR3YyVk1MQVZlbFlpXzlKWDJKTGt3cnM3ZUJ4YldN0gFkQVVfeXFMUEdnTFZKeGh6VlNzR0JxaW5hQV9aQXZYSHgxQVRXY1JCelZUcXI4engya2p3XzNPRzBWM0QtUEZhamR4ZlQ5Zk5LMGFETkZSSFdLZ1hhSmc3TGtKbVNCang1NV9DMQ%3Foc%3D5 "HTTP/2 200 OK"
2026-08-24 08:32:58,149 [INFO] HTTP Request: POST https://wafeeknfpzjzngzuphoz.supabase.co/rest/v1/articles "HTTP/2 201 Created"
2026-08-24 08:32:58,169 [INFO] HTTP Request: GET https://wafeeknfpzjzngzuphoz.supabase.co/rest/v1/articles?select=article_id&original_url=eq.https%3A%2F%2Fnews.google.com%2Frss%2Farticles%2FCBMiXEFVX3lxTE1NWUJLV3NwUG12dWdVX19fSXN4dzdLS3lxUWhMenBuSGdianduTWIzWndRdzZTck8tX2dNS1kyR0hJZEc3bVFOQlBJNjJoa2wwOFJWRS1zMExQb0gw%3Foc%3D5 "HTTP/2 200 OK"
2026-08-24 08:32:58,188 [INFO] HTTP Request: POST https://wafeeknfpzjzngzuphoz.supabase.co/rest/v1/articles "HTTP/2 201 Created"
2026-08-24 08:32:58,208 [INFO] HTTP Request: GET https://wafeeknfpzjzngzuphoz.supabase.co/rest/v1/articles?select=article_id&original_url=eq.https%3A%2F%2Fnews.google.com%2Frss%2Farticles%2FCBMiVEFVX3lxTE1Cc25YeEwxRmx1WVJwY2NzUGRXWmFSenFnNXpSbUVoampsbUd0Wl9CdlpvSGtQYnNtWXBYblg1WEFkQVJwcTk1U0FlbVJwa241U1BHbA%3Foc%3D5 "HTTP/2 200 OK"
2026-08-24 08:32:58,227 [INFO] HTTP Request: POST https://wafeeknfpzjzngzuphoz.supabase.co/rest/v1/articles "HTTP/2 201 Created"
2026-08-24 08:32:58,245 [INFO] HTTP Request: GET https://wafeeknfpzjzngzuphoz.supabase.co/rest/v1/articles?select=article_id&original_url=eq.https%3A%2F%2Fnews.google.com%2Frss%2Farticles%2FCBMiVkFVX3lxTE1LUmR1a3AyMW9vcUFiQnlIVjhpbHZCdndzdGV1RXJ2cmpiZk41ak91eEtXNWU1Tk5qdDI3ZlhEQUJRUk5hME4weFFBcWM5QlRzNmJXRW93%3Foc%3D5 "HTTP/2 200 OK"
2026-08-24 08:32:58,263 [INFO] HTTP Request: POST https://wafeeknfpzjzngzuphoz.supabase.co/rest/v1/articles "HTTP/2 201 Created"
2026-08-24 08:32:58,282 [INFO] HTTP Request: GET https://wafeeknfpzjzngzuphoz.supabase.co/rest/v1/articles?select=article_id&original_url=eq.https%3A%2F%2Fnews.google.com%2Frss%2Farticles%2FCBMiWkFVX3lxTE5kZExzOWM3QngzVEVNTXhNcGVFamZDV0V2R09MSk9nUFNTeFV2Ukdfa3N5dm1idlBkdE9idXZ1em9SUlY3SlQ3ZzVmaFdoZ2Z5Tm1nS0FPR0EzZ9IBWEFVX3lxTFA1eURUamRBcHdMX0s5RXR2MTVscmpRQ21scEo5Mkw5VjRrOVdqZE1YcWhVX21WWmRVX21JTm15NVRtTzdINzBwQVVxZGdqX1ZMeHZlS2N0NFk%3Foc%3D5 "HTTP/2 200 OK"
2026-08-24 08:32:58,315 [INFO] HTTP Request: POST https://wafeeknfpzjzngzuphoz.supabase.co/rest/v1/articles "HTTP/2 201 Created"
2026-08-24 08:32:58,334 [INFO] HTTP Request: GET https://wafeeknfpzjzngzuphoz.supabase.co/rest/v1/articles?select=article_id&original_url=eq.https%3A%2F%2Fnews.google.com%2Frss%2Farticles%2FCBMiWkFVX3lxTE1tX29HeWRyYzRqbjBCWXZncF9zSXBfRnU0dVBhQzlxUk5RQmM4UFBXbFVxbGVuX09la3Uwdkh4cnRmZjhLVGFOaUlTQkZpMGZmakxDcDY4Q3Y0QQ%3Foc%3D5 "HTTP/2 200 OK"
2026-08-24 08:32:58,353 [INFO] HTTP Request: POST https://wafeeknfpzjzngzuphoz.supabase.co/rest/v1/articles "HTTP/2 201 Created"
2026-08-24 08:32:58,373 [INFO] HTTP Request: GET https://wafeeknfpzjzngzuphoz.supabase.co/rest/v1/articles?select=article_id&original_url=eq.https%3A%2F%2Fnews.google.com%2Frss%2Farticles%2FCBMiakFVX3lxTE1WRUotYjJjMmsyWTY2Y0dwSDNmaHZMOVNwNlh0YlcwTzl4d1o2OVV5Y2VGU0I1ZU1zeHZ2RS1lVTZRdy05U19oaHZRM2Z0dm9EbTFlc0h2NG5MbTZkREhQbkdWMUkzZ1BXaGc%3Foc%3D5 "HTTP/2 200 OK"
2026-08-24 08:32:58,390 [INFO] HTTP Request: GET https://wafeeknfpzjzngzuphoz.supabase.co/rest/v1/articles?select=article_id&original_url=eq.https%3A%2F%2Fnews.google.com%2Frss%2Farticles%2FCBMiT0FVX3lxTE01QmFNZ0V5eWItT2NiWTlzbkRYS1JJU2xDVnVnTTZ6TmRtc3hybkxNTmpZUjlJZHVfWktreV9GRUt2X09Sc0ZRZ0p6ZDdaTGc%3Foc%3D5 "HTTP/2 200 OK"
2026-08-24 08:32:58,407 [INFO] HTTP Request: POST https://wafeeknfpzjzngzuphoz.supabase.co/rest/v1/articles "HTTP/2 201 Created"
2026-08-24 08:32:58,425 [INFO] HTTP Request: GET https://wafeeknfpzjzngzuphoz.supabase.co/rest/v1/articles?select=article_id&original_url=eq.https%3A%2F%2Fnews.google.com%2Frss%2Farticles%2FCBMiT0FVX3lxTE5pT2NxbXJmajNtcGRxTHZNcjlXazcwQ29IeGNUN0F3X2dUOWV2S1dDVHMyZUtrdWNoLWhXZHJ0SlJLRUNfcUNjMXR5MUpYTzQ%3Foc%3D5 "HTTP/2 200 OK"
2026-08-24 08:32:58,556 [INFO] HTTP Request: GET https://wafeeknfpzjzngzuphoz.supabase.co/rest/v1/articles?select=article_id&original_url=eq.https%3A%2F%2Fyozm.wishket.com%2Fmagazine%2Fdetail%2F3909 "HTTP/2 200 OK"
2026-08-24 08:32:58,578 [INFO] HTTP Request: POST https://wafeeknfpzjzngzuphoz.supabase.co/rest/v1/articles "HTTP/2 201 Created"
2026-08-24 08:32:58,596 [INFO] HTTP Request: GET https://wafeeknfpzjzngzuphoz.supabase.co/rest/v1/articles?select=article_id&original_url=eq.https%3A%2F%2Fyozm.wishket.com%2Fmagazine%2Fdetail%2F3908 "HTTP/2 200 OK"
2026-08-24 08:32:58,615 [INFO] HTTP Request: GET https://wafeeknfpzjzngzuphoz.supabase.co/rest/v1/articles?select=article_id&original_url=eq.https%3A%2F%2Fyozm.wishket.com%2Fmagazine%2Fdetail%2F3907 "HTTP/2 200 OK"
2026-08-24 08:32:58,634 [INFO] HTTP Request: GET https://wafeeknfpzjzngzuphoz.supabase.co/rest/v1/articles?select=article_id&original_url=eq.https%3A%2F%2Fyozm.wishket.com%2Fmagazine%2Fdetail%2F3906 "HTTP/2 200 OK"
2026-08-24 08:32:58,652 [INFO] HTTP Request: GET https://wafeeknfpzjzngzuphoz.supabase.co/rest/v1/articles?select=article_id&original_url=eq.https%3A%2F%2Fyozm.wishket.com%2Fmagazine%2Fdetail%2F3905 "HTTP/2 200 OK"
2026-08-24 08:32:58,670 [INFO] HTTP Request: GET https://wafeeknfpzjzngzuphoz.supabase.co/rest/v1/articles?select=article_id&original_url=eq.https%3A%2F%2Fyozm.wishket.com%2Fmagazine%2Fdetail%2F3904 "HTTP/2 200 OK"
2026-08-24 08:32:58,688 [INFO] HTTP Request: GET https://wafeeknfpzjzngzuphoz.supabase.co/rest/v1/articles?select=article_id&original_url=eq.https%3A%2F%2Fyozm.wishket.com%2Fmagazine%2Fdetail%2F3903 "HTTP/2 200 OK"
2026-08-24 08:32:58,705 [INFO] HTTP Request: GET https://wafeeknfpzjzngzuphoz.supabase.co/rest/v1/articles?select=article_id&original_url=eq.https%3A%2F%2Fyozm.wishket.com%2Fmagazine%2Fdetail%2F3902 "HTTP/2 200 OK"
2026-08-24 08:32:58,746 [INFO] HTTP Request: GET https://wafeeknfpzjzngzuphoz.supabase.co/rest/v1/articles?select=article_id&original_url=eq.https%3A%2F%2Fyozm.wishket.com%2Fmagazine%2Fdetail%2F3901 "HTTP/2 200 OK"
2026-08-24 08:32:58,765 [INFO] HTTP Request: GET https://wafeeknfpzjzngzuphoz.supabase.co/rest/v1/articles?select=article_id&original_url=eq.https%3A%2F%2Fyozm.wishket.com%2Fmagazine%2Fdetail%2F3900 "HTTP/2 200 OK"
2026-08-24 08:32:59,151 [INFO] HTTP Request: GET https://wafeeknfpzjzngzuphoz.supabase.co/rest/v1/articles?select=article_id&original_url=eq.https%3A%2F%2Ftechblog.woowahan.com%2F26876%2F "HTTP/2 200 OK"
2026-08-24 08:32:59,170 [INFO] HTTP Request: GET https://wafeeknfpzjzngzuphoz.supabase.co/rest/v1/articles?select=article_id&original_url=eq.https%3A%2F%2Ftechblog.woowahan.com%2F26777%2F "HTTP/2 200 OK"
2026-08-24 08:32:59,189 [INFO] HTTP Request: GET https://wafeeknfpzjzngzuphoz.supabase.co/rest/v1/articles?select=article_id&original_url=eq.https%3A%2F%2Ftechblog.woowahan.com%2F26729%2F "HTTP/2 200 OK"
2026-08-24 08:32:59,206 [INFO] HTTP Request: GET https://wafeeknfpzjzngzuphoz.supabase.co/rest/v1/articles?select=article_id&original_url=eq.https%3A%2F%2Ftechblog.woowahan.com%2F26507%2F "HTTP/2 200 OK"
2026-08-24 08:32:59,223 [INFO] HTTP Request: GET https://wafeeknfpzjzngzuphoz.supabase.co/rest/v1/articles?select=article_id&original_url=eq.https%3A%2F%2Ftechblog.woowahan.com%2F26624%2F "HTTP/2 200 OK"
2026-08-24 08:32:59,242 [INFO] HTTP Request: GET https://wafeeknfpzjzngzuphoz.supabase.co/rest/v1/articles?select=article_id&original_url=eq.https%3A%2F%2Ftechblog.woowahan.com%2F26492%2F "HTTP/2 200 OK"
2026-08-24 08:32:59,260 [INFO] HTTP Request: GET https://wafeeknfpzjzngzuphoz.supabase.co/rest/v1/articles?select=article_id&original_url=eq.https%3A%2F%2Ftechblog.woowahan.com%2F26459%2F "HTTP/2 200 OK"
2026-08-24 08:32:59,278 [INFO] HTTP Request: GET https://wafeeknfpzjzngzuphoz.supabase.co/rest/v1/articles?select=article_id&original_url=eq.https%3A%2F%2Ftechblog.woowahan.com%2F26379%2F "HTTP/2 200 OK"
2026-08-24 08:32:59,294 [INFO] HTTP Request: GET https://wafeeknfpzjzngzuphoz.supabase.co/rest/v1/articles?select=article_id&original_url=eq.https%3A%2F%2Ftechblog.woowahan.com%2F26388%2F "HTTP/2 200 OK"
2026-08-24 08:32:59,313 [INFO] HTTP Request: GET https://wafeeknfpzjzngzuphoz.supabase.co/rest/v1/articles?select=article_id&original_url=eq.https%3A%2F%2Ftechblog.woowahan.com%2F26319%2F "HTTP/2 200 OK"
2026-08-24 08:32:59,427 [INFO] HTTP Request: GET https://wafeeknfpzjzngzuphoz.supabase.co/rest/v1/articles?select=article_id&original_url=eq.https%3A%2F%2Ftech.kakao.com%2Fposts%2F829 "HTTP/2 200 OK"
2026-08-24 08:32:59,446 [INFO] HTTP Request: GET https://wafeeknfpzjzngzuphoz.supabase.co/rest/v1/articles?select=article_id&original_url=eq.https%3A%2F%2Ftech.kakao.com%2Fposts%2F828 "HTTP/2 200 OK"
2026-08-24 08:32:59,464 [INFO] HTTP Request: GET https://wafeeknfpzjzngzuphoz.supabase.co/rest/v1/articles?select=article_id&original_url=eq.https%3A%2F%2Ftech.kakao.com%2Fposts%2F827 "HTTP/2 200 OK"
2026-08-24 08:32:59,484 [INFO] HTTP Request: GET https://wafeeknfpzjzngzuphoz.supabase.co/rest/v1/articles?select=article_id&original_url=eq.https%3A%2F%2Ftech.kakao.com%2Fposts%2F826 "HTTP/2 200 OK"
2026-08-24 08:32:59,503 [INFO] HTTP Request: GET https://wafeeknfpzjzngzuphoz.supabase.co/rest/v1/articles?select=article_id&original_url=eq.https%3A%2F%2Ftech.kakao.com%2Fposts%2F825 "HTTP/2 200 OK"
2026-08-24 08:32:59,520 [INFO] HTTP Request: GET https://wafeeknfpzjzngzuphoz.supabase.co/rest/v1/articles?select=article_id&original_url=eq.https%3A%2F%2Ftech.kakao.com%2Fposts%2F824 "HTTP/2 200 OK"
2026-08-24 08:32:59,537 [INFO] HTTP Request: GET https://wafeeknfpzjzngzuphoz.supabase.co/rest/v1/articles?select=article_id&original_url=eq.https%3A%2F%2Ftech.kakao.com%2Fposts%2F823 "HTTP/2 200 OK"
2026-08-24 08:32:59,554 [INFO] HTTP Request: GET https://wafeeknfpzjzngzuphoz.supabase.co/rest/v1/articles?select=article_id&original_url=eq.https%3A%2F%2Ftech.kakao.com%2Fposts%2F818 "HTTP/2 200 OK"
2026-08-24 08:32:59,573 [INFO] HTTP Request: GET https://wafeeknfpzjzngzuphoz.supabase.co/rest/v1/articles?select=article_id&original_url=eq.https%3A%2F%2Ftech.kakao.com%2Fposts%2F822 "HTTP/2 200 OK"
2026-08-24 08:32:59,591 [INFO] HTTP Request: GET https://wafeeknfpzjzngzuphoz.supabase.co/rest/v1/articles?select=article_id&original_url=eq.https%3A%2F%2Ftech.kakao.com%2Fposts%2F821 "HTTP/2 200 OK"
2026-08-24 08:32:59,626 [INFO] HTTP Request: GET https://wafeeknfpzjzngzuphoz.supabase.co/rest/v1/articles?select=article_id%2Csource_id%2Ccategory_id%2Coriginal_url%2Ctitle%2Csummary%2Csources%28name%2Ctype%2Creliability_score%29%2Ccategories%28name%29&collected_at=gte.2026-08-24T00%3A00%3A00 "HTTP/2 200 OK"
2026-08-24 08:32:59,654 [INFO] HTTP Request: GET https://wafeeknfpzjzngzuphoz.supabase.co/rest/v1/users?select=user_id%2Cemail "HTTP/2 200 OK"
2026-08-24 08:32:59,677 [INFO] HTTP Request: GET https://wafeeknfpzjzngzuphoz.supabase.co/rest/v1/user_sources?select=source_id&user_id=eq.1 "HTTP/2 200 OK"
2026-08-24 08:32:59,701 [INFO] HTTP Request: GET https://wafeeknfpzjzngzuphoz.supabase.co/rest/v1/subscriptions?select=category_id&user_id=eq.1&is_active=eq.True "HTTP/2 200 OK"
2026-08-24 08:32:59,727 [INFO] HTTP Request: GET https://wafeeknfpzjzngzuphoz.supabase.co/rest/v1/digests?select=digest_id&user_id=eq.1&digest_date=eq.2026-08-24 "HTTP/2 200 OK"
2026-08-24 08:32:59,753 [INFO] HTTP Request: POST https://wafeeknfpzjzngzuphoz.supabase.co/rest/v1/digests "HTTP/2 201 Created"
2026-08-24 08:32:59,753 [INFO] 📄 사용자(koreajjangboy@gmail.com) 개인 다이제스트 생성 완료: news/koreajjangboy_at_gmail_com/2026-08-24.html
2026-08-24 08:32:59,754 [INFO] ✅ 총 30개 신규 기사 DB 저장 및 개인별 다이제스트 생성 완료

2026-08-24 08:35:45,098 [INFO] ⚡ [--now] 옵션 감지: 즉시 수집 작업을 실행합니다.
2026-08-24 08:35:45,098 [INFO] 🚀 [Start] RSS 피드 수집 및 DB 저장 시작
2026-08-24 08:35:45,512 [INFO] HTTP Request: GET https://wafeeknfpzjzngzuphoz.supabase.co/rest/v1/sources?select=source_id%2Cname%2Curl "HTTP/2 200 OK"
2026-08-24 08:35:45,536 [INFO] HTTP Request: GET https://wafeeknfpzjzngzuphoz.supabase.co/rest/v1/categories?select=category_id%2Cname&is_active=eq.True "HTTP/2 200 OK"
2026-08-24 08:35:46,070 [INFO] HTTP Request: GET https://wafeeknfpzjzngzuphoz.supabase.co/rest/v1/articles?select=article_id&original_url=eq.https%3A%2F%2Fopenai.com%2Findex%2Fintroducing-ai-futures "HTTP/2 200 OK"
2026-08-24 08:35:46,093 [INFO] HTTP Request: GET https://wafeeknfpzjzngzuphoz.supabase.co/rest/v1/articles?select=article_id&original_url=eq.https%3A%2F%2Fopenai.com%2Findex%2Fstampli "HTTP/2 200 OK"
2026-08-24 08:35:46,113 [INFO] HTTP Request: GET https://wafeeknfpzjzngzuphoz.supabase.co/rest/v1/articles?select=article_id&original_url=eq.https%3A%2F%2Fopenai.com%2Findex%2Foffering-zero-data-retention-for-frontier-models "HTTP/2 200 OK"
2026-08-24 08:35:46,132 [INFO] HTTP Request: GET https://wafeeknfpzjzngzuphoz.supabase.co/rest/v1/articles?select=article_id&original_url=eq.https%3A%2F%2Fopenai.com%2Findex%2Freplit "HTTP/2 200 OK"
2026-08-24 08:35:46,149 [INFO] HTTP Request: GET https://wafeeknfpzjzngzuphoz.supabase.co/rest/v1/articles?select=article_id&original_url=eq.https%3A%2F%2Fopenai.com%2Findex%2Fchatgpt-ads-expands-across-europe "HTTP/2 200 OK"
2026-08-24 08:35:46,169 [INFO] HTTP Request: GET https://wafeeknfpzjzngzuphoz.supabase.co/rest/v1/articles?select=article_id&original_url=eq.https%3A%2F%2Fopenai.com%2Findex%2Fstrengthening-democratic-oversight-in-national-security "HTTP/2 200 OK"
2026-08-24 08:35:46,190 [INFO] HTTP Request: GET https://wafeeknfpzjzngzuphoz.supabase.co/rest/v1/articles?select=article_id&original_url=eq.https%3A%2F%2Fopenai.com%2Findex%2Fpartnering-with-codeai "HTTP/2 200 OK"
2026-08-24 08:35:46,210 [INFO] HTTP Request: GET https://wafeeknfpzjzngzuphoz.supabase.co/rest/v1/articles?select=article_id&original_url=eq.https%3A%2F%2Fopenai.com%2Findex%2Fpacing-model-development-cyber-capabilities "HTTP/2 200 OK"
2026-08-24 08:35:46,235 [INFO] HTTP Request: GET https://wafeeknfpzjzngzuphoz.supabase.co/rest/v1/articles?select=article_id&original_url=eq.https%3A%2F%2Fopenai.com%2Findex%2Fchatgpt-for-teens "HTTP/2 200 OK"
2026-08-24 08:35:46,254 [INFO] HTTP Request: GET https://wafeeknfpzjzngzuphoz.supabase.co/rest/v1/articles?select=article_id&original_url=eq.https%3A%2F%2Fopenai.com%2Findex%2Fnvidia%2Fchatgpt-work "HTTP/2 200 OK"
2026-08-24 08:35:47,058 [INFO] HTTP Request: GET https://wafeeknfpzjzngzuphoz.supabase.co/rest/v1/articles?select=article_id&original_url=eq.https%3A%2F%2Fblog.google%2Fproducts-and-platforms%2Fproducts%2Fsearch%2Fback-to-school-study-tools%2F "HTTP/2 200 OK"
2026-08-24 08:35:47,076 [INFO] HTTP Request: GET https://wafeeknfpzjzngzuphoz.supabase.co/rest/v1/articles?select=article_id&original_url=eq.https%3A%2F%2Fblog.google%2Fproducts-and-platforms%2Fproducts%2Fgemini%2Fgoogle-gemini-pixel-football-club-partnerships%2F "HTTP/2 200 OK"
2026-08-24 08:35:47,095 [INFO] HTTP Request: GET https://wafeeknfpzjzngzuphoz.supabase.co/rest/v1/articles?select=article_id&original_url=eq.https%3A%2F%2Fblog.google%2Fproducts-and-platforms%2Fproducts%2Fworkspace%2Fsheets-canvas-for-google-sheets-spreadsheets%2F "HTTP/2 200 OK"
2026-08-24 08:35:47,114 [INFO] HTTP Request: GET https://wafeeknfpzjzngzuphoz.supabase.co/rest/v1/articles?select=article_id&original_url=eq.https%3A%2F%2Fblog.google%2Finnovation-and-ai%2Fmodels-and-research%2Fgoogle-research%2Famie-video-consultations%2F "HTTP/2 200 OK"
2026-08-24 08:35:47,132 [INFO] HTTP Request: GET https://wafeeknfpzjzngzuphoz.supabase.co/rest/v1/articles?select=article_id&original_url=eq.https%3A%2F%2Fblog.google%2Fproducts%2Fads-commerce%2Fgoogle-ads-analytics-ai-updates%2F "HTTP/2 200 OK"
2026-08-24 08:35:47,151 [INFO] HTTP Request: GET https://wafeeknfpzjzngzuphoz.supabase.co/rest/v1/articles?select=article_id&original_url=eq.https%3A%2F%2Fblog.google%2Finnovation-and-ai%2Ftechnology%2Fai%2Fgoogle-ai-updates-july-2026%2F "HTTP/2 200 OK"
2026-08-24 08:35:47,172 [INFO] HTTP Request: GET https://wafeeknfpzjzngzuphoz.supabase.co/rest/v1/articles?select=article_id&original_url=eq.https%3A%2F%2Fblog.google%2Finnovation-and-ai%2Ftechnology%2Fdevelopers-tools%2Fai-agents-intensive-recap-2026%2F "HTTP/2 200 OK"
2026-08-24 08:35:47,189 [INFO] HTTP Request: GET https://wafeeknfpzjzngzuphoz.supabase.co/rest/v1/articles?select=article_id&original_url=eq.https%3A%2F%2Fblog.google%2Finnovation-and-ai%2Ftechnology%2Fdevelopers-tools%2Fexpanding-managed-agents-gemini-api-3-6-flash-hooks%2F "HTTP/2 200 OK"
2026-08-24 08:35:47,207 [INFO] HTTP Request: GET https://wafeeknfpzjzngzuphoz.supabase.co/rest/v1/articles?select=article_id&original_url=eq.https%3A%2F%2Fblog.google%2Fproducts-and-platforms%2Fproducts%2Fsearch%2Fai-mode-real-world-tips%2F "HTTP/2 200 OK"
2026-08-24 08:35:47,226 [INFO] HTTP Request: GET https://wafeeknfpzjzngzuphoz.supabase.co/rest/v1/articles?select=article_id&original_url=eq.https%3A%2F%2Fblog.google%2Fproducts-and-platforms%2Fproducts%2Fsearch%2Fdinner-party-hosting-tips%2F "HTTP/2 200 OK"
2026-08-24 08:35:48,136 [INFO] HTTP Request: GET https://wafeeknfpzjzngzuphoz.supabase.co/rest/v1/articles?select=article_id&original_url=eq.https%3A%2F%2Fnews.hada.io%2Ftopic%3Fid%3D32817 "HTTP/2 200 OK"
2026-08-24 08:35:48,170 [INFO] HTTP Request: POST https://wafeeknfpzjzngzuphoz.supabase.co/rest/v1/articles "HTTP/2 201 Created"
2026-08-24 08:35:48,190 [INFO] HTTP Request: GET https://wafeeknfpzjzngzuphoz.supabase.co/rest/v1/articles?select=article_id&original_url=eq.https%3A%2F%2Fnews.hada.io%2Ftopic%3Fid%3D32816 "HTTP/2 200 OK"
2026-08-24 08:35:48,210 [INFO] HTTP Request: GET https://wafeeknfpzjzngzuphoz.supabase.co/rest/v1/articles?select=article_id&original_url=eq.https%3A%2F%2Fnews.hada.io%2Ftopic%3Fid%3D32814 "HTTP/2 200 OK"
2026-08-24 08:35:48,230 [INFO] HTTP Request: GET https://wafeeknfpzjzngzuphoz.supabase.co/rest/v1/articles?select=article_id&original_url=eq.https%3A%2F%2Fnews.hada.io%2Ftopic%3Fid%3D32813 "HTTP/2 200 OK"
2026-08-24 08:35:48,248 [INFO] HTTP Request: GET https://wafeeknfpzjzngzuphoz.supabase.co/rest/v1/articles?select=article_id&original_url=eq.https%3A%2F%2Fnews.hada.io%2Ftopic%3Fid%3D32812 "HTTP/2 200 OK"
2026-08-24 08:35:48,265 [INFO] HTTP Request: GET https://wafeeknfpzjzngzuphoz.supabase.co/rest/v1/articles?select=article_id&original_url=eq.https%3A%2F%2Fnews.hada.io%2Ftopic%3Fid%3D32811 "HTTP/2 200 OK"
2026-08-24 08:35:48,284 [INFO] HTTP Request: GET https://wafeeknfpzjzngzuphoz.supabase.co/rest/v1/articles?select=article_id&original_url=eq.https%3A%2F%2Fnews.hada.io%2Ftopic%3Fid%3D32810 "HTTP/2 200 OK"
2026-08-24 08:35:48,307 [INFO] HTTP Request: GET https://wafeeknfpzjzngzuphoz.supabase.co/rest/v1/articles?select=article_id&original_url=eq.https%3A%2F%2Fnews.hada.io%2Ftopic%3Fid%3D32809 "HTTP/2 200 OK"
2026-08-24 08:35:48,324 [INFO] HTTP Request: GET https://wafeeknfpzjzngzuphoz.supabase.co/rest/v1/articles?select=article_id&original_url=eq.https%3A%2F%2Fnews.hada.io%2Ftopic%3Fid%3D32808 "HTTP/2 200 OK"
2026-08-24 08:35:48,342 [INFO] HTTP Request: GET https://wafeeknfpzjzngzuphoz.supabase.co/rest/v1/articles?select=article_id&original_url=eq.https%3A%2F%2Fnews.hada.io%2Ftopic%3Fid%3D32807 "HTTP/2 200 OK"
2026-08-24 08:35:48,416 [INFO] HTTP Request: GET https://wafeeknfpzjzngzuphoz.supabase.co/rest/v1/articles?select=article_id&original_url=eq.https%3A%2F%2Fwww.aitimes.com%2Fnews%2FarticleView.html%3Fidxno%3D214266 "HTTP/2 200 OK"
2026-08-24 08:35:48,437 [INFO] HTTP Request: GET https://wafeeknfpzjzngzuphoz.supabase.co/rest/v1/articles?select=article_id&original_url=eq.https%3A%2F%2Fwww.aitimes.com%2Fnews%2FarticleView.html%3Fidxno%3D214264 "HTTP/2 200 OK"
2026-08-24 08:35:48,457 [INFO] HTTP Request: GET https://wafeeknfpzjzngzuphoz.supabase.co/rest/v1/articles?select=article_id&original_url=eq.https%3A%2F%2Fwww.aitimes.com%2Fnews%2FarticleView.html%3Fidxno%3D214263 "HTTP/2 200 OK"
2026-08-24 08:35:48,479 [INFO] HTTP Request: GET https://wafeeknfpzjzngzuphoz.supabase.co/rest/v1/articles?select=article_id&original_url=eq.https%3A%2F%2Fwww.aitimes.com%2Fnews%2FarticleView.html%3Fidxno%3D214260 "HTTP/2 200 OK"
2026-08-24 08:35:48,497 [INFO] HTTP Request: GET https://wafeeknfpzjzngzuphoz.supabase.co/rest/v1/articles?select=article_id&original_url=eq.https%3A%2F%2Fwww.aitimes.com%2Fnews%2FarticleView.html%3Fidxno%3D214259 "HTTP/2 200 OK"
2026-08-24 08:35:48,514 [INFO] HTTP Request: GET https://wafeeknfpzjzngzuphoz.supabase.co/rest/v1/articles?select=article_id&original_url=eq.https%3A%2F%2Fwww.aitimes.com%2Fnews%2FarticleView.html%3Fidxno%3D214258 "HTTP/2 200 OK"
2026-08-24 08:35:48,533 [INFO] HTTP Request: GET https://wafeeknfpzjzngzuphoz.supabase.co/rest/v1/articles?select=article_id&original_url=eq.https%3A%2F%2Fwww.aitimes.com%2Fnews%2FarticleView.html%3Fidxno%3D214083 "HTTP/2 200 OK"
2026-08-24 08:35:48,550 [INFO] HTTP Request: GET https://wafeeknfpzjzngzuphoz.supabase.co/rest/v1/articles?select=article_id&original_url=eq.https%3A%2F%2Fwww.aitimes.com%2Fnews%2FarticleView.html%3Fidxno%3D214256 "HTTP/2 200 OK"
2026-08-24 08:35:48,567 [INFO] HTTP Request: GET https://wafeeknfpzjzngzuphoz.supabase.co/rest/v1/articles?select=article_id&original_url=eq.https%3A%2F%2Fwww.aitimes.com%2Fnews%2FarticleView.html%3Fidxno%3D214255 "HTTP/2 200 OK"
2026-08-24 08:35:48,586 [INFO] HTTP Request: GET https://wafeeknfpzjzngzuphoz.supabase.co/rest/v1/articles?select=article_id&original_url=eq.https%3A%2F%2Fwww.aitimes.com%2Fnews%2FarticleView.html%3Fidxno%3D214235 "HTTP/2 200 OK"
2026-08-24 08:35:49,061 [INFO] HTTP Request: GET https://wafeeknfpzjzngzuphoz.supabase.co/rest/v1/articles?select=article_id&original_url=eq.https%3A%2F%2Fnews.google.com%2Frss%2Farticles%2FCBMiXEFVX3lxTE9DWXkyN3hhUDFHR0tCMXdpVkt3OTAyS1dBUUN6QXBKTEpMOF9SLWJSZkl3VW5FdzE2N1JiYk13NGtFQXNnbjFZZ3Vsd3BZNGJLWDJTdVladTk0bXRi%3Foc%3D5 "HTTP/2 200 OK"
2026-08-24 08:35:49,078 [INFO] HTTP Request: GET https://wafeeknfpzjzngzuphoz.supabase.co/rest/v1/articles?select=article_id&original_url=eq.https%3A%2F%2Fnews.google.com%2Frss%2Farticles%2FCBMiVkFVX3lxTFBlSVhEWDF6dU85X3puVUswSzlXLUx4OXg5b0JZMlJYeHFXcHFsM1FLNEQ4MHQxTjlfRzZMZVhiU0JVTm5nS1paWnhEVXM1RzRmV0hWeWNR%3Foc%3D5 "HTTP/2 200 OK"
2026-08-24 08:35:49,095 [INFO] HTTP Request: GET https://wafeeknfpzjzngzuphoz.supabase.co/rest/v1/articles?select=article_id&original_url=eq.https%3A%2F%2Fnews.google.com%2Frss%2Farticles%2FCBMiSEFVX3lxTE1mczBWYm0wOEU3a2NSanExQ0V5ZjNDWmZhNURubTVxcmJDRUNjLXZzT1JmT2JlbVYwUjlWY0dxNXgxRW5ueHdveA%3Foc%3D5 "HTTP/2 200 OK"
2026-08-24 08:35:49,119 [INFO] HTTP Request: GET https://wafeeknfpzjzngzuphoz.supabase.co/rest/v1/articles?select=article_id&original_url=eq.https%3A%2F%2Fnews.google.com%2Frss%2Farticles%2FCBMijgFBVV95cUxPaXVvNUlaeE5USjVKOGE5WEpLRDA2Y0c4Z3hONXZLaXc3X2IySmlzMy1kSExBUzNRMlY5dmUyNWNnX295R0tucnRKUi1aUnJsMjkzUllJWGdzbHVtajMyVG5pWW81YUxVbzhRQUh1T3E4bTJaU3AtRlFzQ0RjUzFxc1BqMkZpNGRwVUhXTi1R%3Foc%3D5 "HTTP/2 200 OK"
2026-08-24 08:35:49,137 [INFO] HTTP Request: GET https://wafeeknfpzjzngzuphoz.supabase.co/rest/v1/articles?select=article_id&original_url=eq.https%3A%2F%2Fnews.google.com%2Frss%2Farticles%2FCBMib0FVX3lxTE1GYWxwbEp6YTFrUExYQ3J0aW1aVkdtTFptSlNqZ3dsWEdlLXI2RnJyb3UwQVhHWURDamk2UXE5N1dIMzQxZkxOT0R0V1gyUHRkYWhqdWgycHU4WHNXa2QtTUVReFpLbWZoZWlmS09nWQ%3Foc%3D5 "HTTP/2 200 OK"
2026-08-24 08:35:49,155 [INFO] HTTP Request: GET https://wafeeknfpzjzngzuphoz.supabase.co/rest/v1/articles?select=article_id&original_url=eq.https%3A%2F%2Fnews.google.com%2Frss%2Farticles%2FCBMiT0FVX3lxTFAzaWZPNVkxUlpVVTkzeEkyZURXNHppRWFtYkVEeUFCaDhTeVJFS0VubHd5Tjd6U09KRGI3ZDZYTXFNWWRQeHk5Q1F2eTlzeDQ%3Foc%3D5 "HTTP/2 200 OK"
2026-08-24 08:35:49,173 [INFO] HTTP Request: GET https://wafeeknfpzjzngzuphoz.supabase.co/rest/v1/articles?select=article_id&original_url=eq.https%3A%2F%2Fnews.google.com%2Frss%2Farticles%2FCBMiZEFVX3lxTE9Pdk1TUFhhVkFtNWhIX2VSYWpDVmZJRGhSLXN1OUdjOHV3MUZkTEwxdXltekZ3QUJPWTJVdEhpX3NhekUyUE45MEsySUQ0Y3lvZmNpeEJSdDJmMDl5UWdmTW0yUmvSAWhBVV95cUxQY0pZWjNrQkk5dmc5T21vRVFRZ05KYVlnOGRCc1I2cU1QczFoWWF0eXRBQkFLa20xRENOb1B4cnRmMmZta2lTdlljYjF3bVNzelp4enhONU52Z2twUDAxcTk2SDlTZU5ZNw%3Foc%3D5 "HTTP/2 200 OK"
2026-08-24 08:35:49,192 [INFO] HTTP Request: GET https://wafeeknfpzjzngzuphoz.supabase.co/rest/v1/articles?select=article_id&original_url=eq.https%3A%2F%2Fnews.google.com%2Frss%2Farticles%2FCBMiYEFVX3lxTE9RTWVMYXhEOGtwcjFwdzVwN1l4NUV5eThXRm9zbDVxM3lOckRZYUZIRURleUxXS0pyRWdtLVRHSy00Vjk2anRoS1BISkxweFhhUXJkVnZyRXdOcVF6M1lseQ%3Foc%3D5 "HTTP/2 200 OK"
2026-08-24 08:35:49,210 [INFO] HTTP Request: GET https://wafeeknfpzjzngzuphoz.supabase.co/rest/v1/articles?select=article_id&original_url=eq.https%3A%2F%2Fnews.google.com%2Frss%2Farticles%2FCBMic0FVX3lxTE1WUnZtUmtkcS1Ec0ppZVV4WjBnNWswaTlPY1JsOXJaWkVaai1kdjdsSXNFY2tTM2hybFJGT3pnLUZUSEp3eHYzVGtYbkhsZEYxdTRhb2JQTXd5Z1I2YXROYlhQN3d6QWJZNHNhZjZreWp3YmM%3Foc%3D5 "HTTP/2 200 OK"
2026-08-24 08:35:49,232 [INFO] HTTP Request: GET https://wafeeknfpzjzngzuphoz.supabase.co/rest/v1/articles?select=article_id&original_url=eq.https%3A%2F%2Fnews.google.com%2Frss%2Farticles%2FCBMibEFVX3lxTE1ZY01VdkJHWXZXTXcwR3Z0d05NTVJLcXQxQkE5VHU5aXpqaGVmbWRETWFsbWlld2NnU3k4NUNOdHlENzVuTENnVjZHSnE1bzhlMFR3THU5RVc3MjRkSVZMSzU1S1V6Q09QdHZUSw%3Foc%3D5 "HTTP/2 200 OK"
2026-08-24 08:35:49,841 [INFO] HTTP Request: GET https://wafeeknfpzjzngzuphoz.supabase.co/rest/v1/articles?select=article_id&original_url=eq.https%3A%2F%2Fnews.google.com%2Frss%2Farticles%2FCBMiT0FVX3lxTE9maDcxRmZfNnhvYjhGdk1Td0g3MFlvcnBFOVBBVk04aHVBd2dGZXU3NXYtc19yNk4tbXZGVUhYd0g3UlliTEgyeF9GUmgzVTQ%3Foc%3D5 "HTTP/2 200 OK"
2026-08-24 08:35:49,861 [INFO] HTTP Request: GET https://wafeeknfpzjzngzuphoz.supabase.co/rest/v1/articles?select=article_id&original_url=eq.https%3A%2F%2Fnews.google.com%2Frss%2Farticles%2FCBMiX0FVX3lxTE1hbXMxS2h2Tm12VWRsWC1fcFBTMFIwYWN2b3FtYi1HR0lMeEY0LXpzdlNmVVY1aTJPZTNBY25GRkZTR3YyVk1MQVZlbFlpXzlKWDJKTGt3cnM3ZUJ4YldN0gFkQVVfeXFMUEdnTFZKeGh6VlNzR0JxaW5hQV9aQXZYSHgxQVRXY1JCelZUcXI4engya2p3XzNPRzBWM0QtUEZhamR4ZlQ5Zk5LMGFETkZSSFdLZ1hhSmc3TGtKbVNCang1NV9DMQ%3Foc%3D5 "HTTP/2 200 OK"
2026-08-24 08:35:49,878 [INFO] HTTP Request: GET https://wafeeknfpzjzngzuphoz.supabase.co/rest/v1/articles?select=article_id&original_url=eq.https%3A%2F%2Fnews.google.com%2Frss%2Farticles%2FCBMiXEFVX3lxTE1NWUJLV3NwUG12dWdVX19fSXN4dzdLS3lxUWhMenBuSGdianduTWIzWndRdzZTck8tX2dNS1kyR0hJZEc3bVFOQlBJNjJoa2wwOFJWRS1zMExQb0gw%3Foc%3D5 "HTTP/2 200 OK"
2026-08-24 08:35:49,895 [INFO] HTTP Request: GET https://wafeeknfpzjzngzuphoz.supabase.co/rest/v1/articles?select=article_id&original_url=eq.https%3A%2F%2Fnews.google.com%2Frss%2Farticles%2FCBMiVEFVX3lxTE1Cc25YeEwxRmx1WVJwY2NzUGRXWmFSenFnNXpSbUVoampsbUd0Wl9CdlpvSGtQYnNtWXBYblg1WEFkQVJwcTk1U0FlbVJwa241U1BHbA%3Foc%3D5 "HTTP/2 200 OK"
2026-08-24 08:35:49,912 [INFO] HTTP Request: GET https://wafeeknfpzjzngzuphoz.supabase.co/rest/v1/articles?select=article_id&original_url=eq.https%3A%2F%2Fnews.google.com%2Frss%2Farticles%2FCBMiVkFVX3lxTE1LUmR1a3AyMW9vcUFiQnlIVjhpbHZCdndzdGV1RXJ2cmpiZk41ak91eEtXNWU1Tk5qdDI3ZlhEQUJRUk5hME4weFFBcWM5QlRzNmJXRW93%3Foc%3D5 "HTTP/2 200 OK"
2026-08-24 08:35:49,929 [INFO] HTTP Request: GET https://wafeeknfpzjzngzuphoz.supabase.co/rest/v1/articles?select=article_id&original_url=eq.https%3A%2F%2Fnews.google.com%2Frss%2Farticles%2FCBMiakFVX3lxTE1WRUotYjJjMmsyWTY2Y0dwSDNmaHZMOVNwNlh0YlcwTzl4d1o2OVV5Y2VGU0I1ZU1zeHZ2RS1lVTZRdy05U19oaHZRM2Z0dm9EbTFlc0h2NG5MbTZkREhQbkdWMUkzZ1BXaGc%3Foc%3D5 "HTTP/2 200 OK"
2026-08-24 08:35:49,950 [INFO] HTTP Request: GET https://wafeeknfpzjzngzuphoz.supabase.co/rest/v1/articles?select=article_id&original_url=eq.https%3A%2F%2Fnews.google.com%2Frss%2Farticles%2FCBMiWkFVX3lxTE5kZExzOWM3QngzVEVNTXhNcGVFamZDV0V2R09MSk9nUFNTeFV2Ukdfa3N5dm1idlBkdE9idXZ1em9SUlY3SlQ3ZzVmaFdoZ2Z5Tm1nS0FPR0EzZ9IBWEFVX3lxTFA1eURUamRBcHdMX0s5RXR2MTVscmpRQ21scEo5Mkw5VjRrOVdqZE1YcWhVX21WWmRVX21JTm15NVRtTzdINzBwQVVxZGdqX1ZMeHZlS2N0NFk%3Foc%3D5 "HTTP/2 200 OK"
2026-08-24 08:35:49,967 [INFO] HTTP Request: GET https://wafeeknfpzjzngzuphoz.supabase.co/rest/v1/articles?select=article_id&original_url=eq.https%3A%2F%2Fnews.google.com%2Frss%2Farticles%2FCBMiWkFVX3lxTE1tX29HeWRyYzRqbjBCWXZncF9zSXBfRnU0dVBhQzlxUk5RQmM4UFBXbFVxbGVuX09la3Uwdkh4cnRmZjhLVGFOaUlTQkZpMGZmakxDcDY4Q3Y0QQ%3Foc%3D5 "HTTP/2 200 OK"
2026-08-24 08:35:49,985 [INFO] HTTP Request: GET https://wafeeknfpzjzngzuphoz.supabase.co/rest/v1/articles?select=article_id&original_url=eq.https%3A%2F%2Fnews.google.com%2Frss%2Farticles%2FCBMiT0FVX3lxTE01QmFNZ0V5eWItT2NiWTlzbkRYS1JJU2xDVnVnTTZ6TmRtc3hybkxNTmpZUjlJZHVfWktreV9GRUt2X09Sc0ZRZ0p6ZDdaTGc%3Foc%3D5 "HTTP/2 200 OK"
2026-08-24 08:35:50,003 [INFO] HTTP Request: GET https://wafeeknfpzjzngzuphoz.supabase.co/rest/v1/articles?select=article_id&original_url=eq.https%3A%2F%2Fnews.google.com%2Frss%2Farticles%2FCBMiT0FVX3lxTE5pT2NxbXJmajNtcGRxTHZNcjlXazcwQ29IeGNUN0F3X2dUOWV2S1dDVHMyZUtrdWNoLWhXZHJ0SlJLRUNfcUNjMXR5MUpYTzQ%3Foc%3D5 "HTTP/2 200 OK"
2026-08-24 08:35:50,120 [INFO] HTTP Request: GET https://wafeeknfpzjzngzuphoz.supabase.co/rest/v1/articles?select=article_id&original_url=eq.https%3A%2F%2Fyozm.wishket.com%2Fmagazine%2Fdetail%2F3909 "HTTP/2 200 OK"
2026-08-24 08:35:50,138 [INFO] HTTP Request: GET https://wafeeknfpzjzngzuphoz.supabase.co/rest/v1/articles?select=article_id&original_url=eq.https%3A%2F%2Fyozm.wishket.com%2Fmagazine%2Fdetail%2F3908 "HTTP/2 200 OK"
2026-08-24 08:35:50,158 [INFO] HTTP Request: GET https://wafeeknfpzjzngzuphoz.supabase.co/rest/v1/articles?select=article_id&original_url=eq.https%3A%2F%2Fyozm.wishket.com%2Fmagazine%2Fdetail%2F3907 "HTTP/2 200 OK"
2026-08-24 08:35:50,177 [INFO] HTTP Request: GET https://wafeeknfpzjzngzuphoz.supabase.co/rest/v1/articles?select=article_id&original_url=eq.https%3A%2F%2Fyozm.wishket.com%2Fmagazine%2Fdetail%2F3906 "HTTP/2 200 OK"
2026-08-24 08:35:50,196 [INFO] HTTP Request: GET https://wafeeknfpzjzngzuphoz.supabase.co/rest/v1/articles?select=article_id&original_url=eq.https%3A%2F%2Fyozm.wishket.com%2Fmagazine%2Fdetail%2F3905 "HTTP/2 200 OK"
2026-08-24 08:35:50,212 [INFO] HTTP Request: GET https://wafeeknfpzjzngzuphoz.supabase.co/rest/v1/articles?select=article_id&original_url=eq.https%3A%2F%2Fyozm.wishket.com%2Fmagazine%2Fdetail%2F3904 "HTTP/2 200 OK"
2026-08-24 08:35:50,231 [INFO] HTTP Request: GET https://wafeeknfpzjzngzuphoz.supabase.co/rest/v1/articles?select=article_id&original_url=eq.https%3A%2F%2Fyozm.wishket.com%2Fmagazine%2Fdetail%2F3903 "HTTP/2 200 OK"
2026-08-24 08:35:50,249 [INFO] HTTP Request: GET https://wafeeknfpzjzngzuphoz.supabase.co/rest/v1/articles?select=article_id&original_url=eq.https%3A%2F%2Fyozm.wishket.com%2Fmagazine%2Fdetail%2F3902 "HTTP/2 200 OK"
2026-08-24 08:35:50,265 [INFO] HTTP Request: GET https://wafeeknfpzjzngzuphoz.supabase.co/rest/v1/articles?select=article_id&original_url=eq.https%3A%2F%2Fyozm.wishket.com%2Fmagazine%2Fdetail%2F3901 "HTTP/2 200 OK"
2026-08-24 08:35:50,282 [INFO] HTTP Request: GET https://wafeeknfpzjzngzuphoz.supabase.co/rest/v1/articles?select=article_id&original_url=eq.https%3A%2F%2Fyozm.wishket.com%2Fmagazine%2Fdetail%2F3900 "HTTP/2 200 OK"
2026-08-24 08:35:50,639 [INFO] HTTP Request: GET https://wafeeknfpzjzngzuphoz.supabase.co/rest/v1/articles?select=article_id&original_url=eq.https%3A%2F%2Ftechblog.woowahan.com%2F26876%2F "HTTP/2 200 OK"
2026-08-24 08:35:50,655 [INFO] HTTP Request: GET https://wafeeknfpzjzngzuphoz.supabase.co/rest/v1/articles?select=article_id&original_url=eq.https%3A%2F%2Ftechblog.woowahan.com%2F26777%2F "HTTP/2 200 OK"
2026-08-24 08:35:50,676 [INFO] HTTP Request: GET https://wafeeknfpzjzngzuphoz.supabase.co/rest/v1/articles?select=article_id&original_url=eq.https%3A%2F%2Ftechblog.woowahan.com%2F26729%2F "HTTP/2 200 OK"
2026-08-24 08:35:50,700 [INFO] HTTP Request: GET https://wafeeknfpzjzngzuphoz.supabase.co/rest/v1/articles?select=article_id&original_url=eq.https%3A%2F%2Ftechblog.woowahan.com%2F26507%2F "HTTP/2 200 OK"
2026-08-24 08:35:50,716 [INFO] HTTP Request: GET https://wafeeknfpzjzngzuphoz.supabase.co/rest/v1/articles?select=article_id&original_url=eq.https%3A%2F%2Ftechblog.woowahan.com%2F26624%2F "HTTP/2 200 OK"
2026-08-24 08:35:50,734 [INFO] HTTP Request: GET https://wafeeknfpzjzngzuphoz.supabase.co/rest/v1/articles?select=article_id&original_url=eq.https%3A%2F%2Ftechblog.woowahan.com%2F26492%2F "HTTP/2 200 OK"
2026-08-24 08:35:50,760 [INFO] HTTP Request: GET https://wafeeknfpzjzngzuphoz.supabase.co/rest/v1/articles?select=article_id&original_url=eq.https%3A%2F%2Ftechblog.woowahan.com%2F26459%2F "HTTP/2 200 OK"
2026-08-24 08:35:50,779 [INFO] HTTP Request: GET https://wafeeknfpzjzngzuphoz.supabase.co/rest/v1/articles?select=article_id&original_url=eq.https%3A%2F%2Ftechblog.woowahan.com%2F26379%2F "HTTP/2 200 OK"
2026-08-24 08:35:50,798 [INFO] HTTP Request: GET https://wafeeknfpzjzngzuphoz.supabase.co/rest/v1/articles?select=article_id&original_url=eq.https%3A%2F%2Ftechblog.woowahan.com%2F26388%2F "HTTP/2 200 OK"
2026-08-24 08:35:50,816 [INFO] HTTP Request: GET https://wafeeknfpzjzngzuphoz.supabase.co/rest/v1/articles?select=article_id&original_url=eq.https%3A%2F%2Ftechblog.woowahan.com%2F26319%2F "HTTP/2 200 OK"
2026-08-24 08:35:50,928 [INFO] HTTP Request: GET https://wafeeknfpzjzngzuphoz.supabase.co/rest/v1/articles?select=article_id&original_url=eq.https%3A%2F%2Ftech.kakao.com%2Fposts%2F829 "HTTP/2 200 OK"
2026-08-24 08:35:50,947 [INFO] HTTP Request: GET https://wafeeknfpzjzngzuphoz.supabase.co/rest/v1/articles?select=article_id&original_url=eq.https%3A%2F%2Ftech.kakao.com%2Fposts%2F828 "HTTP/2 200 OK"
2026-08-24 08:35:50,965 [INFO] HTTP Request: GET https://wafeeknfpzjzngzuphoz.supabase.co/rest/v1/articles?select=article_id&original_url=eq.https%3A%2F%2Ftech.kakao.com%2Fposts%2F827 "HTTP/2 200 OK"
2026-08-24 08:35:50,985 [INFO] HTTP Request: GET https://wafeeknfpzjzngzuphoz.supabase.co/rest/v1/articles?select=article_id&original_url=eq.https%3A%2F%2Ftech.kakao.com%2Fposts%2F826 "HTTP/2 200 OK"
2026-08-24 08:35:51,004 [INFO] HTTP Request: GET https://wafeeknfpzjzngzuphoz.supabase.co/rest/v1/articles?select=article_id&original_url=eq.https%3A%2F%2Ftech.kakao.com%2Fposts%2F825 "HTTP/2 200 OK"
2026-08-24 08:35:51,021 [INFO] HTTP Request: GET https://wafeeknfpzjzngzuphoz.supabase.co/rest/v1/articles?select=article_id&original_url=eq.https%3A%2F%2Ftech.kakao.com%2Fposts%2F824 "HTTP/2 200 OK"
2026-08-24 08:35:51,039 [INFO] HTTP Request: GET https://wafeeknfpzjzngzuphoz.supabase.co/rest/v1/articles?select=article_id&original_url=eq.https%3A%2F%2Ftech.kakao.com%2Fposts%2F823 "HTTP/2 200 OK"
2026-08-24 08:35:51,058 [INFO] HTTP Request: GET https://wafeeknfpzjzngzuphoz.supabase.co/rest/v1/articles?select=article_id&original_url=eq.https%3A%2F%2Ftech.kakao.com%2Fposts%2F818 "HTTP/2 200 OK"
2026-08-24 08:35:51,075 [INFO] HTTP Request: GET https://wafeeknfpzjzngzuphoz.supabase.co/rest/v1/articles?select=article_id&original_url=eq.https%3A%2F%2Ftech.kakao.com%2Fposts%2F822 "HTTP/2 200 OK"
2026-08-24 08:35:51,096 [INFO] HTTP Request: GET https://wafeeknfpzjzngzuphoz.supabase.co/rest/v1/articles?select=article_id&original_url=eq.https%3A%2F%2Ftech.kakao.com%2Fposts%2F821 "HTTP/2 200 OK"
2026-08-24 08:35:51,113 [INFO] HTTP Request: GET https://wafeeknfpzjzngzuphoz.supabase.co/rest/v1/articles?select=article_id%2Csource_id%2Ccategory_id%2Coriginal_url%2Ctitle%2Csummary%2Csources%28name%2Ctype%2Creliability_score%29%2Ccategories%28name%29&collected_at=gte.2026-08-24T00%3A00%3A00 "HTTP/2 200 OK"
2026-08-24 08:35:51,130 [INFO] HTTP Request: GET https://wafeeknfpzjzngzuphoz.supabase.co/rest/v1/users?select=user_id%2Cemail "HTTP/2 200 OK"
2026-08-24 08:35:51,151 [INFO] HTTP Request: GET https://wafeeknfpzjzngzuphoz.supabase.co/rest/v1/user_sources?select=source_id&user_id=eq.1 "HTTP/2 200 OK"
2026-08-24 08:35:51,169 [INFO] HTTP Request: GET https://wafeeknfpzjzngzuphoz.supabase.co/rest/v1/subscriptions?select=category_id&user_id=eq.1&is_active=eq.True "HTTP/2 200 OK"
2026-08-24 08:35:51,169 [INFO] 📊 사용자(koreajjangboy@gmail.com) 맞춤 기사 수: 0
2026-08-24 08:35:51,189 [INFO] HTTP Request: GET https://wafeeknfpzjzngzuphoz.supabase.co/rest/v1/digests?select=digest_id&user_id=eq.1&digest_date=eq.2026-08-24 "HTTP/2 200 OK"
2026-08-24 08:35:51,209 [INFO] HTTP Request: PATCH https://wafeeknfpzjzngzuphoz.supabase.co/rest/v1/digests?user_id=eq.1&digest_date=eq.2026-08-24 "HTTP/2 200 OK"
2026-08-24 08:35:51,210 [INFO] 📄 사용자(koreajjangboy@gmail.com) 개인 다이제스트 생성 완료: news/koreajjangboy_at_gmail_com/2026-08-24.html
2026-08-24 08:35:51,210 [INFO] ✅ 총 1개 신규 기사 DB 저장 및 개인별 다이제스트 생성 완료

2026-08-24 08:36:36,139 [INFO] ⚡ [--now] 옵션 감지: 즉시 수집 작업을 실행합니다.
2026-08-24 08:36:36,139 [INFO] 🚀 [Start] RSS 피드 수집 및 DB 저장 시작
2026-08-24 08:36:36,293 [INFO] HTTP Request: GET https://wafeeknfpzjzngzuphoz.supabase.co/rest/v1/sources?select=source_id%2Cname%2Curl "HTTP/2 200 OK"
2026-08-24 08:36:36,337 [INFO] HTTP Request: GET https://wafeeknfpzjzngzuphoz.supabase.co/rest/v1/categories?select=category_id%2Cname&is_active=eq.True "HTTP/2 200 OK"
2026-08-24 08:36:36,959 [INFO] HTTP Request: GET https://wafeeknfpzjzngzuphoz.supabase.co/rest/v1/articles?select=article_id&original_url=eq.https%3A%2F%2Fopenai.com%2Findex%2Fintroducing-ai-futures "HTTP/2 200 OK"
2026-08-24 08:36:37,008 [INFO] HTTP Request: GET https://wafeeknfpzjzngzuphoz.supabase.co/rest/v1/articles?select=article_id&original_url=eq.https%3A%2F%2Fopenai.com%2Findex%2Fstampli "HTTP/2 200 OK"
2026-08-24 08:36:37,036 [INFO] HTTP Request: GET https://wafeeknfpzjzngzuphoz.supabase.co/rest/v1/articles?select=article_id&original_url=eq.https%3A%2F%2Fopenai.com%2Findex%2Foffering-zero-data-retention-for-frontier-models "HTTP/2 200 OK"
2026-08-24 08:36:37,065 [INFO] HTTP Request: GET https://wafeeknfpzjzngzuphoz.supabase.co/rest/v1/articles?select=article_id&original_url=eq.https%3A%2F%2Fopenai.com%2Findex%2Freplit "HTTP/2 200 OK"
2026-08-24 08:36:37,083 [INFO] HTTP Request: GET https://wafeeknfpzjzngzuphoz.supabase.co/rest/v1/articles?select=article_id&original_url=eq.https%3A%2F%2Fopenai.com%2Findex%2Fchatgpt-ads-expands-across-europe "HTTP/2 200 OK"
2026-08-24 08:36:37,117 [INFO] HTTP Request: GET https://wafeeknfpzjzngzuphoz.supabase.co/rest/v1/articles?select=article_id&original_url=eq.https%3A%2F%2Fopenai.com%2Findex%2Fstrengthening-democratic-oversight-in-national-security "HTTP/2 200 OK"
2026-08-24 08:36:37,137 [INFO] HTTP Request: GET https://wafeeknfpzjzngzuphoz.supabase.co/rest/v1/articles?select=article_id&original_url=eq.https%3A%2F%2Fopenai.com%2Findex%2Fpartnering-with-codeai "HTTP/2 200 OK"
2026-08-24 08:36:37,156 [INFO] HTTP Request: GET https://wafeeknfpzjzngzuphoz.supabase.co/rest/v1/articles?select=article_id&original_url=eq.https%3A%2F%2Fopenai.com%2Findex%2Fpacing-model-development-cyber-capabilities "HTTP/2 200 OK"
2026-08-24 08:36:37,186 [INFO] HTTP Request: GET https://wafeeknfpzjzngzuphoz.supabase.co/rest/v1/articles?select=article_id&original_url=eq.https%3A%2F%2Fopenai.com%2Findex%2Fchatgpt-for-teens "HTTP/2 200 OK"
2026-08-24 08:36:37,218 [INFO] HTTP Request: GET https://wafeeknfpzjzngzuphoz.supabase.co/rest/v1/articles?select=article_id&original_url=eq.https%3A%2F%2Fopenai.com%2Findex%2Fnvidia%2Fchatgpt-work "HTTP/2 200 OK"
2026-08-24 08:36:38,022 [INFO] HTTP Request: GET https://wafeeknfpzjzngzuphoz.supabase.co/rest/v1/articles?select=article_id&original_url=eq.https%3A%2F%2Fblog.google%2Fproducts-and-platforms%2Fproducts%2Fsearch%2Fback-to-school-study-tools%2F "HTTP/2 200 OK"
2026-08-24 08:36:38,050 [INFO] HTTP Request: GET https://wafeeknfpzjzngzuphoz.supabase.co/rest/v1/articles?select=article_id&original_url=eq.https%3A%2F%2Fblog.google%2Fproducts-and-platforms%2Fproducts%2Fgemini%2Fgoogle-gemini-pixel-football-club-partnerships%2F "HTTP/2 200 OK"
2026-08-24 08:36:38,073 [INFO] HTTP Request: GET https://wafeeknfpzjzngzuphoz.supabase.co/rest/v1/articles?select=article_id&original_url=eq.https%3A%2F%2Fblog.google%2Fproducts-and-platforms%2Fproducts%2Fworkspace%2Fsheets-canvas-for-google-sheets-spreadsheets%2F "HTTP/2 200 OK"
2026-08-24 08:36:38,098 [INFO] HTTP Request: GET https://wafeeknfpzjzngzuphoz.supabase.co/rest/v1/articles?select=article_id&original_url=eq.https%3A%2F%2Fblog.google%2Finnovation-and-ai%2Fmodels-and-research%2Fgoogle-research%2Famie-video-consultations%2F "HTTP/2 200 OK"
2026-08-24 08:36:38,123 [INFO] HTTP Request: GET https://wafeeknfpzjzngzuphoz.supabase.co/rest/v1/articles?select=article_id&original_url=eq.https%3A%2F%2Fblog.google%2Fproducts%2Fads-commerce%2Fgoogle-ads-analytics-ai-updates%2F "HTTP/2 200 OK"
2026-08-24 08:36:38,151 [INFO] HTTP Request: GET https://wafeeknfpzjzngzuphoz.supabase.co/rest/v1/articles?select=article_id&original_url=eq.https%3A%2F%2Fblog.google%2Finnovation-and-ai%2Ftechnology%2Fai%2Fgoogle-ai-updates-july-2026%2F "HTTP/2 200 OK"
2026-08-24 08:36:38,189 [INFO] HTTP Request: GET https://wafeeknfpzjzngzuphoz.supabase.co/rest/v1/articles?select=article_id&original_url=eq.https%3A%2F%2Fblog.google%2Finnovation-and-ai%2Ftechnology%2Fdevelopers-tools%2Fai-agents-intensive-recap-2026%2F "HTTP/2 200 OK"
2026-08-24 08:36:38,220 [INFO] HTTP Request: GET https://wafeeknfpzjzngzuphoz.supabase.co/rest/v1/articles?select=article_id&original_url=eq.https%3A%2F%2Fblog.google%2Finnovation-and-ai%2Ftechnology%2Fdevelopers-tools%2Fexpanding-managed-agents-gemini-api-3-6-flash-hooks%2F "HTTP/2 200 OK"
2026-08-24 08:36:38,237 [INFO] HTTP Request: GET https://wafeeknfpzjzngzuphoz.supabase.co/rest/v1/articles?select=article_id&original_url=eq.https%3A%2F%2Fblog.google%2Fproducts-and-platforms%2Fproducts%2Fsearch%2Fai-mode-real-world-tips%2F "HTTP/2 200 OK"
2026-08-24 08:36:38,254 [INFO] HTTP Request: GET https://wafeeknfpzjzngzuphoz.supabase.co/rest/v1/articles?select=article_id&original_url=eq.https%3A%2F%2Fblog.google%2Fproducts-and-platforms%2Fproducts%2Fsearch%2Fdinner-party-hosting-tips%2F "HTTP/2 200 OK"
2026-08-24 08:36:39,507 [INFO] HTTP Request: GET https://wafeeknfpzjzngzuphoz.supabase.co/rest/v1/articles?select=article_id&original_url=eq.https%3A%2F%2Fnews.hada.io%2Ftopic%3Fid%3D32817 "HTTP/2 200 OK"
2026-08-24 08:36:39,524 [INFO] HTTP Request: GET https://wafeeknfpzjzngzuphoz.supabase.co/rest/v1/articles?select=article_id&original_url=eq.https%3A%2F%2Fnews.hada.io%2Ftopic%3Fid%3D32816 "HTTP/2 200 OK"
2026-08-24 08:36:39,543 [INFO] HTTP Request: GET https://wafeeknfpzjzngzuphoz.supabase.co/rest/v1/articles?select=article_id&original_url=eq.https%3A%2F%2Fnews.hada.io%2Ftopic%3Fid%3D32814 "HTTP/2 200 OK"
2026-08-24 08:36:39,563 [INFO] HTTP Request: GET https://wafeeknfpzjzngzuphoz.supabase.co/rest/v1/articles?select=article_id&original_url=eq.https%3A%2F%2Fnews.hada.io%2Ftopic%3Fid%3D32813 "HTTP/2 200 OK"
2026-08-24 08:36:39,600 [INFO] HTTP Request: GET https://wafeeknfpzjzngzuphoz.supabase.co/rest/v1/articles?select=article_id&original_url=eq.https%3A%2F%2Fnews.hada.io%2Ftopic%3Fid%3D32812 "HTTP/2 200 OK"
2026-08-24 08:36:39,621 [INFO] HTTP Request: GET https://wafeeknfpzjzngzuphoz.supabase.co/rest/v1/articles?select=article_id&original_url=eq.https%3A%2F%2Fnews.hada.io%2Ftopic%3Fid%3D32811 "HTTP/2 200 OK"
2026-08-24 08:36:39,642 [INFO] HTTP Request: GET https://wafeeknfpzjzngzuphoz.supabase.co/rest/v1/articles?select=article_id&original_url=eq.https%3A%2F%2Fnews.hada.io%2Ftopic%3Fid%3D32810 "HTTP/2 200 OK"
2026-08-24 08:36:39,659 [INFO] HTTP Request: GET https://wafeeknfpzjzngzuphoz.supabase.co/rest/v1/articles?select=article_id&original_url=eq.https%3A%2F%2Fnews.hada.io%2Ftopic%3Fid%3D32809 "HTTP/2 200 OK"
2026-08-24 08:36:39,679 [INFO] HTTP Request: GET https://wafeeknfpzjzngzuphoz.supabase.co/rest/v1/articles?select=article_id&original_url=eq.https%3A%2F%2Fnews.hada.io%2Ftopic%3Fid%3D32808 "HTTP/2 200 OK"
2026-08-24 08:36:39,698 [INFO] HTTP Request: GET https://wafeeknfpzjzngzuphoz.supabase.co/rest/v1/articles?select=article_id&original_url=eq.https%3A%2F%2Fnews.hada.io%2Ftopic%3Fid%3D32807 "HTTP/2 200 OK"
2026-08-24 08:36:39,770 [INFO] HTTP Request: GET https://wafeeknfpzjzngzuphoz.supabase.co/rest/v1/articles?select=article_id&original_url=eq.https%3A%2F%2Fwww.aitimes.com%2Fnews%2FarticleView.html%3Fidxno%3D214266 "HTTP/2 200 OK"
2026-08-24 08:36:39,789 [INFO] HTTP Request: GET https://wafeeknfpzjzngzuphoz.supabase.co/rest/v1/articles?select=article_id&original_url=eq.https%3A%2F%2Fwww.aitimes.com%2Fnews%2FarticleView.html%3Fidxno%3D214264 "HTTP/2 200 OK"
2026-08-24 08:36:39,808 [INFO] HTTP Request: GET https://wafeeknfpzjzngzuphoz.supabase.co/rest/v1/articles?select=article_id&original_url=eq.https%3A%2F%2Fwww.aitimes.com%2Fnews%2FarticleView.html%3Fidxno%3D214263 "HTTP/2 200 OK"
2026-08-24 08:36:39,827 [INFO] HTTP Request: GET https://wafeeknfpzjzngzuphoz.supabase.co/rest/v1/articles?select=article_id&original_url=eq.https%3A%2F%2Fwww.aitimes.com%2Fnews%2FarticleView.html%3Fidxno%3D214260 "HTTP/2 200 OK"
2026-08-24 08:36:39,845 [INFO] HTTP Request: GET https://wafeeknfpzjzngzuphoz.supabase.co/rest/v1/articles?select=article_id&original_url=eq.https%3A%2F%2Fwww.aitimes.com%2Fnews%2FarticleView.html%3Fidxno%3D214259 "HTTP/2 200 OK"
2026-08-24 08:36:39,865 [INFO] HTTP Request: GET https://wafeeknfpzjzngzuphoz.supabase.co/rest/v1/articles?select=article_id&original_url=eq.https%3A%2F%2Fwww.aitimes.com%2Fnews%2FarticleView.html%3Fidxno%3D214258 "HTTP/2 200 OK"
2026-08-24 08:36:39,882 [INFO] HTTP Request: GET https://wafeeknfpzjzngzuphoz.supabase.co/rest/v1/articles?select=article_id&original_url=eq.https%3A%2F%2Fwww.aitimes.com%2Fnews%2FarticleView.html%3Fidxno%3D214083 "HTTP/2 200 OK"
2026-08-24 08:36:39,899 [INFO] HTTP Request: GET https://wafeeknfpzjzngzuphoz.supabase.co/rest/v1/articles?select=article_id&original_url=eq.https%3A%2F%2Fwww.aitimes.com%2Fnews%2FarticleView.html%3Fidxno%3D214256 "HTTP/2 200 OK"
2026-08-24 08:36:39,916 [INFO] HTTP Request: GET https://wafeeknfpzjzngzuphoz.supabase.co/rest/v1/articles?select=article_id&original_url=eq.https%3A%2F%2Fwww.aitimes.com%2Fnews%2FarticleView.html%3Fidxno%3D214255 "HTTP/2 200 OK"
2026-08-24 08:36:39,935 [INFO] HTTP Request: GET https://wafeeknfpzjzngzuphoz.supabase.co/rest/v1/articles?select=article_id&original_url=eq.https%3A%2F%2Fwww.aitimes.com%2Fnews%2FarticleView.html%3Fidxno%3D214235 "HTTP/2 200 OK"
2026-08-24 08:36:40,448 [INFO] HTTP Request: GET https://wafeeknfpzjzngzuphoz.supabase.co/rest/v1/articles?select=article_id&original_url=eq.https%3A%2F%2Fnews.google.com%2Frss%2Farticles%2FCBMiXEFVX3lxTE9DWXkyN3hhUDFHR0tCMXdpVkt3OTAyS1dBUUN6QXBKTEpMOF9SLWJSZkl3VW5FdzE2N1JiYk13NGtFQXNnbjFZZ3Vsd3BZNGJLWDJTdVladTk0bXRi%3Foc%3D5 "HTTP/2 200 OK"
2026-08-24 08:36:40,499 [INFO] HTTP Request: GET https://wafeeknfpzjzngzuphoz.supabase.co/rest/v1/articles?select=article_id&original_url=eq.https%3A%2F%2Fnews.google.com%2Frss%2Farticles%2FCBMiVkFVX3lxTFBlSVhEWDF6dU85X3puVUswSzlXLUx4OXg5b0JZMlJYeHFXcHFsM1FLNEQ4MHQxTjlfRzZMZVhiU0JVTm5nS1paWnhEVXM1RzRmV0hWeWNR%3Foc%3D5 "HTTP/2 200 OK"
2026-08-24 08:36:40,520 [INFO] HTTP Request: GET https://wafeeknfpzjzngzuphoz.supabase.co/rest/v1/articles?select=article_id&original_url=eq.https%3A%2F%2Fnews.google.com%2Frss%2Farticles%2FCBMiSEFVX3lxTE1mczBWYm0wOEU3a2NSanExQ0V5ZjNDWmZhNURubTVxcmJDRUNjLXZzT1JmT2JlbVYwUjlWY0dxNXgxRW5ueHdveA%3Foc%3D5 "HTTP/2 200 OK"
2026-08-24 08:36:40,570 [INFO] HTTP Request: GET https://wafeeknfpzjzngzuphoz.supabase.co/rest/v1/articles?select=article_id&original_url=eq.https%3A%2F%2Fnews.google.com%2Frss%2Farticles%2FCBMijgFBVV95cUxPaXVvNUlaeE5USjVKOGE5WEpLRDA2Y0c4Z3hONXZLaXc3X2IySmlzMy1kSExBUzNRMlY5dmUyNWNnX295R0tucnRKUi1aUnJsMjkzUllJWGdzbHVtajMyVG5pWW81YUxVbzhRQUh1T3E4bTJaU3AtRlFzQ0RjUzFxc1BqMkZpNGRwVUhXTi1R%3Foc%3D5 "HTTP/2 200 OK"
2026-08-24 08:36:40,588 [INFO] HTTP Request: GET https://wafeeknfpzjzngzuphoz.supabase.co/rest/v1/articles?select=article_id&original_url=eq.https%3A%2F%2Fnews.google.com%2Frss%2Farticles%2FCBMib0FVX3lxTE1GYWxwbEp6YTFrUExYQ3J0aW1aVkdtTFptSlNqZ3dsWEdlLXI2RnJyb3UwQVhHWURDamk2UXE5N1dIMzQxZkxOT0R0V1gyUHRkYWhqdWgycHU4WHNXa2QtTUVReFpLbWZoZWlmS09nWQ%3Foc%3D5 "HTTP/2 200 OK"
2026-08-24 08:36:40,638 [INFO] HTTP Request: GET https://wafeeknfpzjzngzuphoz.supabase.co/rest/v1/articles?select=article_id&original_url=eq.https%3A%2F%2Fnews.google.com%2Frss%2Farticles%2FCBMiT0FVX3lxTFAzaWZPNVkxUlpVVTkzeEkyZURXNHppRWFtYkVEeUFCaDhTeVJFS0VubHd5Tjd6U09KRGI3ZDZYTXFNWWRQeHk5Q1F2eTlzeDQ%3Foc%3D5 "HTTP/2 200 OK"
2026-08-24 08:36:40,661 [INFO] HTTP Request: GET https://wafeeknfpzjzngzuphoz.supabase.co/rest/v1/articles?select=article_id&original_url=eq.https%3A%2F%2Fnews.google.com%2Frss%2Farticles%2FCBMiZEFVX3lxTE9Pdk1TUFhhVkFtNWhIX2VSYWpDVmZJRGhSLXN1OUdjOHV3MUZkTEwxdXltekZ3QUJPWTJVdEhpX3NhekUyUE45MEsySUQ0Y3lvZmNpeEJSdDJmMDl5UWdmTW0yUmvSAWhBVV95cUxQY0pZWjNrQkk5dmc5T21vRVFRZ05KYVlnOGRCc1I2cU1QczFoWWF0eXRBQkFLa20xRENOb1B4cnRmMmZta2lTdlljYjF3bVNzelp4enhONU52Z2twUDAxcTk2SDlTZU5ZNw%3Foc%3D5 "HTTP/2 200 OK"
2026-08-24 08:36:40,723 [INFO] HTTP Request: GET https://wafeeknfpzjzngzuphoz.supabase.co/rest/v1/articles?select=article_id&original_url=eq.https%3A%2F%2Fnews.google.com%2Frss%2Farticles%2FCBMiYEFVX3lxTE9RTWVMYXhEOGtwcjFwdzVwN1l4NUV5eThXRm9zbDVxM3lOckRZYUZIRURleUxXS0pyRWdtLVRHSy00Vjk2anRoS1BISkxweFhhUXJkVnZyRXdOcVF6M1lseQ%3Foc%3D5 "HTTP/2 200 OK"
2026-08-24 08:36:40,773 [INFO] HTTP Request: GET https://wafeeknfpzjzngzuphoz.supabase.co/rest/v1/articles?select=article_id&original_url=eq.https%3A%2F%2Fnews.google.com%2Frss%2Farticles%2FCBMic0FVX3lxTE1WUnZtUmtkcS1Ec0ppZVV4WjBnNWswaTlPY1JsOXJaWkVaai1kdjdsSXNFY2tTM2hybFJGT3pnLUZUSEp3eHYzVGtYbkhsZEYxdTRhb2JQTXd5Z1I2YXROYlhQN3d6QWJZNHNhZjZreWp3YmM%3Foc%3D5 "HTTP/2 200 OK"
2026-08-24 08:36:40,792 [INFO] HTTP Request: GET https://wafeeknfpzjzngzuphoz.supabase.co/rest/v1/articles?select=article_id&original_url=eq.https%3A%2F%2Fnews.google.com%2Frss%2Farticles%2FCBMibEFVX3lxTE1ZY01VdkJHWXZXTXcwR3Z0d05NTVJLcXQxQkE5VHU5aXpqaGVmbWRETWFsbWlld2NnU3k4NUNOdHlENzVuTENnVjZHSnE1bzhlMFR3THU5RVc3MjRkSVZMSzU1S1V6Q09QdHZUSw%3Foc%3D5 "HTTP/2 200 OK"
2026-08-24 08:36:41,544 [INFO] HTTP Request: GET https://wafeeknfpzjzngzuphoz.supabase.co/rest/v1/articles?select=article_id&original_url=eq.https%3A%2F%2Fnews.google.com%2Frss%2Farticles%2FCBMiT0FVX3lxTE9maDcxRmZfNnhvYjhGdk1Td0g3MFlvcnBFOVBBVk04aHVBd2dGZXU3NXYtc19yNk4tbXZGVUhYd0g3UlliTEgyeF9GUmgzVTQ%3Foc%3D5 "HTTP/2 200 OK"
2026-08-24 08:36:41,590 [INFO] HTTP Request: GET https://wafeeknfpzjzngzuphoz.supabase.co/rest/v1/articles?select=article_id&original_url=eq.https%3A%2F%2Fnews.google.com%2Frss%2Farticles%2FCBMiX0FVX3lxTE1hbXMxS2h2Tm12VWRsWC1fcFBTMFIwYWN2b3FtYi1HR0lMeEY0LXpzdlNmVVY1aTJPZTNBY25GRkZTR3YyVk1MQVZlbFlpXzlKWDJKTGt3cnM3ZUJ4YldN0gFkQVVfeXFMUEdnTFZKeGh6VlNzR0JxaW5hQV9aQXZYSHgxQVRXY1JCelZUcXI4engya2p3XzNPRzBWM0QtUEZhamR4ZlQ5Zk5LMGFETkZSSFdLZ1hhSmc3TGtKbVNCang1NV9DMQ%3Foc%3D5 "HTTP/2 200 OK"
2026-08-24 08:36:41,607 [INFO] HTTP Request: GET https://wafeeknfpzjzngzuphoz.supabase.co/rest/v1/articles?select=article_id&original_url=eq.https%3A%2F%2Fnews.google.com%2Frss%2Farticles%2FCBMiXEFVX3lxTE1NWUJLV3NwUG12dWdVX19fSXN4dzdLS3lxUWhMenBuSGdianduTWIzWndRdzZTck8tX2dNS1kyR0hJZEc3bVFOQlBJNjJoa2wwOFJWRS1zMExQb0gw%3Foc%3D5 "HTTP/2 200 OK"
2026-08-24 08:36:41,659 [INFO] HTTP Request: GET https://wafeeknfpzjzngzuphoz.supabase.co/rest/v1/articles?select=article_id&original_url=eq.https%3A%2F%2Fnews.google.com%2Frss%2Farticles%2FCBMiVEFVX3lxTE1Cc25YeEwxRmx1WVJwY2NzUGRXWmFSenFnNXpSbUVoampsbUd0Wl9CdlpvSGtQYnNtWXBYblg1WEFkQVJwcTk1U0FlbVJwa241U1BHbA%3Foc%3D5 "HTTP/2 200 OK"
2026-08-24 08:36:41,677 [INFO] HTTP Request: GET https://wafeeknfpzjzngzuphoz.supabase.co/rest/v1/articles?select=article_id&original_url=eq.https%3A%2F%2Fnews.google.com%2Frss%2Farticles%2FCBMiVkFVX3lxTE1LUmR1a3AyMW9vcUFiQnlIVjhpbHZCdndzdGV1RXJ2cmpiZk41ak91eEtXNWU1Tk5qdDI3ZlhEQUJRUk5hME4weFFBcWM5QlRzNmJXRW93%3Foc%3D5 "HTTP/2 200 OK"
2026-08-24 08:36:41,728 [INFO] HTTP Request: GET https://wafeeknfpzjzngzuphoz.supabase.co/rest/v1/articles?select=article_id&original_url=eq.https%3A%2F%2Fnews.google.com%2Frss%2Farticles%2FCBMiakFVX3lxTE1WRUotYjJjMmsyWTY2Y0dwSDNmaHZMOVNwNlh0YlcwTzl4d1o2OVV5Y2VGU0I1ZU1zeHZ2RS1lVTZRdy05U19oaHZRM2Z0dm9EbTFlc0h2NG5MbTZkREhQbkdWMUkzZ1BXaGc%3Foc%3D5 "HTTP/2 200 OK"
2026-08-24 08:36:41,746 [INFO] HTTP Request: GET https://wafeeknfpzjzngzuphoz.supabase.co/rest/v1/articles?select=article_id&original_url=eq.https%3A%2F%2Fnews.google.com%2Frss%2Farticles%2FCBMiWkFVX3lxTE5kZExzOWM3QngzVEVNTXhNcGVFamZDV0V2R09MSk9nUFNTeFV2Ukdfa3N5dm1idlBkdE9idXZ1em9SUlY3SlQ3ZzVmaFdoZ2Z5Tm1nS0FPR0EzZ9IBWEFVX3lxTFA1eURUamRBcHdMX0s5RXR2MTVscmpRQ21scEo5Mkw5VjRrOVdqZE1YcWhVX21WWmRVX21JTm15NVRtTzdINzBwQVVxZGdqX1ZMeHZlS2N0NFk%3Foc%3D5 "HTTP/2 200 OK"
2026-08-24 08:36:41,797 [INFO] HTTP Request: GET https://wafeeknfpzjzngzuphoz.supabase.co/rest/v1/articles?select=article_id&original_url=eq.https%3A%2F%2Fnews.google.com%2Frss%2Farticles%2FCBMiWkFVX3lxTE1tX29HeWRyYzRqbjBCWXZncF9zSXBfRnU0dVBhQzlxUk5RQmM4UFBXbFVxbGVuX09la3Uwdkh4cnRmZjhLVGFOaUlTQkZpMGZmakxDcDY4Q3Y0QQ%3Foc%3D5 "HTTP/2 200 OK"
2026-08-24 08:36:41,815 [INFO] HTTP Request: GET https://wafeeknfpzjzngzuphoz.supabase.co/rest/v1/articles?select=article_id&original_url=eq.https%3A%2F%2Fnews.google.com%2Frss%2Farticles%2FCBMiT0FVX3lxTE01QmFNZ0V5eWItT2NiWTlzbkRYS1JJU2xDVnVnTTZ6TmRtc3hybkxNTmpZUjlJZHVfWktreV9GRUt2X09Sc0ZRZ0p6ZDdaTGc%3Foc%3D5 "HTTP/2 200 OK"
2026-08-24 08:36:41,837 [INFO] HTTP Request: GET https://wafeeknfpzjzngzuphoz.supabase.co/rest/v1/articles?select=article_id&original_url=eq.https%3A%2F%2Fnews.google.com%2Frss%2Farticles%2FCBMiT0FVX3lxTE5pT2NxbXJmajNtcGRxTHZNcjlXazcwQ29IeGNUN0F3X2dUOWV2S1dDVHMyZUtrdWNoLWhXZHJ0SlJLRUNfcUNjMXR5MUpYTzQ%3Foc%3D5 "HTTP/2 200 OK"
2026-08-24 08:36:42,008 [INFO] HTTP Request: GET https://wafeeknfpzjzngzuphoz.supabase.co/rest/v1/articles?select=article_id&original_url=eq.https%3A%2F%2Fyozm.wishket.com%2Fmagazine%2Fdetail%2F3909 "HTTP/2 200 OK"
2026-08-24 08:36:42,025 [INFO] HTTP Request: GET https://wafeeknfpzjzngzuphoz.supabase.co/rest/v1/articles?select=article_id&original_url=eq.https%3A%2F%2Fyozm.wishket.com%2Fmagazine%2Fdetail%2F3908 "HTTP/2 200 OK"
2026-08-24 08:36:42,043 [INFO] HTTP Request: GET https://wafeeknfpzjzngzuphoz.supabase.co/rest/v1/articles?select=article_id&original_url=eq.https%3A%2F%2Fyozm.wishket.com%2Fmagazine%2Fdetail%2F3907 "HTTP/2 200 OK"
2026-08-24 08:36:42,060 [INFO] HTTP Request: GET https://wafeeknfpzjzngzuphoz.supabase.co/rest/v1/articles?select=article_id&original_url=eq.https%3A%2F%2Fyozm.wishket.com%2Fmagazine%2Fdetail%2F3906 "HTTP/2 200 OK"
2026-08-24 08:36:42,134 [INFO] HTTP Request: GET https://wafeeknfpzjzngzuphoz.supabase.co/rest/v1/articles?select=article_id&original_url=eq.https%3A%2F%2Fyozm.wishket.com%2Fmagazine%2Fdetail%2F3905 "HTTP/2 200 OK"
2026-08-24 08:36:42,152 [INFO] HTTP Request: GET https://wafeeknfpzjzngzuphoz.supabase.co/rest/v1/articles?select=article_id&original_url=eq.https%3A%2F%2Fyozm.wishket.com%2Fmagazine%2Fdetail%2F3904 "HTTP/2 200 OK"
2026-08-24 08:36:42,179 [INFO] HTTP Request: GET https://wafeeknfpzjzngzuphoz.supabase.co/rest/v1/articles?select=article_id&original_url=eq.https%3A%2F%2Fyozm.wishket.com%2Fmagazine%2Fdetail%2F3903 "HTTP/2 200 OK"
2026-08-24 08:36:42,196 [INFO] HTTP Request: GET https://wafeeknfpzjzngzuphoz.supabase.co/rest/v1/articles?select=article_id&original_url=eq.https%3A%2F%2Fyozm.wishket.com%2Fmagazine%2Fdetail%2F3902 "HTTP/2 200 OK"
2026-08-24 08:36:42,229 [INFO] HTTP Request: GET https://wafeeknfpzjzngzuphoz.supabase.co/rest/v1/articles?select=article_id&original_url=eq.https%3A%2F%2Fyozm.wishket.com%2Fmagazine%2Fdetail%2F3901 "HTTP/2 200 OK"
2026-08-24 08:36:42,249 [INFO] HTTP Request: GET https://wafeeknfpzjzngzuphoz.supabase.co/rest/v1/articles?select=article_id&original_url=eq.https%3A%2F%2Fyozm.wishket.com%2Fmagazine%2Fdetail%2F3900 "HTTP/2 200 OK"
2026-08-24 08:36:42,630 [INFO] HTTP Request: GET https://wafeeknfpzjzngzuphoz.supabase.co/rest/v1/articles?select=article_id&original_url=eq.https%3A%2F%2Ftechblog.woowahan.com%2F26876%2F "HTTP/2 200 OK"
2026-08-24 08:36:42,682 [INFO] HTTP Request: GET https://wafeeknfpzjzngzuphoz.supabase.co/rest/v1/articles?select=article_id&original_url=eq.https%3A%2F%2Ftechblog.woowahan.com%2F26777%2F "HTTP/2 200 OK"
2026-08-24 08:36:42,701 [INFO] HTTP Request: GET https://wafeeknfpzjzngzuphoz.supabase.co/rest/v1/articles?select=article_id&original_url=eq.https%3A%2F%2Ftechblog.woowahan.com%2F26729%2F "HTTP/2 200 OK"
2026-08-24 08:36:42,750 [INFO] HTTP Request: GET https://wafeeknfpzjzngzuphoz.supabase.co/rest/v1/articles?select=article_id&original_url=eq.https%3A%2F%2Ftechblog.woowahan.com%2F26507%2F "HTTP/2 200 OK"
2026-08-24 08:36:42,769 [INFO] HTTP Request: GET https://wafeeknfpzjzngzuphoz.supabase.co/rest/v1/articles?select=article_id&original_url=eq.https%3A%2F%2Ftechblog.woowahan.com%2F26624%2F "HTTP/2 200 OK"
2026-08-24 08:36:42,821 [INFO] HTTP Request: GET https://wafeeknfpzjzngzuphoz.supabase.co/rest/v1/articles?select=article_id&original_url=eq.https%3A%2F%2Ftechblog.woowahan.com%2F26492%2F "HTTP/2 200 OK"
2026-08-24 08:36:42,839 [INFO] HTTP Request: GET https://wafeeknfpzjzngzuphoz.supabase.co/rest/v1/articles?select=article_id&original_url=eq.https%3A%2F%2Ftechblog.woowahan.com%2F26459%2F "HTTP/2 200 OK"
2026-08-24 08:36:42,888 [INFO] HTTP Request: GET https://wafeeknfpzjzngzuphoz.supabase.co/rest/v1/articles?select=article_id&original_url=eq.https%3A%2F%2Ftechblog.woowahan.com%2F26379%2F "HTTP/2 200 OK"
2026-08-24 08:36:42,905 [INFO] HTTP Request: GET https://wafeeknfpzjzngzuphoz.supabase.co/rest/v1/articles?select=article_id&original_url=eq.https%3A%2F%2Ftechblog.woowahan.com%2F26388%2F "HTTP/2 200 OK"
2026-08-24 08:36:42,957 [INFO] HTTP Request: GET https://wafeeknfpzjzngzuphoz.supabase.co/rest/v1/articles?select=article_id&original_url=eq.https%3A%2F%2Ftechblog.woowahan.com%2F26319%2F "HTTP/2 200 OK"
2026-08-24 08:36:43,186 [INFO] HTTP Request: GET https://wafeeknfpzjzngzuphoz.supabase.co/rest/v1/articles?select=article_id&original_url=eq.https%3A%2F%2Ftech.kakao.com%2Fposts%2F829 "HTTP/2 200 OK"
2026-08-24 08:36:43,246 [INFO] HTTP Request: GET https://wafeeknfpzjzngzuphoz.supabase.co/rest/v1/articles?select=article_id&original_url=eq.https%3A%2F%2Ftech.kakao.com%2Fposts%2F828 "HTTP/2 200 OK"
2026-08-24 08:36:43,300 [INFO] HTTP Request: GET https://wafeeknfpzjzngzuphoz.supabase.co/rest/v1/articles?select=article_id&original_url=eq.https%3A%2F%2Ftech.kakao.com%2Fposts%2F827 "HTTP/2 200 OK"
2026-08-24 08:36:43,320 [INFO] HTTP Request: GET https://wafeeknfpzjzngzuphoz.supabase.co/rest/v1/articles?select=article_id&original_url=eq.https%3A%2F%2Ftech.kakao.com%2Fposts%2F826 "HTTP/2 200 OK"
2026-08-24 08:36:43,368 [INFO] HTTP Request: GET https://wafeeknfpzjzngzuphoz.supabase.co/rest/v1/articles?select=article_id&original_url=eq.https%3A%2F%2Ftech.kakao.com%2Fposts%2F825 "HTTP/2 200 OK"
2026-08-24 08:36:43,387 [INFO] HTTP Request: GET https://wafeeknfpzjzngzuphoz.supabase.co/rest/v1/articles?select=article_id&original_url=eq.https%3A%2F%2Ftech.kakao.com%2Fposts%2F824 "HTTP/2 200 OK"
2026-08-24 08:36:43,430 [INFO] HTTP Request: GET https://wafeeknfpzjzngzuphoz.supabase.co/rest/v1/articles?select=article_id&original_url=eq.https%3A%2F%2Ftech.kakao.com%2Fposts%2F823 "HTTP/2 200 OK"
2026-08-24 08:36:43,466 [INFO] HTTP Request: GET https://wafeeknfpzjzngzuphoz.supabase.co/rest/v1/articles?select=article_id&original_url=eq.https%3A%2F%2Ftech.kakao.com%2Fposts%2F818 "HTTP/2 200 OK"
2026-08-24 08:36:43,513 [INFO] HTTP Request: GET https://wafeeknfpzjzngzuphoz.supabase.co/rest/v1/articles?select=article_id&original_url=eq.https%3A%2F%2Ftech.kakao.com%2Fposts%2F822 "HTTP/2 200 OK"
2026-08-24 08:36:43,531 [INFO] HTTP Request: GET https://wafeeknfpzjzngzuphoz.supabase.co/rest/v1/articles?select=article_id&original_url=eq.https%3A%2F%2Ftech.kakao.com%2Fposts%2F821 "HTTP/2 200 OK"
2026-08-24 08:36:43,574 [INFO] HTTP Request: GET https://wafeeknfpzjzngzuphoz.supabase.co/rest/v1/articles?select=article_id%2Csource_id%2Ccategory_id%2Coriginal_url%2Ctitle%2Csummary%2Csources%28name%2Ctype%2Creliability_score%29%2Ccategories%28name%29&collected_at=gte.2026-08-24T00%3A00%3A00 "HTTP/2 200 OK"
2026-08-24 08:36:43,593 [INFO] HTTP Request: GET https://wafeeknfpzjzngzuphoz.supabase.co/rest/v1/users?select=user_id%2Cemail "HTTP/2 200 OK"
2026-08-24 08:36:43,612 [INFO] HTTP Request: GET https://wafeeknfpzjzngzuphoz.supabase.co/rest/v1/user_sources?select=source_id&user_id=eq.1 "HTTP/2 200 OK"
2026-08-24 08:36:43,632 [INFO] HTTP Request: GET https://wafeeknfpzjzngzuphoz.supabase.co/rest/v1/subscriptions?select=category_id&user_id=eq.1&is_active=eq.True "HTTP/2 200 OK"
2026-08-24 08:36:43,632 [INFO] 📊 사용자(koreajjangboy@gmail.com) 맞춤 기사 수: 0
2026-08-24 08:36:43,652 [INFO] HTTP Request: GET https://wafeeknfpzjzngzuphoz.supabase.co/rest/v1/digests?select=digest_id&user_id=eq.1&digest_date=eq.2026-08-24 "HTTP/2 200 OK"
2026-08-24 08:36:43,672 [INFO] HTTP Request: PATCH https://wafeeknfpzjzngzuphoz.supabase.co/rest/v1/digests?user_id=eq.1&digest_date=eq.2026-08-24 "HTTP/2 200 OK"
2026-08-24 08:36:43,673 [INFO] 📄 사용자(koreajjangboy@gmail.com) 개인 다이제스트 생성 완료: news/koreajjangboy_at_gmail_com/2026-08-24.html
2026-08-24 08:36:43,673 [INFO] ✅ 총 0개 신규 기사 DB 저장 및 개인별 다이제스트 생성 완료

2026-08-24 08:37:35,995 [INFO] ⚡ [--now] 옵션 감지: 즉시 수집 작업을 실행합니다.
2026-08-24 08:37:35,995 [INFO] 🚀 [Start] RSS 피드 수집 및 DB 저장 시작
2026-08-24 08:37:36,061 [INFO] HTTP Request: GET https://wafeeknfpzjzngzuphoz.supabase.co/rest/v1/sources?select=source_id%2Cname%2Curl "HTTP/2 200 OK"
2026-08-24 08:37:36,092 [INFO] HTTP Request: GET https://wafeeknfpzjzngzuphoz.supabase.co/rest/v1/categories?select=category_id%2Cname&is_active=eq.True "HTTP/2 200 OK"
2026-08-24 08:37:36,564 [INFO] HTTP Request: GET https://wafeeknfpzjzngzuphoz.supabase.co/rest/v1/articles?select=article_id&original_url=eq.https%3A%2F%2Fopenai.com%2Findex%2Fintroducing-ai-futures "HTTP/2 200 OK"
2026-08-24 08:37:36,592 [INFO] HTTP Request: GET https://wafeeknfpzjzngzuphoz.supabase.co/rest/v1/articles?select=article_id&original_url=eq.https%3A%2F%2Fopenai.com%2Findex%2Fstampli "HTTP/2 200 OK"
2026-08-24 08:37:36,623 [INFO] HTTP Request: GET https://wafeeknfpzjzngzuphoz.supabase.co/rest/v1/articles?select=article_id&original_url=eq.https%3A%2F%2Fopenai.com%2Findex%2Foffering-zero-data-retention-for-frontier-models "HTTP/2 200 OK"
2026-08-24 08:37:36,640 [INFO] HTTP Request: GET https://wafeeknfpzjzngzuphoz.supabase.co/rest/v1/articles?select=article_id&original_url=eq.https%3A%2F%2Fopenai.com%2Findex%2Freplit "HTTP/2 200 OK"
2026-08-24 08:37:36,669 [INFO] HTTP Request: GET https://wafeeknfpzjzngzuphoz.supabase.co/rest/v1/articles?select=article_id&original_url=eq.https%3A%2F%2Fopenai.com%2Findex%2Fchatgpt-ads-expands-across-europe "HTTP/2 200 OK"
2026-08-24 08:37:36,687 [INFO] HTTP Request: GET https://wafeeknfpzjzngzuphoz.supabase.co/rest/v1/articles?select=article_id&original_url=eq.https%3A%2F%2Fopenai.com%2Findex%2Fstrengthening-democratic-oversight-in-national-security "HTTP/2 200 OK"
2026-08-24 08:37:36,704 [INFO] HTTP Request: GET https://wafeeknfpzjzngzuphoz.supabase.co/rest/v1/articles?select=article_id&original_url=eq.https%3A%2F%2Fopenai.com%2Findex%2Fpartnering-with-codeai "HTTP/2 200 OK"
2026-08-24 08:37:36,720 [INFO] HTTP Request: GET https://wafeeknfpzjzngzuphoz.supabase.co/rest/v1/articles?select=article_id&original_url=eq.https%3A%2F%2Fopenai.com%2Findex%2Fpacing-model-development-cyber-capabilities "HTTP/2 200 OK"
2026-08-24 08:37:36,736 [INFO] HTTP Request: GET https://wafeeknfpzjzngzuphoz.supabase.co/rest/v1/articles?select=article_id&original_url=eq.https%3A%2F%2Fopenai.com%2Findex%2Fchatgpt-for-teens "HTTP/2 200 OK"
2026-08-24 08:37:36,754 [INFO] HTTP Request: GET https://wafeeknfpzjzngzuphoz.supabase.co/rest/v1/articles?select=article_id&original_url=eq.https%3A%2F%2Fopenai.com%2Findex%2Fnvidia%2Fchatgpt-work "HTTP/2 200 OK"
2026-08-24 08:37:37,518 [INFO] HTTP Request: GET https://wafeeknfpzjzngzuphoz.supabase.co/rest/v1/articles?select=article_id&original_url=eq.https%3A%2F%2Fblog.google%2Fproducts-and-platforms%2Fproducts%2Fsearch%2Fback-to-school-study-tools%2F "HTTP/2 200 OK"
2026-08-24 08:37:37,534 [INFO] HTTP Request: GET https://wafeeknfpzjzngzuphoz.supabase.co/rest/v1/articles?select=article_id&original_url=eq.https%3A%2F%2Fblog.google%2Fproducts-and-platforms%2Fproducts%2Fgemini%2Fgoogle-gemini-pixel-football-club-partnerships%2F "HTTP/2 200 OK"
2026-08-24 08:37:37,551 [INFO] HTTP Request: GET https://wafeeknfpzjzngzuphoz.supabase.co/rest/v1/articles?select=article_id&original_url=eq.https%3A%2F%2Fblog.google%2Fproducts-and-platforms%2Fproducts%2Fworkspace%2Fsheets-canvas-for-google-sheets-spreadsheets%2F "HTTP/2 200 OK"
2026-08-24 08:37:37,568 [INFO] HTTP Request: GET https://wafeeknfpzjzngzuphoz.supabase.co/rest/v1/articles?select=article_id&original_url=eq.https%3A%2F%2Fblog.google%2Finnovation-and-ai%2Fmodels-and-research%2Fgoogle-research%2Famie-video-consultations%2F "HTTP/2 200 OK"
2026-08-24 08:37:37,585 [INFO] HTTP Request: GET https://wafeeknfpzjzngzuphoz.supabase.co/rest/v1/articles?select=article_id&original_url=eq.https%3A%2F%2Fblog.google%2Fproducts%2Fads-commerce%2Fgoogle-ads-analytics-ai-updates%2F "HTTP/2 200 OK"
2026-08-24 08:37:37,602 [INFO] HTTP Request: GET https://wafeeknfpzjzngzuphoz.supabase.co/rest/v1/articles?select=article_id&original_url=eq.https%3A%2F%2Fblog.google%2Finnovation-and-ai%2Ftechnology%2Fai%2Fgoogle-ai-updates-july-2026%2F "HTTP/2 200 OK"
2026-08-24 08:37:37,622 [INFO] HTTP Request: GET https://wafeeknfpzjzngzuphoz.supabase.co/rest/v1/articles?select=article_id&original_url=eq.https%3A%2F%2Fblog.google%2Finnovation-and-ai%2Ftechnology%2Fdevelopers-tools%2Fai-agents-intensive-recap-2026%2F "HTTP/2 200 OK"
2026-08-24 08:37:37,639 [INFO] HTTP Request: GET https://wafeeknfpzjzngzuphoz.supabase.co/rest/v1/articles?select=article_id&original_url=eq.https%3A%2F%2Fblog.google%2Finnovation-and-ai%2Ftechnology%2Fdevelopers-tools%2Fexpanding-managed-agents-gemini-api-3-6-flash-hooks%2F "HTTP/2 200 OK"
2026-08-24 08:37:37,658 [INFO] HTTP Request: GET https://wafeeknfpzjzngzuphoz.supabase.co/rest/v1/articles?select=article_id&original_url=eq.https%3A%2F%2Fblog.google%2Fproducts-and-platforms%2Fproducts%2Fsearch%2Fai-mode-real-world-tips%2F "HTTP/2 200 OK"
2026-08-24 08:37:37,675 [INFO] HTTP Request: GET https://wafeeknfpzjzngzuphoz.supabase.co/rest/v1/articles?select=article_id&original_url=eq.https%3A%2F%2Fblog.google%2Fproducts-and-platforms%2Fproducts%2Fsearch%2Fdinner-party-hosting-tips%2F "HTTP/2 200 OK"
2026-08-24 08:37:38,383 [INFO] HTTP Request: GET https://wafeeknfpzjzngzuphoz.supabase.co/rest/v1/articles?select=article_id&original_url=eq.https%3A%2F%2Fnews.hada.io%2Ftopic%3Fid%3D32817 "HTTP/2 200 OK"
2026-08-24 08:37:38,401 [INFO] HTTP Request: GET https://wafeeknfpzjzngzuphoz.supabase.co/rest/v1/articles?select=article_id&original_url=eq.https%3A%2F%2Fnews.hada.io%2Ftopic%3Fid%3D32816 "HTTP/2 200 OK"
2026-08-24 08:37:38,418 [INFO] HTTP Request: GET https://wafeeknfpzjzngzuphoz.supabase.co/rest/v1/articles?select=article_id&original_url=eq.https%3A%2F%2Fnews.hada.io%2Ftopic%3Fid%3D32814 "HTTP/2 200 OK"
2026-08-24 08:37:38,434 [INFO] HTTP Request: GET https://wafeeknfpzjzngzuphoz.supabase.co/rest/v1/articles?select=article_id&original_url=eq.https%3A%2F%2Fnews.hada.io%2Ftopic%3Fid%3D32813 "HTTP/2 200 OK"
2026-08-24 08:37:38,451 [INFO] HTTP Request: GET https://wafeeknfpzjzngzuphoz.supabase.co/rest/v1/articles?select=article_id&original_url=eq.https%3A%2F%2Fnews.hada.io%2Ftopic%3Fid%3D32812 "HTTP/2 200 OK"
2026-08-24 08:37:38,467 [INFO] HTTP Request: GET https://wafeeknfpzjzngzuphoz.supabase.co/rest/v1/articles?select=article_id&original_url=eq.https%3A%2F%2Fnews.hada.io%2Ftopic%3Fid%3D32811 "HTTP/2 200 OK"
2026-08-24 08:37:38,485 [INFO] HTTP Request: GET https://wafeeknfpzjzngzuphoz.supabase.co/rest/v1/articles?select=article_id&original_url=eq.https%3A%2F%2Fnews.hada.io%2Ftopic%3Fid%3D32810 "HTTP/2 200 OK"
2026-08-24 08:37:38,506 [INFO] HTTP Request: GET https://wafeeknfpzjzngzuphoz.supabase.co/rest/v1/articles?select=article_id&original_url=eq.https%3A%2F%2Fnews.hada.io%2Ftopic%3Fid%3D32809 "HTTP/2 200 OK"
2026-08-24 08:37:38,524 [INFO] HTTP Request: GET https://wafeeknfpzjzngzuphoz.supabase.co/rest/v1/articles?select=article_id&original_url=eq.https%3A%2F%2Fnews.hada.io%2Ftopic%3Fid%3D32808 "HTTP/2 200 OK"
2026-08-24 08:37:38,541 [INFO] HTTP Request: GET https://wafeeknfpzjzngzuphoz.supabase.co/rest/v1/articles?select=article_id&original_url=eq.https%3A%2F%2Fnews.hada.io%2Ftopic%3Fid%3D32807 "HTTP/2 200 OK"
2026-08-24 08:37:38,638 [INFO] HTTP Request: GET https://wafeeknfpzjzngzuphoz.supabase.co/rest/v1/articles?select=article_id&original_url=eq.https%3A%2F%2Fwww.aitimes.com%2Fnews%2FarticleView.html%3Fidxno%3D214266 "HTTP/2 200 OK"
2026-08-24 08:37:38,656 [INFO] HTTP Request: GET https://wafeeknfpzjzngzuphoz.supabase.co/rest/v1/articles?select=article_id&original_url=eq.https%3A%2F%2Fwww.aitimes.com%2Fnews%2FarticleView.html%3Fidxno%3D214264 "HTTP/2 200 OK"
2026-08-24 08:37:38,674 [INFO] HTTP Request: GET https://wafeeknfpzjzngzuphoz.supabase.co/rest/v1/articles?select=article_id&original_url=eq.https%3A%2F%2Fwww.aitimes.com%2Fnews%2FarticleView.html%3Fidxno%3D214263 "HTTP/2 200 OK"
2026-08-24 08:37:38,692 [INFO] HTTP Request: GET https://wafeeknfpzjzngzuphoz.supabase.co/rest/v1/articles?select=article_id&original_url=eq.https%3A%2F%2Fwww.aitimes.com%2Fnews%2FarticleView.html%3Fidxno%3D214260 "HTTP/2 200 OK"
2026-08-24 08:37:38,709 [INFO] HTTP Request: GET https://wafeeknfpzjzngzuphoz.supabase.co/rest/v1/articles?select=article_id&original_url=eq.https%3A%2F%2Fwww.aitimes.com%2Fnews%2FarticleView.html%3Fidxno%3D214259 "HTTP/2 200 OK"
2026-08-24 08:37:38,726 [INFO] HTTP Request: GET https://wafeeknfpzjzngzuphoz.supabase.co/rest/v1/articles?select=article_id&original_url=eq.https%3A%2F%2Fwww.aitimes.com%2Fnews%2FarticleView.html%3Fidxno%3D214258 "HTTP/2 200 OK"
2026-08-24 08:37:38,743 [INFO] HTTP Request: GET https://wafeeknfpzjzngzuphoz.supabase.co/rest/v1/articles?select=article_id&original_url=eq.https%3A%2F%2Fwww.aitimes.com%2Fnews%2FarticleView.html%3Fidxno%3D214083 "HTTP/2 200 OK"
2026-08-24 08:37:38,763 [INFO] HTTP Request: GET https://wafeeknfpzjzngzuphoz.supabase.co/rest/v1/articles?select=article_id&original_url=eq.https%3A%2F%2Fwww.aitimes.com%2Fnews%2FarticleView.html%3Fidxno%3D214256 "HTTP/2 200 OK"
2026-08-24 08:37:38,781 [INFO] HTTP Request: GET https://wafeeknfpzjzngzuphoz.supabase.co/rest/v1/articles?select=article_id&original_url=eq.https%3A%2F%2Fwww.aitimes.com%2Fnews%2FarticleView.html%3Fidxno%3D214255 "HTTP/2 200 OK"
2026-08-24 08:37:38,798 [INFO] HTTP Request: GET https://wafeeknfpzjzngzuphoz.supabase.co/rest/v1/articles?select=article_id&original_url=eq.https%3A%2F%2Fwww.aitimes.com%2Fnews%2FarticleView.html%3Fidxno%3D214235 "HTTP/2 200 OK"
2026-08-24 08:37:38,957 [INFO] HTTP Request: GET https://wafeeknfpzjzngzuphoz.supabase.co/rest/v1/articles?select=article_id&original_url=eq.https%3A%2F%2Fnews.google.com%2Frss%2Farticles%2FCBMiXEFVX3lxTE9DWXkyN3hhUDFHR0tCMXdpVkt3OTAyS1dBUUN6QXBKTEpMOF9SLWJSZkl3VW5FdzE2N1JiYk13NGtFQXNnbjFZZ3Vsd3BZNGJLWDJTdVladTk0bXRi%3Foc%3D5 "HTTP/2 200 OK"
2026-08-24 08:37:38,974 [INFO] HTTP Request: GET https://wafeeknfpzjzngzuphoz.supabase.co/rest/v1/articles?select=article_id&original_url=eq.https%3A%2F%2Fnews.google.com%2Frss%2Farticles%2FCBMiVkFVX3lxTFBlSVhEWDF6dU85X3puVUswSzlXLUx4OXg5b0JZMlJYeHFXcHFsM1FLNEQ4MHQxTjlfRzZMZVhiU0JVTm5nS1paWnhEVXM1RzRmV0hWeWNR%3Foc%3D5 "HTTP/2 200 OK"
2026-08-24 08:37:38,992 [INFO] HTTP Request: GET https://wafeeknfpzjzngzuphoz.supabase.co/rest/v1/articles?select=article_id&original_url=eq.https%3A%2F%2Fnews.google.com%2Frss%2Farticles%2FCBMiSEFVX3lxTE1mczBWYm0wOEU3a2NSanExQ0V5ZjNDWmZhNURubTVxcmJDRUNjLXZzT1JmT2JlbVYwUjlWY0dxNXgxRW5ueHdveA%3Foc%3D5 "HTTP/2 200 OK"
2026-08-24 08:37:39,010 [INFO] HTTP Request: GET https://wafeeknfpzjzngzuphoz.supabase.co/rest/v1/articles?select=article_id&original_url=eq.https%3A%2F%2Fnews.google.com%2Frss%2Farticles%2FCBMijgFBVV95cUxPaXVvNUlaeE5USjVKOGE5WEpLRDA2Y0c4Z3hONXZLaXc3X2IySmlzMy1kSExBUzNRMlY5dmUyNWNnX295R0tucnRKUi1aUnJsMjkzUllJWGdzbHVtajMyVG5pWW81YUxVbzhRQUh1T3E4bTJaU3AtRlFzQ0RjUzFxc1BqMkZpNGRwVUhXTi1R%3Foc%3D5 "HTTP/2 200 OK"
2026-08-24 08:37:39,028 [INFO] HTTP Request: GET https://wafeeknfpzjzngzuphoz.supabase.co/rest/v1/articles?select=article_id&original_url=eq.https%3A%2F%2Fnews.google.com%2Frss%2Farticles%2FCBMib0FVX3lxTE1GYWxwbEp6YTFrUExYQ3J0aW1aVkdtTFptSlNqZ3dsWEdlLXI2RnJyb3UwQVhHWURDamk2UXE5N1dIMzQxZkxOT0R0V1gyUHRkYWhqdWgycHU4WHNXa2QtTUVReFpLbWZoZWlmS09nWQ%3Foc%3D5 "HTTP/2 200 OK"
2026-08-24 08:37:39,045 [INFO] HTTP Request: GET https://wafeeknfpzjzngzuphoz.supabase.co/rest/v1/articles?select=article_id&original_url=eq.https%3A%2F%2Fnews.google.com%2Frss%2Farticles%2FCBMiT0FVX3lxTFAzaWZPNVkxUlpVVTkzeEkyZURXNHppRWFtYkVEeUFCaDhTeVJFS0VubHd5Tjd6U09KRGI3ZDZYTXFNWWRQeHk5Q1F2eTlzeDQ%3Foc%3D5 "HTTP/2 200 OK"
2026-08-24 08:37:39,062 [INFO] HTTP Request: GET https://wafeeknfpzjzngzuphoz.supabase.co/rest/v1/articles?select=article_id&original_url=eq.https%3A%2F%2Fnews.google.com%2Frss%2Farticles%2FCBMiZEFVX3lxTE9Pdk1TUFhhVkFtNWhIX2VSYWpDVmZJRGhSLXN1OUdjOHV3MUZkTEwxdXltekZ3QUJPWTJVdEhpX3NhekUyUE45MEsySUQ0Y3lvZmNpeEJSdDJmMDl5UWdmTW0yUmvSAWhBVV95cUxQY0pZWjNrQkk5dmc5T21vRVFRZ05KYVlnOGRCc1I2cU1QczFoWWF0eXRBQkFLa20xRENOb1B4cnRmMmZta2lTdlljYjF3bVNzelp4enhONU52Z2twUDAxcTk2SDlTZU5ZNw%3Foc%3D5 "HTTP/2 200 OK"
2026-08-24 08:37:39,083 [INFO] HTTP Request: GET https://wafeeknfpzjzngzuphoz.supabase.co/rest/v1/articles?select=article_id&original_url=eq.https%3A%2F%2Fnews.google.com%2Frss%2Farticles%2FCBMiYEFVX3lxTE9RTWVMYXhEOGtwcjFwdzVwN1l4NUV5eThXRm9zbDVxM3lOckRZYUZIRURleUxXS0pyRWdtLVRHSy00Vjk2anRoS1BISkxweFhhUXJkVnZyRXdOcVF6M1lseQ%3Foc%3D5 "HTTP/2 200 OK"
2026-08-24 08:37:39,101 [INFO] HTTP Request: GET https://wafeeknfpzjzngzuphoz.supabase.co/rest/v1/articles?select=article_id&original_url=eq.https%3A%2F%2Fnews.google.com%2Frss%2Farticles%2FCBMic0FVX3lxTE1WUnZtUmtkcS1Ec0ppZVV4WjBnNWswaTlPY1JsOXJaWkVaai1kdjdsSXNFY2tTM2hybFJGT3pnLUZUSEp3eHYzVGtYbkhsZEYxdTRhb2JQTXd5Z1I2YXROYlhQN3d6QWJZNHNhZjZreWp3YmM%3Foc%3D5 "HTTP/2 200 OK"
2026-08-24 08:37:39,118 [INFO] HTTP Request: GET https://wafeeknfpzjzngzuphoz.supabase.co/rest/v1/articles?select=article_id&original_url=eq.https%3A%2F%2Fnews.google.com%2Frss%2Farticles%2FCBMibEFVX3lxTE1ZY01VdkJHWXZXTXcwR3Z0d05NTVJLcXQxQkE5VHU5aXpqaGVmbWRETWFsbWlld2NnU3k4NUNOdHlENzVuTENnVjZHSnE1bzhlMFR3THU5RVc3MjRkSVZMSzU1S1V6Q09QdHZUSw%3Foc%3D5 "HTTP/2 200 OK"
2026-08-24 08:37:39,316 [INFO] HTTP Request: GET https://wafeeknfpzjzngzuphoz.supabase.co/rest/v1/articles?select=article_id&original_url=eq.https%3A%2F%2Fnews.google.com%2Frss%2Farticles%2FCBMiT0FVX3lxTE9maDcxRmZfNnhvYjhGdk1Td0g3MFlvcnBFOVBBVk04aHVBd2dGZXU3NXYtc19yNk4tbXZGVUhYd0g3UlliTEgyeF9GUmgzVTQ%3Foc%3D5 "HTTP/2 200 OK"
2026-08-24 08:37:39,335 [INFO] HTTP Request: GET https://wafeeknfpzjzngzuphoz.supabase.co/rest/v1/articles?select=article_id&original_url=eq.https%3A%2F%2Fnews.google.com%2Frss%2Farticles%2FCBMiX0FVX3lxTE1hbXMxS2h2Tm12VWRsWC1fcFBTMFIwYWN2b3FtYi1HR0lMeEY0LXpzdlNmVVY1aTJPZTNBY25GRkZTR3YyVk1MQVZlbFlpXzlKWDJKTGt3cnM3ZUJ4YldN0gFkQVVfeXFMUEdnTFZKeGh6VlNzR0JxaW5hQV9aQXZYSHgxQVRXY1JCelZUcXI4engya2p3XzNPRzBWM0QtUEZhamR4ZlQ5Zk5LMGFETkZSSFdLZ1hhSmc3TGtKbVNCang1NV9DMQ%3Foc%3D5 "HTTP/2 200 OK"
2026-08-24 08:37:39,354 [INFO] HTTP Request: GET https://wafeeknfpzjzngzuphoz.supabase.co/rest/v1/articles?select=article_id&original_url=eq.https%3A%2F%2Fnews.google.com%2Frss%2Farticles%2FCBMiXEFVX3lxTE1NWUJLV3NwUG12dWdVX19fSXN4dzdLS3lxUWhMenBuSGdianduTWIzWndRdzZTck8tX2dNS1kyR0hJZEc3bVFOQlBJNjJoa2wwOFJWRS1zMExQb0gw%3Foc%3D5 "HTTP/2 200 OK"
2026-08-24 08:37:39,372 [INFO] HTTP Request: GET https://wafeeknfpzjzngzuphoz.supabase.co/rest/v1/articles?select=article_id&original_url=eq.https%3A%2F%2Fnews.google.com%2Frss%2Farticles%2FCBMiVEFVX3lxTE1Cc25YeEwxRmx1WVJwY2NzUGRXWmFSenFnNXpSbUVoampsbUd0Wl9CdlpvSGtQYnNtWXBYblg1WEFkQVJwcTk1U0FlbVJwa241U1BHbA%3Foc%3D5 "HTTP/2 200 OK"
2026-08-24 08:37:39,391 [INFO] HTTP Request: GET https://wafeeknfpzjzngzuphoz.supabase.co/rest/v1/articles?select=article_id&original_url=eq.https%3A%2F%2Fnews.google.com%2Frss%2Farticles%2FCBMiVkFVX3lxTE1LUmR1a3AyMW9vcUFiQnlIVjhpbHZCdndzdGV1RXJ2cmpiZk41ak91eEtXNWU1Tk5qdDI3ZlhEQUJRUk5hME4weFFBcWM5QlRzNmJXRW93%3Foc%3D5 "HTTP/2 200 OK"
2026-08-24 08:37:39,409 [INFO] HTTP Request: GET https://wafeeknfpzjzngzuphoz.supabase.co/rest/v1/articles?select=article_id&original_url=eq.https%3A%2F%2Fnews.google.com%2Frss%2Farticles%2FCBMiakFVX3lxTE1WRUotYjJjMmsyWTY2Y0dwSDNmaHZMOVNwNlh0YlcwTzl4d1o2OVV5Y2VGU0I1ZU1zeHZ2RS1lVTZRdy05U19oaHZRM2Z0dm9EbTFlc0h2NG5MbTZkREhQbkdWMUkzZ1BXaGc%3Foc%3D5 "HTTP/2 200 OK"
2026-08-24 08:37:39,427 [INFO] HTTP Request: GET https://wafeeknfpzjzngzuphoz.supabase.co/rest/v1/articles?select=article_id&original_url=eq.https%3A%2F%2Fnews.google.com%2Frss%2Farticles%2FCBMiWkFVX3lxTE5kZExzOWM3QngzVEVNTXhNcGVFamZDV0V2R09MSk9nUFNTeFV2Ukdfa3N5dm1idlBkdE9idXZ1em9SUlY3SlQ3ZzVmaFdoZ2Z5Tm1nS0FPR0EzZ9IBWEFVX3lxTFA1eURUamRBcHdMX0s5RXR2MTVscmpRQ21scEo5Mkw5VjRrOVdqZE1YcWhVX21WWmRVX21JTm15NVRtTzdINzBwQVVxZGdqX1ZMeHZlS2N0NFk%3Foc%3D5 "HTTP/2 200 OK"
2026-08-24 08:37:39,444 [INFO] HTTP Request: GET https://wafeeknfpzjzngzuphoz.supabase.co/rest/v1/articles?select=article_id&original_url=eq.https%3A%2F%2Fnews.google.com%2Frss%2Farticles%2FCBMiWkFVX3lxTE1tX29HeWRyYzRqbjBCWXZncF9zSXBfRnU0dVBhQzlxUk5RQmM4UFBXbFVxbGVuX09la3Uwdkh4cnRmZjhLVGFOaUlTQkZpMGZmakxDcDY4Q3Y0QQ%3Foc%3D5 "HTTP/2 200 OK"
2026-08-24 08:37:39,460 [INFO] HTTP Request: GET https://wafeeknfpzjzngzuphoz.supabase.co/rest/v1/articles?select=article_id&original_url=eq.https%3A%2F%2Fnews.google.com%2Frss%2Farticles%2FCBMiT0FVX3lxTE01QmFNZ0V5eWItT2NiWTlzbkRYS1JJU2xDVnVnTTZ6TmRtc3hybkxNTmpZUjlJZHVfWktreV9GRUt2X09Sc0ZRZ0p6ZDdaTGc%3Foc%3D5 "HTTP/2 200 OK"
2026-08-24 08:37:39,478 [INFO] HTTP Request: GET https://wafeeknfpzjzngzuphoz.supabase.co/rest/v1/articles?select=article_id&original_url=eq.https%3A%2F%2Fnews.google.com%2Frss%2Farticles%2FCBMiT0FVX3lxTE5pT2NxbXJmajNtcGRxTHZNcjlXazcwQ29IeGNUN0F3X2dUOWV2S1dDVHMyZUtrdWNoLWhXZHJ0SlJLRUNfcUNjMXR5MUpYTzQ%3Foc%3D5 "HTTP/2 200 OK"
2026-08-24 08:37:39,599 [INFO] HTTP Request: GET https://wafeeknfpzjzngzuphoz.supabase.co/rest/v1/articles?select=article_id&original_url=eq.https%3A%2F%2Fyozm.wishket.com%2Fmagazine%2Fdetail%2F3909 "HTTP/2 200 OK"
2026-08-24 08:37:39,616 [INFO] HTTP Request: GET https://wafeeknfpzjzngzuphoz.supabase.co/rest/v1/articles?select=article_id&original_url=eq.https%3A%2F%2Fyozm.wishket.com%2Fmagazine%2Fdetail%2F3908 "HTTP/2 200 OK"
2026-08-24 08:37:39,632 [INFO] HTTP Request: GET https://wafeeknfpzjzngzuphoz.supabase.co/rest/v1/articles?select=article_id&original_url=eq.https%3A%2F%2Fyozm.wishket.com%2Fmagazine%2Fdetail%2F3907 "HTTP/2 200 OK"
2026-08-24 08:37:39,840 [INFO] HTTP Request: GET https://wafeeknfpzjzngzuphoz.supabase.co/rest/v1/articles?select=article_id&original_url=eq.https%3A%2F%2Fyozm.wishket.com%2Fmagazine%2Fdetail%2F3906 "HTTP/2 200 OK"
2026-08-24 08:37:39,858 [INFO] HTTP Request: GET https://wafeeknfpzjzngzuphoz.supabase.co/rest/v1/articles?select=article_id&original_url=eq.https%3A%2F%2Fyozm.wishket.com%2Fmagazine%2Fdetail%2F3905 "HTTP/2 200 OK"
2026-08-24 08:37:39,877 [INFO] HTTP Request: GET https://wafeeknfpzjzngzuphoz.supabase.co/rest/v1/articles?select=article_id&original_url=eq.https%3A%2F%2Fyozm.wishket.com%2Fmagazine%2Fdetail%2F3904 "HTTP/2 200 OK"
2026-08-24 08:37:39,894 [INFO] HTTP Request: GET https://wafeeknfpzjzngzuphoz.supabase.co/rest/v1/articles?select=article_id&original_url=eq.https%3A%2F%2Fyozm.wishket.com%2Fmagazine%2Fdetail%2F3903 "HTTP/2 200 OK"
2026-08-24 08:37:39,911 [INFO] HTTP Request: GET https://wafeeknfpzjzngzuphoz.supabase.co/rest/v1/articles?select=article_id&original_url=eq.https%3A%2F%2Fyozm.wishket.com%2Fmagazine%2Fdetail%2F3902 "HTTP/2 200 OK"
2026-08-24 08:37:39,929 [INFO] HTTP Request: GET https://wafeeknfpzjzngzuphoz.supabase.co/rest/v1/articles?select=article_id&original_url=eq.https%3A%2F%2Fyozm.wishket.com%2Fmagazine%2Fdetail%2F3901 "HTTP/2 200 OK"
2026-08-24 08:37:39,948 [INFO] HTTP Request: GET https://wafeeknfpzjzngzuphoz.supabase.co/rest/v1/articles?select=article_id&original_url=eq.https%3A%2F%2Fyozm.wishket.com%2Fmagazine%2Fdetail%2F3900 "HTTP/2 200 OK"
2026-08-24 08:37:40,280 [INFO] HTTP Request: GET https://wafeeknfpzjzngzuphoz.supabase.co/rest/v1/articles?select=article_id&original_url=eq.https%3A%2F%2Ftechblog.woowahan.com%2F26876%2F "HTTP/2 200 OK"
2026-08-24 08:37:40,297 [INFO] HTTP Request: GET https://wafeeknfpzjzngzuphoz.supabase.co/rest/v1/articles?select=article_id&original_url=eq.https%3A%2F%2Ftechblog.woowahan.com%2F26777%2F "HTTP/2 200 OK"
2026-08-24 08:37:40,318 [INFO] HTTP Request: GET https://wafeeknfpzjzngzuphoz.supabase.co/rest/v1/articles?select=article_id&original_url=eq.https%3A%2F%2Ftechblog.woowahan.com%2F26729%2F "HTTP/2 200 OK"
2026-08-24 08:37:40,334 [INFO] HTTP Request: GET https://wafeeknfpzjzngzuphoz.supabase.co/rest/v1/articles?select=article_id&original_url=eq.https%3A%2F%2Ftechblog.woowahan.com%2F26507%2F "HTTP/2 200 OK"
2026-08-24 08:37:40,350 [INFO] HTTP Request: GET https://wafeeknfpzjzngzuphoz.supabase.co/rest/v1/articles?select=article_id&original_url=eq.https%3A%2F%2Ftechblog.woowahan.com%2F26624%2F "HTTP/2 200 OK"
2026-08-24 08:37:40,367 [INFO] HTTP Request: GET https://wafeeknfpzjzngzuphoz.supabase.co/rest/v1/articles?select=article_id&original_url=eq.https%3A%2F%2Ftechblog.woowahan.com%2F26492%2F "HTTP/2 200 OK"
2026-08-24 08:37:40,387 [INFO] HTTP Request: GET https://wafeeknfpzjzngzuphoz.supabase.co/rest/v1/articles?select=article_id&original_url=eq.https%3A%2F%2Ftechblog.woowahan.com%2F26459%2F "HTTP/2 200 OK"
2026-08-24 08:37:40,403 [INFO] HTTP Request: GET https://wafeeknfpzjzngzuphoz.supabase.co/rest/v1/articles?select=article_id&original_url=eq.https%3A%2F%2Ftechblog.woowahan.com%2F26379%2F "HTTP/2 200 OK"
2026-08-24 08:37:40,421 [INFO] HTTP Request: GET https://wafeeknfpzjzngzuphoz.supabase.co/rest/v1/articles?select=article_id&original_url=eq.https%3A%2F%2Ftechblog.woowahan.com%2F26388%2F "HTTP/2 200 OK"
2026-08-24 08:37:40,440 [INFO] HTTP Request: GET https://wafeeknfpzjzngzuphoz.supabase.co/rest/v1/articles?select=article_id&original_url=eq.https%3A%2F%2Ftechblog.woowahan.com%2F26319%2F "HTTP/2 200 OK"
2026-08-24 08:37:40,562 [INFO] HTTP Request: GET https://wafeeknfpzjzngzuphoz.supabase.co/rest/v1/articles?select=article_id&original_url=eq.https%3A%2F%2Ftech.kakao.com%2Fposts%2F829 "HTTP/2 200 OK"
2026-08-24 08:37:40,579 [INFO] HTTP Request: GET https://wafeeknfpzjzngzuphoz.supabase.co/rest/v1/articles?select=article_id&original_url=eq.https%3A%2F%2Ftech.kakao.com%2Fposts%2F828 "HTTP/2 200 OK"
2026-08-24 08:37:40,596 [INFO] HTTP Request: GET https://wafeeknfpzjzngzuphoz.supabase.co/rest/v1/articles?select=article_id&original_url=eq.https%3A%2F%2Ftech.kakao.com%2Fposts%2F827 "HTTP/2 200 OK"
2026-08-24 08:37:40,612 [INFO] HTTP Request: GET https://wafeeknfpzjzngzuphoz.supabase.co/rest/v1/articles?select=article_id&original_url=eq.https%3A%2F%2Ftech.kakao.com%2Fposts%2F826 "HTTP/2 200 OK"
2026-08-24 08:37:40,633 [INFO] HTTP Request: GET https://wafeeknfpzjzngzuphoz.supabase.co/rest/v1/articles?select=article_id&original_url=eq.https%3A%2F%2Ftech.kakao.com%2Fposts%2F825 "HTTP/2 200 OK"
2026-08-24 08:37:40,664 [INFO] HTTP Request: GET https://wafeeknfpzjzngzuphoz.supabase.co/rest/v1/articles?select=article_id&original_url=eq.https%3A%2F%2Ftech.kakao.com%2Fposts%2F824 "HTTP/2 200 OK"
2026-08-24 08:37:40,680 [INFO] HTTP Request: GET https://wafeeknfpzjzngzuphoz.supabase.co/rest/v1/articles?select=article_id&original_url=eq.https%3A%2F%2Ftech.kakao.com%2Fposts%2F823 "HTTP/2 200 OK"
2026-08-24 08:37:40,697 [INFO] HTTP Request: GET https://wafeeknfpzjzngzuphoz.supabase.co/rest/v1/articles?select=article_id&original_url=eq.https%3A%2F%2Ftech.kakao.com%2Fposts%2F818 "HTTP/2 200 OK"
2026-08-24 08:37:40,713 [INFO] HTTP Request: GET https://wafeeknfpzjzngzuphoz.supabase.co/rest/v1/articles?select=article_id&original_url=eq.https%3A%2F%2Ftech.kakao.com%2Fposts%2F822 "HTTP/2 200 OK"
2026-08-24 08:37:40,730 [INFO] HTTP Request: GET https://wafeeknfpzjzngzuphoz.supabase.co/rest/v1/articles?select=article_id&original_url=eq.https%3A%2F%2Ftech.kakao.com%2Fposts%2F821 "HTTP/2 200 OK"
2026-08-24 08:37:40,749 [INFO] HTTP Request: GET https://wafeeknfpzjzngzuphoz.supabase.co/rest/v1/articles?select=article_id%2Csource_id%2Ccategory_id%2Coriginal_url%2Ctitle%2Csummary%2Csources%28name%2Ctype%2Creliability_score%29%2Ccategories%28name%29&collected_at=gte.2026-08-24T00%3A00%3A00 "HTTP/2 200 OK"
2026-08-24 08:37:40,767 [INFO] HTTP Request: GET https://wafeeknfpzjzngzuphoz.supabase.co/rest/v1/users?select=user_id%2Cemail "HTTP/2 200 OK"
2026-08-24 08:37:40,786 [INFO] HTTP Request: GET https://wafeeknfpzjzngzuphoz.supabase.co/rest/v1/user_sources?select=source_id&user_id=eq.1 "HTTP/2 200 OK"
2026-08-24 08:37:40,787 [INFO] 🔍 사용자(koreajjangboy@gmail.com) 등록 소스 수: 14
2026-08-24 08:37:40,806 [INFO] HTTP Request: GET https://wafeeknfpzjzngzuphoz.supabase.co/rest/v1/subscriptions?select=category_id&user_id=eq.1&is_active=eq.True "HTTP/2 200 OK"
2026-08-24 08:37:40,806 [INFO] 📊 사용자(koreajjangboy@gmail.com) 맞춤 기사 수: 0
2026-08-24 08:37:40,825 [INFO] HTTP Request: GET https://wafeeknfpzjzngzuphoz.supabase.co/rest/v1/digests?select=digest_id&user_id=eq.1&digest_date=eq.2026-08-24 "HTTP/2 200 OK"
2026-08-24 08:37:40,844 [INFO] HTTP Request: PATCH https://wafeeknfpzjzngzuphoz.supabase.co/rest/v1/digests?user_id=eq.1&digest_date=eq.2026-08-24 "HTTP/2 200 OK"
2026-08-24 08:37:40,845 [INFO] 📄 사용자(koreajjangboy@gmail.com) 개인 다이제스트 생성 완료: news/koreajjangboy_at_gmail_com/2026-08-24.html
2026-08-24 08:37:40,845 [INFO] ✅ 총 0개 신규 기사 DB 저장 및 개인별 다이제스트 생성 완료

2026-08-24 08:38:57,204 [INFO] ⚡ [--now] 옵션 감지: 즉시 수집 작업을 실행합니다.
2026-08-24 08:38:57,204 [INFO] 🚀 [Start] RSS 피드 수집 및 DB 저장 시작
2026-08-24 08:38:57,330 [INFO] HTTP Request: GET https://wafeeknfpzjzngzuphoz.supabase.co/rest/v1/sources?select=source_id%2Cname%2Curl "HTTP/2 200 OK"
2026-08-24 08:38:57,351 [INFO] HTTP Request: GET https://wafeeknfpzjzngzuphoz.supabase.co/rest/v1/categories?select=category_id%2Cname&is_active=eq.True "HTTP/2 200 OK"
2026-08-24 08:38:57,899 [INFO] HTTP Request: GET https://wafeeknfpzjzngzuphoz.supabase.co/rest/v1/articles?select=article_id&original_url=eq.https%3A%2F%2Fopenai.com%2Findex%2Fintroducing-ai-futures "HTTP/2 200 OK"
2026-08-24 08:38:57,928 [INFO] HTTP Request: GET https://wafeeknfpzjzngzuphoz.supabase.co/rest/v1/articles?select=article_id&original_url=eq.https%3A%2F%2Fopenai.com%2Findex%2Fstampli "HTTP/2 200 OK"
2026-08-24 08:38:57,951 [INFO] HTTP Request: GET https://wafeeknfpzjzngzuphoz.supabase.co/rest/v1/articles?select=article_id&original_url=eq.https%3A%2F%2Fopenai.com%2Findex%2Foffering-zero-data-retention-for-frontier-models "HTTP/2 200 OK"
2026-08-24 08:38:57,973 [INFO] HTTP Request: GET https://wafeeknfpzjzngzuphoz.supabase.co/rest/v1/articles?select=article_id&original_url=eq.https%3A%2F%2Fopenai.com%2Findex%2Freplit "HTTP/2 200 OK"
2026-08-24 08:38:57,996 [INFO] HTTP Request: GET https://wafeeknfpzjzngzuphoz.supabase.co/rest/v1/articles?select=article_id&original_url=eq.https%3A%2F%2Fopenai.com%2Findex%2Fchatgpt-ads-expands-across-europe "HTTP/2 200 OK"
2026-08-24 08:38:58,020 [INFO] HTTP Request: GET https://wafeeknfpzjzngzuphoz.supabase.co/rest/v1/articles?select=article_id&original_url=eq.https%3A%2F%2Fopenai.com%2Findex%2Fstrengthening-democratic-oversight-in-national-security "HTTP/2 200 OK"
2026-08-24 08:38:58,040 [INFO] HTTP Request: GET https://wafeeknfpzjzngzuphoz.supabase.co/rest/v1/articles?select=article_id&original_url=eq.https%3A%2F%2Fopenai.com%2Findex%2Fpartnering-with-codeai "HTTP/2 200 OK"
2026-08-24 08:38:58,061 [INFO] HTTP Request: GET https://wafeeknfpzjzngzuphoz.supabase.co/rest/v1/articles?select=article_id&original_url=eq.https%3A%2F%2Fopenai.com%2Findex%2Fpacing-model-development-cyber-capabilities "HTTP/2 200 OK"
2026-08-24 08:38:58,080 [INFO] HTTP Request: GET https://wafeeknfpzjzngzuphoz.supabase.co/rest/v1/articles?select=article_id&original_url=eq.https%3A%2F%2Fopenai.com%2Findex%2Fchatgpt-for-teens "HTTP/2 200 OK"
2026-08-24 08:38:58,100 [INFO] HTTP Request: GET https://wafeeknfpzjzngzuphoz.supabase.co/rest/v1/articles?select=article_id&original_url=eq.https%3A%2F%2Fopenai.com%2Findex%2Fnvidia%2Fchatgpt-work "HTTP/2 200 OK"
2026-08-24 08:38:58,959 [INFO] HTTP Request: GET https://wafeeknfpzjzngzuphoz.supabase.co/rest/v1/articles?select=article_id&original_url=eq.https%3A%2F%2Fblog.google%2Fproducts-and-platforms%2Fproducts%2Fsearch%2Fback-to-school-study-tools%2F "HTTP/2 200 OK"
2026-08-24 08:38:58,980 [INFO] HTTP Request: GET https://wafeeknfpzjzngzuphoz.supabase.co/rest/v1/articles?select=article_id&original_url=eq.https%3A%2F%2Fblog.google%2Fproducts-and-platforms%2Fproducts%2Fgemini%2Fgoogle-gemini-pixel-football-club-partnerships%2F "HTTP/2 200 OK"
2026-08-24 08:38:59,000 [INFO] HTTP Request: GET https://wafeeknfpzjzngzuphoz.supabase.co/rest/v1/articles?select=article_id&original_url=eq.https%3A%2F%2Fblog.google%2Fproducts-and-platforms%2Fproducts%2Fworkspace%2Fsheets-canvas-for-google-sheets-spreadsheets%2F "HTTP/2 200 OK"
2026-08-24 08:38:59,026 [INFO] HTTP Request: GET https://wafeeknfpzjzngzuphoz.supabase.co/rest/v1/articles?select=article_id&original_url=eq.https%3A%2F%2Fblog.google%2Finnovation-and-ai%2Fmodels-and-research%2Fgoogle-research%2Famie-video-consultations%2F "HTTP/2 200 OK"
2026-08-24 08:38:59,045 [INFO] HTTP Request: GET https://wafeeknfpzjzngzuphoz.supabase.co/rest/v1/articles?select=article_id&original_url=eq.https%3A%2F%2Fblog.google%2Fproducts%2Fads-commerce%2Fgoogle-ads-analytics-ai-updates%2F "HTTP/2 200 OK"
2026-08-24 08:38:59,065 [INFO] HTTP Request: GET https://wafeeknfpzjzngzuphoz.supabase.co/rest/v1/articles?select=article_id&original_url=eq.https%3A%2F%2Fblog.google%2Finnovation-and-ai%2Ftechnology%2Fai%2Fgoogle-ai-updates-july-2026%2F "HTTP/2 200 OK"
2026-08-24 08:38:59,083 [INFO] HTTP Request: GET https://wafeeknfpzjzngzuphoz.supabase.co/rest/v1/articles?select=article_id&original_url=eq.https%3A%2F%2Fblog.google%2Finnovation-and-ai%2Ftechnology%2Fdevelopers-tools%2Fai-agents-intensive-recap-2026%2F "HTTP/2 200 OK"
2026-08-24 08:38:59,104 [INFO] HTTP Request: GET https://wafeeknfpzjzngzuphoz.supabase.co/rest/v1/articles?select=article_id&original_url=eq.https%3A%2F%2Fblog.google%2Finnovation-and-ai%2Ftechnology%2Fdevelopers-tools%2Fexpanding-managed-agents-gemini-api-3-6-flash-hooks%2F "HTTP/2 200 OK"
2026-08-24 08:38:59,124 [INFO] HTTP Request: GET https://wafeeknfpzjzngzuphoz.supabase.co/rest/v1/articles?select=article_id&original_url=eq.https%3A%2F%2Fblog.google%2Fproducts-and-platforms%2Fproducts%2Fsearch%2Fai-mode-real-world-tips%2F "HTTP/2 200 OK"
2026-08-24 08:38:59,144 [INFO] HTTP Request: GET https://wafeeknfpzjzngzuphoz.supabase.co/rest/v1/articles?select=article_id&original_url=eq.https%3A%2F%2Fblog.google%2Fproducts-and-platforms%2Fproducts%2Fsearch%2Fdinner-party-hosting-tips%2F "HTTP/2 200 OK"
2026-08-24 08:38:59,851 [INFO] HTTP Request: GET https://wafeeknfpzjzngzuphoz.supabase.co/rest/v1/articles?select=article_id&original_url=eq.https%3A%2F%2Fnews.hada.io%2Ftopic%3Fid%3D32817 "HTTP/2 200 OK"
2026-08-24 08:38:59,870 [INFO] HTTP Request: GET https://wafeeknfpzjzngzuphoz.supabase.co/rest/v1/articles?select=article_id&original_url=eq.https%3A%2F%2Fnews.hada.io%2Ftopic%3Fid%3D32816 "HTTP/2 200 OK"
2026-08-24 08:38:59,892 [INFO] HTTP Request: GET https://wafeeknfpzjzngzuphoz.supabase.co/rest/v1/articles?select=article_id&original_url=eq.https%3A%2F%2Fnews.hada.io%2Ftopic%3Fid%3D32814 "HTTP/2 200 OK"
2026-08-24 08:38:59,914 [INFO] HTTP Request: GET https://wafeeknfpzjzngzuphoz.supabase.co/rest/v1/articles?select=article_id&original_url=eq.https%3A%2F%2Fnews.hada.io%2Ftopic%3Fid%3D32813 "HTTP/2 200 OK"
2026-08-24 08:38:59,933 [INFO] HTTP Request: GET https://wafeeknfpzjzngzuphoz.supabase.co/rest/v1/articles?select=article_id&original_url=eq.https%3A%2F%2Fnews.hada.io%2Ftopic%3Fid%3D32812 "HTTP/2 200 OK"
2026-08-24 08:38:59,952 [INFO] HTTP Request: GET https://wafeeknfpzjzngzuphoz.supabase.co/rest/v1/articles?select=article_id&original_url=eq.https%3A%2F%2Fnews.hada.io%2Ftopic%3Fid%3D32811 "HTTP/2 200 OK"
2026-08-24 08:38:59,971 [INFO] HTTP Request: GET https://wafeeknfpzjzngzuphoz.supabase.co/rest/v1/articles?select=article_id&original_url=eq.https%3A%2F%2Fnews.hada.io%2Ftopic%3Fid%3D32810 "HTTP/2 200 OK"
2026-08-24 08:39:00,008 [INFO] HTTP Request: GET https://wafeeknfpzjzngzuphoz.supabase.co/rest/v1/articles?select=article_id&original_url=eq.https%3A%2F%2Fnews.hada.io%2Ftopic%3Fid%3D32809 "HTTP/2 200 OK"
2026-08-24 08:39:00,049 [INFO] HTTP Request: GET https://wafeeknfpzjzngzuphoz.supabase.co/rest/v1/articles?select=article_id&original_url=eq.https%3A%2F%2Fnews.hada.io%2Ftopic%3Fid%3D32808 "HTTP/2 200 OK"
2026-08-24 08:39:00,067 [INFO] HTTP Request: GET https://wafeeknfpzjzngzuphoz.supabase.co/rest/v1/articles?select=article_id&original_url=eq.https%3A%2F%2Fnews.hada.io%2Ftopic%3Fid%3D32807 "HTTP/2 200 OK"
2026-08-24 08:39:00,156 [INFO] HTTP Request: GET https://wafeeknfpzjzngzuphoz.supabase.co/rest/v1/articles?select=article_id&original_url=eq.https%3A%2F%2Fwww.aitimes.com%2Fnews%2FarticleView.html%3Fidxno%3D214266 "HTTP/2 200 OK"
2026-08-24 08:39:00,181 [INFO] HTTP Request: GET https://wafeeknfpzjzngzuphoz.supabase.co/rest/v1/articles?select=article_id&original_url=eq.https%3A%2F%2Fwww.aitimes.com%2Fnews%2FarticleView.html%3Fidxno%3D214264 "HTTP/2 200 OK"
2026-08-24 08:39:00,208 [INFO] HTTP Request: GET https://wafeeknfpzjzngzuphoz.supabase.co/rest/v1/articles?select=article_id&original_url=eq.https%3A%2F%2Fwww.aitimes.com%2Fnews%2FarticleView.html%3Fidxno%3D214263 "HTTP/2 200 OK"
2026-08-24 08:39:00,228 [INFO] HTTP Request: GET https://wafeeknfpzjzngzuphoz.supabase.co/rest/v1/articles?select=article_id&original_url=eq.https%3A%2F%2Fwww.aitimes.com%2Fnews%2FarticleView.html%3Fidxno%3D214260 "HTTP/2 200 OK"
2026-08-24 08:39:00,249 [INFO] HTTP Request: GET https://wafeeknfpzjzngzuphoz.supabase.co/rest/v1/articles?select=article_id&original_url=eq.https%3A%2F%2Fwww.aitimes.com%2Fnews%2FarticleView.html%3Fidxno%3D214259 "HTTP/2 200 OK"
2026-08-24 08:39:00,268 [INFO] HTTP Request: GET https://wafeeknfpzjzngzuphoz.supabase.co/rest/v1/articles?select=article_id&original_url=eq.https%3A%2F%2Fwww.aitimes.com%2Fnews%2FarticleView.html%3Fidxno%3D214258 "HTTP/2 200 OK"
2026-08-24 08:39:00,288 [INFO] HTTP Request: GET https://wafeeknfpzjzngzuphoz.supabase.co/rest/v1/articles?select=article_id&original_url=eq.https%3A%2F%2Fwww.aitimes.com%2Fnews%2FarticleView.html%3Fidxno%3D214083 "HTTP/2 200 OK"
2026-08-24 08:39:00,310 [INFO] HTTP Request: GET https://wafeeknfpzjzngzuphoz.supabase.co/rest/v1/articles?select=article_id&original_url=eq.https%3A%2F%2Fwww.aitimes.com%2Fnews%2FarticleView.html%3Fidxno%3D214256 "HTTP/2 200 OK"
2026-08-24 08:39:00,331 [INFO] HTTP Request: GET https://wafeeknfpzjzngzuphoz.supabase.co/rest/v1/articles?select=article_id&original_url=eq.https%3A%2F%2Fwww.aitimes.com%2Fnews%2FarticleView.html%3Fidxno%3D214255 "HTTP/2 200 OK"
2026-08-24 08:39:00,354 [INFO] HTTP Request: GET https://wafeeknfpzjzngzuphoz.supabase.co/rest/v1/articles?select=article_id&original_url=eq.https%3A%2F%2Fwww.aitimes.com%2Fnews%2FarticleView.html%3Fidxno%3D214235 "HTTP/2 200 OK"
2026-08-24 08:39:00,819 [INFO] HTTP Request: GET https://wafeeknfpzjzngzuphoz.supabase.co/rest/v1/articles?select=article_id&original_url=eq.https%3A%2F%2Fnews.google.com%2Frss%2Farticles%2FCBMiXEFVX3lxTE9DWXkyN3hhUDFHR0tCMXdpVkt3OTAyS1dBUUN6QXBKTEpMOF9SLWJSZkl3VW5FdzE2N1JiYk13NGtFQXNnbjFZZ3Vsd3BZNGJLWDJTdVladTk0bXRi%3Foc%3D5 "HTTP/2 200 OK"
2026-08-24 08:39:00,846 [INFO] HTTP Request: GET https://wafeeknfpzjzngzuphoz.supabase.co/rest/v1/articles?select=article_id&original_url=eq.https%3A%2F%2Fnews.google.com%2Frss%2Farticles%2FCBMiVkFVX3lxTFBlSVhEWDF6dU85X3puVUswSzlXLUx4OXg5b0JZMlJYeHFXcHFsM1FLNEQ4MHQxTjlfRzZMZVhiU0JVTm5nS1paWnhEVXM1RzRmV0hWeWNR%3Foc%3D5 "HTTP/2 200 OK"
2026-08-24 08:39:00,866 [INFO] HTTP Request: GET https://wafeeknfpzjzngzuphoz.supabase.co/rest/v1/articles?select=article_id&original_url=eq.https%3A%2F%2Fnews.google.com%2Frss%2Farticles%2FCBMiSEFVX3lxTE1mczBWYm0wOEU3a2NSanExQ0V5ZjNDWmZhNURubTVxcmJDRUNjLXZzT1JmT2JlbVYwUjlWY0dxNXgxRW5ueHdveA%3Foc%3D5 "HTTP/2 200 OK"
2026-08-24 08:39:00,887 [INFO] HTTP Request: GET https://wafeeknfpzjzngzuphoz.supabase.co/rest/v1/articles?select=article_id&original_url=eq.https%3A%2F%2Fnews.google.com%2Frss%2Farticles%2FCBMijgFBVV95cUxPaXVvNUlaeE5USjVKOGE5WEpLRDA2Y0c4Z3hONXZLaXc3X2IySmlzMy1kSExBUzNRMlY5dmUyNWNnX295R0tucnRKUi1aUnJsMjkzUllJWGdzbHVtajMyVG5pWW81YUxVbzhRQUh1T3E4bTJaU3AtRlFzQ0RjUzFxc1BqMkZpNGRwVUhXTi1R%3Foc%3D5 "HTTP/2 200 OK"
2026-08-24 08:39:00,907 [INFO] HTTP Request: GET https://wafeeknfpzjzngzuphoz.supabase.co/rest/v1/articles?select=article_id&original_url=eq.https%3A%2F%2Fnews.google.com%2Frss%2Farticles%2FCBMib0FVX3lxTE1GYWxwbEp6YTFrUExYQ3J0aW1aVkdtTFptSlNqZ3dsWEdlLXI2RnJyb3UwQVhHWURDamk2UXE5N1dIMzQxZkxOT0R0V1gyUHRkYWhqdWgycHU4WHNXa2QtTUVReFpLbWZoZWlmS09nWQ%3Foc%3D5 "HTTP/2 200 OK"
2026-08-24 08:39:00,925 [INFO] HTTP Request: GET https://wafeeknfpzjzngzuphoz.supabase.co/rest/v1/articles?select=article_id&original_url=eq.https%3A%2F%2Fnews.google.com%2Frss%2Farticles%2FCBMiT0FVX3lxTFAzaWZPNVkxUlpVVTkzeEkyZURXNHppRWFtYkVEeUFCaDhTeVJFS0VubHd5Tjd6U09KRGI3ZDZYTXFNWWRQeHk5Q1F2eTlzeDQ%3Foc%3D5 "HTTP/2 200 OK"
2026-08-24 08:39:00,946 [INFO] HTTP Request: GET https://wafeeknfpzjzngzuphoz.supabase.co/rest/v1/articles?select=article_id&original_url=eq.https%3A%2F%2Fnews.google.com%2Frss%2Farticles%2FCBMiZEFVX3lxTE9Pdk1TUFhhVkFtNWhIX2VSYWpDVmZJRGhSLXN1OUdjOHV3MUZkTEwxdXltekZ3QUJPWTJVdEhpX3NhekUyUE45MEsySUQ0Y3lvZmNpeEJSdDJmMDl5UWdmTW0yUmvSAWhBVV95cUxQY0pZWjNrQkk5dmc5T21vRVFRZ05KYVlnOGRCc1I2cU1QczFoWWF0eXRBQkFLa20xRENOb1B4cnRmMmZta2lTdlljYjF3bVNzelp4enhONU52Z2twUDAxcTk2SDlTZU5ZNw%3Foc%3D5 "HTTP/2 200 OK"
2026-08-24 08:39:00,980 [INFO] HTTP Request: GET https://wafeeknfpzjzngzuphoz.supabase.co/rest/v1/articles?select=article_id&original_url=eq.https%3A%2F%2Fnews.google.com%2Frss%2Farticles%2FCBMiYEFVX3lxTE9RTWVMYXhEOGtwcjFwdzVwN1l4NUV5eThXRm9zbDVxM3lOckRZYUZIRURleUxXS0pyRWdtLVRHSy00Vjk2anRoS1BISkxweFhhUXJkVnZyRXdOcVF6M1lseQ%3Foc%3D5 "HTTP/2 200 OK"
2026-08-24 08:39:01,018 [INFO] HTTP Request: GET https://wafeeknfpzjzngzuphoz.supabase.co/rest/v1/articles?select=article_id&original_url=eq.https%3A%2F%2Fnews.google.com%2Frss%2Farticles%2FCBMic0FVX3lxTE1WUnZtUmtkcS1Ec0ppZVV4WjBnNWswaTlPY1JsOXJaWkVaai1kdjdsSXNFY2tTM2hybFJGT3pnLUZUSEp3eHYzVGtYbkhsZEYxdTRhb2JQTXd5Z1I2YXROYlhQN3d6QWJZNHNhZjZreWp3YmM%3Foc%3D5 "HTTP/2 200 OK"
2026-08-24 08:39:01,040 [INFO] HTTP Request: GET https://wafeeknfpzjzngzuphoz.supabase.co/rest/v1/articles?select=article_id&original_url=eq.https%3A%2F%2Fnews.google.com%2Frss%2Farticles%2FCBMibEFVX3lxTE1ZY01VdkJHWXZXTXcwR3Z0d05NTVJLcXQxQkE5VHU5aXpqaGVmbWRETWFsbWlld2NnU3k4NUNOdHlENzVuTENnVjZHSnE1bzhlMFR3THU5RVc3MjRkSVZMSzU1S1V6Q09QdHZUSw%3Foc%3D5 "HTTP/2 200 OK"
2026-08-24 08:39:01,617 [INFO] HTTP Request: GET https://wafeeknfpzjzngzuphoz.supabase.co/rest/v1/articles?select=article_id&original_url=eq.https%3A%2F%2Fnews.google.com%2Frss%2Farticles%2FCBMiT0FVX3lxTE9maDcxRmZfNnhvYjhGdk1Td0g3MFlvcnBFOVBBVk04aHVBd2dGZXU3NXYtc19yNk4tbXZGVUhYd0g3UlliTEgyeF9GUmgzVTQ%3Foc%3D5 "HTTP/2 200 OK"
2026-08-24 08:39:01,639 [INFO] HTTP Request: GET https://wafeeknfpzjzngzuphoz.supabase.co/rest/v1/articles?select=article_id&original_url=eq.https%3A%2F%2Fnews.google.com%2Frss%2Farticles%2FCBMiX0FVX3lxTE1hbXMxS2h2Tm12VWRsWC1fcFBTMFIwYWN2b3FtYi1HR0lMeEY0LXpzdlNmVVY1aTJPZTNBY25GRkZTR3YyVk1MQVZlbFlpXzlKWDJKTGt3cnM3ZUJ4YldN0gFkQVVfeXFMUEdnTFZKeGh6VlNzR0JxaW5hQV9aQXZYSHgxQVRXY1JCelZUcXI4engya2p3XzNPRzBWM0QtUEZhamR4ZlQ5Zk5LMGFETkZSSFdLZ1hhSmc3TGtKbVNCang1NV9DMQ%3Foc%3D5 "HTTP/2 200 OK"
2026-08-24 08:39:01,659 [INFO] HTTP Request: GET https://wafeeknfpzjzngzuphoz.supabase.co/rest/v1/articles?select=article_id&original_url=eq.https%3A%2F%2Fnews.google.com%2Frss%2Farticles%2FCBMiXEFVX3lxTE1NWUJLV3NwUG12dWdVX19fSXN4dzdLS3lxUWhMenBuSGdianduTWIzWndRdzZTck8tX2dNS1kyR0hJZEc3bVFOQlBJNjJoa2wwOFJWRS1zMExQb0gw%3Foc%3D5 "HTTP/2 200 OK"
2026-08-24 08:39:01,679 [INFO] HTTP Request: GET https://wafeeknfpzjzngzuphoz.supabase.co/rest/v1/articles?select=article_id&original_url=eq.https%3A%2F%2Fnews.google.com%2Frss%2Farticles%2FCBMiVEFVX3lxTE1Cc25YeEwxRmx1WVJwY2NzUGRXWmFSenFnNXpSbUVoampsbUd0Wl9CdlpvSGtQYnNtWXBYblg1WEFkQVJwcTk1U0FlbVJwa241U1BHbA%3Foc%3D5 "HTTP/2 200 OK"
2026-08-24 08:39:01,699 [INFO] HTTP Request: GET https://wafeeknfpzjzngzuphoz.supabase.co/rest/v1/articles?select=article_id&original_url=eq.https%3A%2F%2Fnews.google.com%2Frss%2Farticles%2FCBMiVkFVX3lxTE1LUmR1a3AyMW9vcUFiQnlIVjhpbHZCdndzdGV1RXJ2cmpiZk41ak91eEtXNWU1Tk5qdDI3ZlhEQUJRUk5hME4weFFBcWM5QlRzNmJXRW93%3Foc%3D5 "HTTP/2 200 OK"
2026-08-24 08:39:01,718 [INFO] HTTP Request: GET https://wafeeknfpzjzngzuphoz.supabase.co/rest/v1/articles?select=article_id&original_url=eq.https%3A%2F%2Fnews.google.com%2Frss%2Farticles%2FCBMiakFVX3lxTE1WRUotYjJjMmsyWTY2Y0dwSDNmaHZMOVNwNlh0YlcwTzl4d1o2OVV5Y2VGU0I1ZU1zeHZ2RS1lVTZRdy05U19oaHZRM2Z0dm9EbTFlc0h2NG5MbTZkREhQbkdWMUkzZ1BXaGc%3Foc%3D5 "HTTP/2 200 OK"
2026-08-24 08:39:01,744 [INFO] HTTP Request: GET https://wafeeknfpzjzngzuphoz.supabase.co/rest/v1/articles?select=article_id&original_url=eq.https%3A%2F%2Fnews.google.com%2Frss%2Farticles%2FCBMiWkFVX3lxTE5kZExzOWM3QngzVEVNTXhNcGVFamZDV0V2R09MSk9nUFNTeFV2Ukdfa3N5dm1idlBkdE9idXZ1em9SUlY3SlQ3ZzVmaFdoZ2Z5Tm1nS0FPR0EzZ9IBWEFVX3lxTFA1eURUamRBcHdMX0s5RXR2MTVscmpRQ21scEo5Mkw5VjRrOVdqZE1YcWhVX21WWmRVX21JTm15NVRtTzdINzBwQVVxZGdqX1ZMeHZlS2N0NFk%3Foc%3D5 "HTTP/2 200 OK"
2026-08-24 08:39:01,765 [INFO] HTTP Request: GET https://wafeeknfpzjzngzuphoz.supabase.co/rest/v1/articles?select=article_id&original_url=eq.https%3A%2F%2Fnews.google.com%2Frss%2Farticles%2FCBMiWkFVX3lxTE1tX29HeWRyYzRqbjBCWXZncF9zSXBfRnU0dVBhQzlxUk5RQmM4UFBXbFVxbGVuX09la3Uwdkh4cnRmZjhLVGFOaUlTQkZpMGZmakxDcDY4Q3Y0QQ%3Foc%3D5 "HTTP/2 200 OK"
2026-08-24 08:39:01,784 [INFO] HTTP Request: GET https://wafeeknfpzjzngzuphoz.supabase.co/rest/v1/articles?select=article_id&original_url=eq.https%3A%2F%2Fnews.google.com%2Frss%2Farticles%2FCBMiT0FVX3lxTE01QmFNZ0V5eWItT2NiWTlzbkRYS1JJU2xDVnVnTTZ6TmRtc3hybkxNTmpZUjlJZHVfWktreV9GRUt2X09Sc0ZRZ0p6ZDdaTGc%3Foc%3D5 "HTTP/2 200 OK"
2026-08-24 08:39:01,806 [INFO] HTTP Request: GET https://wafeeknfpzjzngzuphoz.supabase.co/rest/v1/articles?select=article_id&original_url=eq.https%3A%2F%2Fnews.google.com%2Frss%2Farticles%2FCBMiT0FVX3lxTE5pT2NxbXJmajNtcGRxTHZNcjlXazcwQ29IeGNUN0F3X2dUOWV2S1dDVHMyZUtrdWNoLWhXZHJ0SlJLRUNfcUNjMXR5MUpYTzQ%3Foc%3D5 "HTTP/2 200 OK"
2026-08-24 08:39:01,949 [INFO] HTTP Request: GET https://wafeeknfpzjzngzuphoz.supabase.co/rest/v1/articles?select=article_id&original_url=eq.https%3A%2F%2Fyozm.wishket.com%2Fmagazine%2Fdetail%2F3909 "HTTP/2 200 OK"
2026-08-24 08:39:01,972 [INFO] HTTP Request: GET https://wafeeknfpzjzngzuphoz.supabase.co/rest/v1/articles?select=article_id&original_url=eq.https%3A%2F%2Fyozm.wishket.com%2Fmagazine%2Fdetail%2F3908 "HTTP/2 200 OK"
2026-08-24 08:39:01,992 [INFO] HTTP Request: GET https://wafeeknfpzjzngzuphoz.supabase.co/rest/v1/articles?select=article_id&original_url=eq.https%3A%2F%2Fyozm.wishket.com%2Fmagazine%2Fdetail%2F3907 "HTTP/2 200 OK"
2026-08-24 08:39:02,012 [INFO] HTTP Request: GET https://wafeeknfpzjzngzuphoz.supabase.co/rest/v1/articles?select=article_id&original_url=eq.https%3A%2F%2Fyozm.wishket.com%2Fmagazine%2Fdetail%2F3906 "HTTP/2 200 OK"
2026-08-24 08:39:02,031 [INFO] HTTP Request: GET https://wafeeknfpzjzngzuphoz.supabase.co/rest/v1/articles?select=article_id&original_url=eq.https%3A%2F%2Fyozm.wishket.com%2Fmagazine%2Fdetail%2F3905 "HTTP/2 200 OK"
2026-08-24 08:39:02,051 [INFO] HTTP Request: GET https://wafeeknfpzjzngzuphoz.supabase.co/rest/v1/articles?select=article_id&original_url=eq.https%3A%2F%2Fyozm.wishket.com%2Fmagazine%2Fdetail%2F3904 "HTTP/2 200 OK"
2026-08-24 08:39:02,073 [INFO] HTTP Request: GET https://wafeeknfpzjzngzuphoz.supabase.co/rest/v1/articles?select=article_id&original_url=eq.https%3A%2F%2Fyozm.wishket.com%2Fmagazine%2Fdetail%2F3903 "HTTP/2 200 OK"
2026-08-24 08:39:02,095 [INFO] HTTP Request: GET https://wafeeknfpzjzngzuphoz.supabase.co/rest/v1/articles?select=article_id&original_url=eq.https%3A%2F%2Fyozm.wishket.com%2Fmagazine%2Fdetail%2F3902 "HTTP/2 200 OK"
2026-08-24 08:39:02,112 [INFO] HTTP Request: GET https://wafeeknfpzjzngzuphoz.supabase.co/rest/v1/articles?select=article_id&original_url=eq.https%3A%2F%2Fyozm.wishket.com%2Fmagazine%2Fdetail%2F3901 "HTTP/2 200 OK"
2026-08-24 08:39:02,149 [INFO] HTTP Request: GET https://wafeeknfpzjzngzuphoz.supabase.co/rest/v1/articles?select=article_id&original_url=eq.https%3A%2F%2Fyozm.wishket.com%2Fmagazine%2Fdetail%2F3900 "HTTP/2 200 OK"
2026-08-24 08:39:02,527 [INFO] HTTP Request: GET https://wafeeknfpzjzngzuphoz.supabase.co/rest/v1/articles?select=article_id&original_url=eq.https%3A%2F%2Ftechblog.woowahan.com%2F26876%2F "HTTP/2 200 OK"
2026-08-24 08:39:02,547 [INFO] HTTP Request: GET https://wafeeknfpzjzngzuphoz.supabase.co/rest/v1/articles?select=article_id&original_url=eq.https%3A%2F%2Ftechblog.woowahan.com%2F26777%2F "HTTP/2 200 OK"
2026-08-24 08:39:02,566 [INFO] HTTP Request: GET https://wafeeknfpzjzngzuphoz.supabase.co/rest/v1/articles?select=article_id&original_url=eq.https%3A%2F%2Ftechblog.woowahan.com%2F26729%2F "HTTP/2 200 OK"
2026-08-24 08:39:02,589 [INFO] HTTP Request: GET https://wafeeknfpzjzngzuphoz.supabase.co/rest/v1/articles?select=article_id&original_url=eq.https%3A%2F%2Ftechblog.woowahan.com%2F26507%2F "HTTP/2 200 OK"
2026-08-24 08:39:02,608 [INFO] HTTP Request: GET https://wafeeknfpzjzngzuphoz.supabase.co/rest/v1/articles?select=article_id&original_url=eq.https%3A%2F%2Ftechblog.woowahan.com%2F26624%2F "HTTP/2 200 OK"
2026-08-24 08:39:02,629 [INFO] HTTP Request: GET https://wafeeknfpzjzngzuphoz.supabase.co/rest/v1/articles?select=article_id&original_url=eq.https%3A%2F%2Ftechblog.woowahan.com%2F26492%2F "HTTP/2 200 OK"
2026-08-24 08:39:02,650 [INFO] HTTP Request: GET https://wafeeknfpzjzngzuphoz.supabase.co/rest/v1/articles?select=article_id&original_url=eq.https%3A%2F%2Ftechblog.woowahan.com%2F26459%2F "HTTP/2 200 OK"
2026-08-24 08:39:02,668 [INFO] HTTP Request: GET https://wafeeknfpzjzngzuphoz.supabase.co/rest/v1/articles?select=article_id&original_url=eq.https%3A%2F%2Ftechblog.woowahan.com%2F26379%2F "HTTP/2 200 OK"
2026-08-24 08:39:02,688 [INFO] HTTP Request: GET https://wafeeknfpzjzngzuphoz.supabase.co/rest/v1/articles?select=article_id&original_url=eq.https%3A%2F%2Ftechblog.woowahan.com%2F26388%2F "HTTP/2 200 OK"
2026-08-24 08:39:02,707 [INFO] HTTP Request: GET https://wafeeknfpzjzngzuphoz.supabase.co/rest/v1/articles?select=article_id&original_url=eq.https%3A%2F%2Ftechblog.woowahan.com%2F26319%2F "HTTP/2 200 OK"
2026-08-24 08:39:02,861 [INFO] HTTP Request: GET https://wafeeknfpzjzngzuphoz.supabase.co/rest/v1/articles?select=article_id&original_url=eq.https%3A%2F%2Ftech.kakao.com%2Fposts%2F829 "HTTP/2 200 OK"
2026-08-24 08:39:02,883 [INFO] HTTP Request: GET https://wafeeknfpzjzngzuphoz.supabase.co/rest/v1/articles?select=article_id&original_url=eq.https%3A%2F%2Ftech.kakao.com%2Fposts%2F828 "HTTP/2 200 OK"
2026-08-24 08:39:02,910 [INFO] HTTP Request: GET https://wafeeknfpzjzngzuphoz.supabase.co/rest/v1/articles?select=article_id&original_url=eq.https%3A%2F%2Ftech.kakao.com%2Fposts%2F827 "HTTP/2 200 OK"
2026-08-24 08:39:02,934 [INFO] HTTP Request: GET https://wafeeknfpzjzngzuphoz.supabase.co/rest/v1/articles?select=article_id&original_url=eq.https%3A%2F%2Ftech.kakao.com%2Fposts%2F826 "HTTP/2 200 OK"
2026-08-24 08:39:02,954 [INFO] HTTP Request: GET https://wafeeknfpzjzngzuphoz.supabase.co/rest/v1/articles?select=article_id&original_url=eq.https%3A%2F%2Ftech.kakao.com%2Fposts%2F825 "HTTP/2 200 OK"
2026-08-24 08:39:02,975 [INFO] HTTP Request: GET https://wafeeknfpzjzngzuphoz.supabase.co/rest/v1/articles?select=article_id&original_url=eq.https%3A%2F%2Ftech.kakao.com%2Fposts%2F824 "HTTP/2 200 OK"
2026-08-24 08:39:02,997 [INFO] HTTP Request: GET https://wafeeknfpzjzngzuphoz.supabase.co/rest/v1/articles?select=article_id&original_url=eq.https%3A%2F%2Ftech.kakao.com%2Fposts%2F823 "HTTP/2 200 OK"
2026-08-24 08:39:03,022 [INFO] HTTP Request: GET https://wafeeknfpzjzngzuphoz.supabase.co/rest/v1/articles?select=article_id&original_url=eq.https%3A%2F%2Ftech.kakao.com%2Fposts%2F818 "HTTP/2 200 OK"
2026-08-24 08:39:03,042 [INFO] HTTP Request: GET https://wafeeknfpzjzngzuphoz.supabase.co/rest/v1/articles?select=article_id&original_url=eq.https%3A%2F%2Ftech.kakao.com%2Fposts%2F822 "HTTP/2 200 OK"
2026-08-24 08:39:03,070 [INFO] HTTP Request: GET https://wafeeknfpzjzngzuphoz.supabase.co/rest/v1/articles?select=article_id&original_url=eq.https%3A%2F%2Ftech.kakao.com%2Fposts%2F821 "HTTP/2 200 OK"
2026-08-24 08:39:03,096 [INFO] HTTP Request: GET https://wafeeknfpzjzngzuphoz.supabase.co/rest/v1/articles?select=article_id%2Csource_id%2Ccategory_id%2Coriginal_url%2Ctitle%2Csummary%2Csources%28name%2Ctype%2Creliability_score%29%2Ccategories%28name%29&collected_at=gte.2026-08-24T00%3A00%3A00 "HTTP/2 200 OK"
2026-08-24 08:39:03,122 [INFO] HTTP Request: GET https://wafeeknfpzjzngzuphoz.supabase.co/rest/v1/users?select=user_id%2Cemail "HTTP/2 200 OK"
2026-08-24 08:39:03,146 [INFO] HTTP Request: GET https://wafeeknfpzjzngzuphoz.supabase.co/rest/v1/user_sources?select=source_id&user_id=eq.1 "HTTP/2 200 OK"
2026-08-24 08:39:03,146 [INFO] 🔍 사용자(koreajjangboy@gmail.com) 등록 소스 수: 14
2026-08-24 08:39:03,173 [INFO] HTTP Request: GET https://wafeeknfpzjzngzuphoz.supabase.co/rest/v1/subscriptions?select=category_id&user_id=eq.1&is_active=eq.True "HTTP/2 200 OK"
2026-08-24 08:39:03,173 [INFO] 📊 사용자(koreajjangboy@gmail.com) 맞춤 기사 수: 0
2026-08-24 08:39:03,196 [INFO] HTTP Request: GET https://wafeeknfpzjzngzuphoz.supabase.co/rest/v1/digests?select=digest_id&user_id=eq.1&digest_date=eq.2026-08-24 "HTTP/2 200 OK"
2026-08-24 08:39:03,223 [INFO] HTTP Request: PATCH https://wafeeknfpzjzngzuphoz.supabase.co/rest/v1/digests?user_id=eq.1&digest_date=eq.2026-08-24 "HTTP/2 200 OK"
2026-08-24 08:39:03,223 [INFO] 📄 사용자(koreajjangboy@gmail.com) 개인 다이제스트 생성 완료: news/koreajjangboy_at_gmail_com/2026-08-24.html
2026-08-24 08:39:03,223 [INFO] ✅ 총 0개 신규 기사 DB 저장 및 개인별 다이제스트 생성 완료

2026-08-24 08:39:15,932 [INFO] ⚡ [--now] 옵션 감지: 즉시 수집 작업을 실행합니다.
2026-08-24 08:39:15,932 [INFO] 🚀 [Start] RSS 피드 수집 및 DB 저장 시작
2026-08-24 08:39:16,027 [INFO] HTTP Request: GET https://wafeeknfpzjzngzuphoz.supabase.co/rest/v1/sources?select=source_id%2Cname%2Curl "HTTP/2 200 OK"
2026-08-24 08:39:16,066 [INFO] HTTP Request: GET https://wafeeknfpzjzngzuphoz.supabase.co/rest/v1/categories?select=category_id%2Cname&is_active=eq.True "HTTP/2 200 OK"
2026-08-24 08:39:16,697 [INFO] HTTP Request: GET https://wafeeknfpzjzngzuphoz.supabase.co/rest/v1/articles?select=article_id&original_url=eq.https%3A%2F%2Fopenai.com%2Findex%2Fintroducing-ai-futures "HTTP/2 200 OK"
2026-08-24 08:39:16,737 [INFO] HTTP Request: GET https://wafeeknfpzjzngzuphoz.supabase.co/rest/v1/articles?select=article_id&original_url=eq.https%3A%2F%2Fopenai.com%2Findex%2Fstampli "HTTP/2 200 OK"
2026-08-24 08:39:16,785 [INFO] HTTP Request: GET https://wafeeknfpzjzngzuphoz.supabase.co/rest/v1/articles?select=article_id&original_url=eq.https%3A%2F%2Fopenai.com%2Findex%2Foffering-zero-data-retention-for-frontier-models "HTTP/2 200 OK"
2026-08-24 08:39:16,817 [INFO] HTTP Request: GET https://wafeeknfpzjzngzuphoz.supabase.co/rest/v1/articles?select=article_id&original_url=eq.https%3A%2F%2Fopenai.com%2Findex%2Freplit "HTTP/2 200 OK"
2026-08-24 08:39:16,855 [INFO] HTTP Request: GET https://wafeeknfpzjzngzuphoz.supabase.co/rest/v1/articles?select=article_id&original_url=eq.https%3A%2F%2Fopenai.com%2Findex%2Fchatgpt-ads-expands-across-europe "HTTP/2 200 OK"
2026-08-24 08:39:16,896 [INFO] HTTP Request: GET https://wafeeknfpzjzngzuphoz.supabase.co/rest/v1/articles?select=article_id&original_url=eq.https%3A%2F%2Fopenai.com%2Findex%2Fstrengthening-democratic-oversight-in-national-security "HTTP/2 200 OK"
2026-08-24 08:39:16,924 [INFO] HTTP Request: GET https://wafeeknfpzjzngzuphoz.supabase.co/rest/v1/articles?select=article_id&original_url=eq.https%3A%2F%2Fopenai.com%2Findex%2Fpartnering-with-codeai "HTTP/2 200 OK"
2026-08-24 08:39:16,947 [INFO] HTTP Request: GET https://wafeeknfpzjzngzuphoz.supabase.co/rest/v1/articles?select=article_id&original_url=eq.https%3A%2F%2Fopenai.com%2Findex%2Fpacing-model-development-cyber-capabilities "HTTP/2 200 OK"
2026-08-24 08:39:16,970 [INFO] HTTP Request: GET https://wafeeknfpzjzngzuphoz.supabase.co/rest/v1/articles?select=article_id&original_url=eq.https%3A%2F%2Fopenai.com%2Findex%2Fchatgpt-for-teens "HTTP/2 200 OK"
2026-08-24 08:39:17,007 [INFO] HTTP Request: GET https://wafeeknfpzjzngzuphoz.supabase.co/rest/v1/articles?select=article_id&original_url=eq.https%3A%2F%2Fopenai.com%2Findex%2Fnvidia%2Fchatgpt-work "HTTP/2 200 OK"
2026-08-24 08:39:17,818 [INFO] HTTP Request: GET https://wafeeknfpzjzngzuphoz.supabase.co/rest/v1/articles?select=article_id&original_url=eq.https%3A%2F%2Fblog.google%2Fproducts-and-platforms%2Fproducts%2Fsearch%2Fback-to-school-study-tools%2F "HTTP/2 200 OK"
2026-08-24 08:39:17,838 [INFO] HTTP Request: GET https://wafeeknfpzjzngzuphoz.supabase.co/rest/v1/articles?select=article_id&original_url=eq.https%3A%2F%2Fblog.google%2Fproducts-and-platforms%2Fproducts%2Fgemini%2Fgoogle-gemini-pixel-football-club-partnerships%2F "HTTP/2 200 OK"
2026-08-24 08:39:17,857 [INFO] HTTP Request: GET https://wafeeknfpzjzngzuphoz.supabase.co/rest/v1/articles?select=article_id&original_url=eq.https%3A%2F%2Fblog.google%2Fproducts-and-platforms%2Fproducts%2Fworkspace%2Fsheets-canvas-for-google-sheets-spreadsheets%2F "HTTP/2 200 OK"
2026-08-24 08:39:17,882 [INFO] HTTP Request: GET https://wafeeknfpzjzngzuphoz.supabase.co/rest/v1/articles?select=article_id&original_url=eq.https%3A%2F%2Fblog.google%2Finnovation-and-ai%2Fmodels-and-research%2Fgoogle-research%2Famie-video-consultations%2F "HTTP/2 200 OK"
2026-08-24 08:39:17,902 [INFO] HTTP Request: GET https://wafeeknfpzjzngzuphoz.supabase.co/rest/v1/articles?select=article_id&original_url=eq.https%3A%2F%2Fblog.google%2Fproducts%2Fads-commerce%2Fgoogle-ads-analytics-ai-updates%2F "HTTP/2 200 OK"
2026-08-24 08:39:17,927 [INFO] HTTP Request: GET https://wafeeknfpzjzngzuphoz.supabase.co/rest/v1/articles?select=article_id&original_url=eq.https%3A%2F%2Fblog.google%2Finnovation-and-ai%2Ftechnology%2Fai%2Fgoogle-ai-updates-july-2026%2F "HTTP/2 200 OK"
2026-08-24 08:39:17,954 [INFO] HTTP Request: GET https://wafeeknfpzjzngzuphoz.supabase.co/rest/v1/articles?select=article_id&original_url=eq.https%3A%2F%2Fblog.google%2Finnovation-and-ai%2Ftechnology%2Fdevelopers-tools%2Fai-agents-intensive-recap-2026%2F "HTTP/2 200 OK"
2026-08-24 08:39:17,992 [INFO] HTTP Request: GET https://wafeeknfpzjzngzuphoz.supabase.co/rest/v1/articles?select=article_id&original_url=eq.https%3A%2F%2Fblog.google%2Finnovation-and-ai%2Ftechnology%2Fdevelopers-tools%2Fexpanding-managed-agents-gemini-api-3-6-flash-hooks%2F "HTTP/2 200 OK"
2026-08-24 08:39:18,011 [INFO] HTTP Request: GET https://wafeeknfpzjzngzuphoz.supabase.co/rest/v1/articles?select=article_id&original_url=eq.https%3A%2F%2Fblog.google%2Fproducts-and-platforms%2Fproducts%2Fsearch%2Fai-mode-real-world-tips%2F "HTTP/2 200 OK"
2026-08-24 08:39:18,039 [INFO] HTTP Request: GET https://wafeeknfpzjzngzuphoz.supabase.co/rest/v1/articles?select=article_id&original_url=eq.https%3A%2F%2Fblog.google%2Fproducts-and-platforms%2Fproducts%2Fsearch%2Fdinner-party-hosting-tips%2F "HTTP/2 200 OK"
2026-08-24 08:39:19,043 [INFO] HTTP Request: GET https://wafeeknfpzjzngzuphoz.supabase.co/rest/v1/articles?select=article_id&original_url=eq.https%3A%2F%2Fnews.hada.io%2Ftopic%3Fid%3D32817 "HTTP/2 200 OK"
2026-08-24 08:39:19,061 [INFO] HTTP Request: GET https://wafeeknfpzjzngzuphoz.supabase.co/rest/v1/articles?select=article_id&original_url=eq.https%3A%2F%2Fnews.hada.io%2Ftopic%3Fid%3D32816 "HTTP/2 200 OK"
2026-08-24 08:39:19,085 [INFO] HTTP Request: GET https://wafeeknfpzjzngzuphoz.supabase.co/rest/v1/articles?select=article_id&original_url=eq.https%3A%2F%2Fnews.hada.io%2Ftopic%3Fid%3D32814 "HTTP/2 200 OK"
2026-08-24 08:39:19,105 [INFO] HTTP Request: GET https://wafeeknfpzjzngzuphoz.supabase.co/rest/v1/articles?select=article_id&original_url=eq.https%3A%2F%2Fnews.hada.io%2Ftopic%3Fid%3D32813 "HTTP/2 200 OK"
2026-08-24 08:39:19,126 [INFO] HTTP Request: GET https://wafeeknfpzjzngzuphoz.supabase.co/rest/v1/articles?select=article_id&original_url=eq.https%3A%2F%2Fnews.hada.io%2Ftopic%3Fid%3D32812 "HTTP/2 200 OK"
2026-08-24 08:39:19,154 [INFO] HTTP Request: GET https://wafeeknfpzjzngzuphoz.supabase.co/rest/v1/articles?select=article_id&original_url=eq.https%3A%2F%2Fnews.hada.io%2Ftopic%3Fid%3D32811 "HTTP/2 200 OK"
2026-08-24 08:39:19,181 [INFO] HTTP Request: GET https://wafeeknfpzjzngzuphoz.supabase.co/rest/v1/articles?select=article_id&original_url=eq.https%3A%2F%2Fnews.hada.io%2Ftopic%3Fid%3D32810 "HTTP/2 200 OK"
2026-08-24 08:39:19,201 [INFO] HTTP Request: GET https://wafeeknfpzjzngzuphoz.supabase.co/rest/v1/articles?select=article_id&original_url=eq.https%3A%2F%2Fnews.hada.io%2Ftopic%3Fid%3D32809 "HTTP/2 200 OK"
2026-08-24 08:39:19,224 [INFO] HTTP Request: GET https://wafeeknfpzjzngzuphoz.supabase.co/rest/v1/articles?select=article_id&original_url=eq.https%3A%2F%2Fnews.hada.io%2Ftopic%3Fid%3D32808 "HTTP/2 200 OK"
2026-08-24 08:39:19,245 [INFO] HTTP Request: GET https://wafeeknfpzjzngzuphoz.supabase.co/rest/v1/articles?select=article_id&original_url=eq.https%3A%2F%2Fnews.hada.io%2Ftopic%3Fid%3D32807 "HTTP/2 200 OK"
2026-08-24 08:39:19,341 [INFO] HTTP Request: GET https://wafeeknfpzjzngzuphoz.supabase.co/rest/v1/articles?select=article_id&original_url=eq.https%3A%2F%2Fwww.aitimes.com%2Fnews%2FarticleView.html%3Fidxno%3D214269 "HTTP/2 200 OK"
2026-08-24 08:39:19,366 [INFO] HTTP Request: POST https://wafeeknfpzjzngzuphoz.supabase.co/rest/v1/articles "HTTP/2 201 Created"
2026-08-24 08:39:19,387 [INFO] HTTP Request: GET https://wafeeknfpzjzngzuphoz.supabase.co/rest/v1/articles?select=article_id&original_url=eq.https%3A%2F%2Fwww.aitimes.com%2Fnews%2FarticleView.html%3Fidxno%3D214266 "HTTP/2 200 OK"
2026-08-24 08:39:19,409 [INFO] HTTP Request: GET https://wafeeknfpzjzngzuphoz.supabase.co/rest/v1/articles?select=article_id&original_url=eq.https%3A%2F%2Fwww.aitimes.com%2Fnews%2FarticleView.html%3Fidxno%3D214264 "HTTP/2 200 OK"
2026-08-24 08:39:19,428 [INFO] HTTP Request: GET https://wafeeknfpzjzngzuphoz.supabase.co/rest/v1/articles?select=article_id&original_url=eq.https%3A%2F%2Fwww.aitimes.com%2Fnews%2FarticleView.html%3Fidxno%3D214263 "HTTP/2 200 OK"
2026-08-24 08:39:19,449 [INFO] HTTP Request: GET https://wafeeknfpzjzngzuphoz.supabase.co/rest/v1/articles?select=article_id&original_url=eq.https%3A%2F%2Fwww.aitimes.com%2Fnews%2FarticleView.html%3Fidxno%3D214260 "HTTP/2 200 OK"
2026-08-24 08:39:19,468 [INFO] HTTP Request: GET https://wafeeknfpzjzngzuphoz.supabase.co/rest/v1/articles?select=article_id&original_url=eq.https%3A%2F%2Fwww.aitimes.com%2Fnews%2FarticleView.html%3Fidxno%3D214259 "HTTP/2 200 OK"
2026-08-24 08:39:19,486 [INFO] HTTP Request: GET https://wafeeknfpzjzngzuphoz.supabase.co/rest/v1/articles?select=article_id&original_url=eq.https%3A%2F%2Fwww.aitimes.com%2Fnews%2FarticleView.html%3Fidxno%3D214258 "HTTP/2 200 OK"
2026-08-24 08:39:19,505 [INFO] HTTP Request: GET https://wafeeknfpzjzngzuphoz.supabase.co/rest/v1/articles?select=article_id&original_url=eq.https%3A%2F%2Fwww.aitimes.com%2Fnews%2FarticleView.html%3Fidxno%3D214083 "HTTP/2 200 OK"
2026-08-24 08:39:19,529 [INFO] HTTP Request: GET https://wafeeknfpzjzngzuphoz.supabase.co/rest/v1/articles?select=article_id&original_url=eq.https%3A%2F%2Fwww.aitimes.com%2Fnews%2FarticleView.html%3Fidxno%3D214256 "HTTP/2 200 OK"
2026-08-24 08:39:19,547 [INFO] HTTP Request: GET https://wafeeknfpzjzngzuphoz.supabase.co/rest/v1/articles?select=article_id&original_url=eq.https%3A%2F%2Fwww.aitimes.com%2Fnews%2FarticleView.html%3Fidxno%3D214255 "HTTP/2 200 OK"
2026-08-24 08:39:19,712 [INFO] HTTP Request: GET https://wafeeknfpzjzngzuphoz.supabase.co/rest/v1/articles?select=article_id&original_url=eq.https%3A%2F%2Fnews.google.com%2Frss%2Farticles%2FCBMiXEFVX3lxTE9DWXkyN3hhUDFHR0tCMXdpVkt3OTAyS1dBUUN6QXBKTEpMOF9SLWJSZkl3VW5FdzE2N1JiYk13NGtFQXNnbjFZZ3Vsd3BZNGJLWDJTdVladTk0bXRi%3Foc%3D5 "HTTP/2 200 OK"
2026-08-24 08:39:19,731 [INFO] HTTP Request: GET https://wafeeknfpzjzngzuphoz.supabase.co/rest/v1/articles?select=article_id&original_url=eq.https%3A%2F%2Fnews.google.com%2Frss%2Farticles%2FCBMiVkFVX3lxTFBlSVhEWDF6dU85X3puVUswSzlXLUx4OXg5b0JZMlJYeHFXcHFsM1FLNEQ4MHQxTjlfRzZMZVhiU0JVTm5nS1paWnhEVXM1RzRmV0hWeWNR%3Foc%3D5 "HTTP/2 200 OK"
2026-08-24 08:39:19,752 [INFO] HTTP Request: GET https://wafeeknfpzjzngzuphoz.supabase.co/rest/v1/articles?select=article_id&original_url=eq.https%3A%2F%2Fnews.google.com%2Frss%2Farticles%2FCBMiSEFVX3lxTE1mczBWYm0wOEU3a2NSanExQ0V5ZjNDWmZhNURubTVxcmJDRUNjLXZzT1JmT2JlbVYwUjlWY0dxNXgxRW5ueHdveA%3Foc%3D5 "HTTP/2 200 OK"
2026-08-24 08:39:19,772 [INFO] HTTP Request: GET https://wafeeknfpzjzngzuphoz.supabase.co/rest/v1/articles?select=article_id&original_url=eq.https%3A%2F%2Fnews.google.com%2Frss%2Farticles%2FCBMijgFBVV95cUxPaXVvNUlaeE5USjVKOGE5WEpLRDA2Y0c4Z3hONXZLaXc3X2IySmlzMy1kSExBUzNRMlY5dmUyNWNnX295R0tucnRKUi1aUnJsMjkzUllJWGdzbHVtajMyVG5pWW81YUxVbzhRQUh1T3E4bTJaU3AtRlFzQ0RjUzFxc1BqMkZpNGRwVUhXTi1R%3Foc%3D5 "HTTP/2 200 OK"
2026-08-24 08:39:19,791 [INFO] HTTP Request: GET https://wafeeknfpzjzngzuphoz.supabase.co/rest/v1/articles?select=article_id&original_url=eq.https%3A%2F%2Fnews.google.com%2Frss%2Farticles%2FCBMib0FVX3lxTE1GYWxwbEp6YTFrUExYQ3J0aW1aVkdtTFptSlNqZ3dsWEdlLXI2RnJyb3UwQVhHWURDamk2UXE5N1dIMzQxZkxOT0R0V1gyUHRkYWhqdWgycHU4WHNXa2QtTUVReFpLbWZoZWlmS09nWQ%3Foc%3D5 "HTTP/2 200 OK"
2026-08-24 08:39:19,812 [INFO] HTTP Request: GET https://wafeeknfpzjzngzuphoz.supabase.co/rest/v1/articles?select=article_id&original_url=eq.https%3A%2F%2Fnews.google.com%2Frss%2Farticles%2FCBMiT0FVX3lxTFAzaWZPNVkxUlpVVTkzeEkyZURXNHppRWFtYkVEeUFCaDhTeVJFS0VubHd5Tjd6U09KRGI3ZDZYTXFNWWRQeHk5Q1F2eTlzeDQ%3Foc%3D5 "HTTP/2 200 OK"
2026-08-24 08:39:19,837 [INFO] HTTP Request: GET https://wafeeknfpzjzngzuphoz.supabase.co/rest/v1/articles?select=article_id&original_url=eq.https%3A%2F%2Fnews.google.com%2Frss%2Farticles%2FCBMiZEFVX3lxTE9Pdk1TUFhhVkFtNWhIX2VSYWpDVmZJRGhSLXN1OUdjOHV3MUZkTEwxdXltekZ3QUJPWTJVdEhpX3NhekUyUE45MEsySUQ0Y3lvZmNpeEJSdDJmMDl5UWdmTW0yUmvSAWhBVV95cUxQY0pZWjNrQkk5dmc5T21vRVFRZ05KYVlnOGRCc1I2cU1QczFoWWF0eXRBQkFLa20xRENOb1B4cnRmMmZta2lTdlljYjF3bVNzelp4enhONU52Z2twUDAxcTk2SDlTZU5ZNw%3Foc%3D5 "HTTP/2 200 OK"
2026-08-24 08:39:19,859 [INFO] HTTP Request: GET https://wafeeknfpzjzngzuphoz.supabase.co/rest/v1/articles?select=article_id&original_url=eq.https%3A%2F%2Fnews.google.com%2Frss%2Farticles%2FCBMiYEFVX3lxTE9RTWVMYXhEOGtwcjFwdzVwN1l4NUV5eThXRm9zbDVxM3lOckRZYUZIRURleUxXS0pyRWdtLVRHSy00Vjk2anRoS1BISkxweFhhUXJkVnZyRXdOcVF6M1lseQ%3Foc%3D5 "HTTP/2 200 OK"
2026-08-24 08:39:19,879 [INFO] HTTP Request: GET https://wafeeknfpzjzngzuphoz.supabase.co/rest/v1/articles?select=article_id&original_url=eq.https%3A%2F%2Fnews.google.com%2Frss%2Farticles%2FCBMic0FVX3lxTE1WUnZtUmtkcS1Ec0ppZVV4WjBnNWswaTlPY1JsOXJaWkVaai1kdjdsSXNFY2tTM2hybFJGT3pnLUZUSEp3eHYzVGtYbkhsZEYxdTRhb2JQTXd5Z1I2YXROYlhQN3d6QWJZNHNhZjZreWp3YmM%3Foc%3D5 "HTTP/2 200 OK"
2026-08-24 08:39:19,899 [INFO] HTTP Request: GET https://wafeeknfpzjzngzuphoz.supabase.co/rest/v1/articles?select=article_id&original_url=eq.https%3A%2F%2Fnews.google.com%2Frss%2Farticles%2FCBMibEFVX3lxTE1ZY01VdkJHWXZXTXcwR3Z0d05NTVJLcXQxQkE5VHU5aXpqaGVmbWRETWFsbWlld2NnU3k4NUNOdHlENzVuTENnVjZHSnE1bzhlMFR3THU5RVc3MjRkSVZMSzU1S1V6Q09QdHZUSw%3Foc%3D5 "HTTP/2 200 OK"
2026-08-24 08:39:20,123 [INFO] HTTP Request: GET https://wafeeknfpzjzngzuphoz.supabase.co/rest/v1/articles?select=article_id&original_url=eq.https%3A%2F%2Fnews.google.com%2Frss%2Farticles%2FCBMiT0FVX3lxTE9maDcxRmZfNnhvYjhGdk1Td0g3MFlvcnBFOVBBVk04aHVBd2dGZXU3NXYtc19yNk4tbXZGVUhYd0g3UlliTEgyeF9GUmgzVTQ%3Foc%3D5 "HTTP/2 200 OK"
2026-08-24 08:39:20,143 [INFO] HTTP Request: GET https://wafeeknfpzjzngzuphoz.supabase.co/rest/v1/articles?select=article_id&original_url=eq.https%3A%2F%2Fnews.google.com%2Frss%2Farticles%2FCBMiX0FVX3lxTE1hbXMxS2h2Tm12VWRsWC1fcFBTMFIwYWN2b3FtYi1HR0lMeEY0LXpzdlNmVVY1aTJPZTNBY25GRkZTR3YyVk1MQVZlbFlpXzlKWDJKTGt3cnM3ZUJ4YldN0gFkQVVfeXFMUEdnTFZKeGh6VlNzR0JxaW5hQV9aQXZYSHgxQVRXY1JCelZUcXI4engya2p3XzNPRzBWM0QtUEZhamR4ZlQ5Zk5LMGFETkZSSFdLZ1hhSmc3TGtKbVNCang1NV9DMQ%3Foc%3D5 "HTTP/2 200 OK"
2026-08-24 08:39:20,161 [INFO] HTTP Request: GET https://wafeeknfpzjzngzuphoz.supabase.co/rest/v1/articles?select=article_id&original_url=eq.https%3A%2F%2Fnews.google.com%2Frss%2Farticles%2FCBMiXEFVX3lxTE1NWUJLV3NwUG12dWdVX19fSXN4dzdLS3lxUWhMenBuSGdianduTWIzWndRdzZTck8tX2dNS1kyR0hJZEc3bVFOQlBJNjJoa2wwOFJWRS1zMExQb0gw%3Foc%3D5 "HTTP/2 200 OK"
2026-08-24 08:39:20,179 [INFO] HTTP Request: GET https://wafeeknfpzjzngzuphoz.supabase.co/rest/v1/articles?select=article_id&original_url=eq.https%3A%2F%2Fnews.google.com%2Frss%2Farticles%2FCBMiVEFVX3lxTE1Cc25YeEwxRmx1WVJwY2NzUGRXWmFSenFnNXpSbUVoampsbUd0Wl9CdlpvSGtQYnNtWXBYblg1WEFkQVJwcTk1U0FlbVJwa241U1BHbA%3Foc%3D5 "HTTP/2 200 OK"
2026-08-24 08:39:20,199 [INFO] HTTP Request: GET https://wafeeknfpzjzngzuphoz.supabase.co/rest/v1/articles?select=article_id&original_url=eq.https%3A%2F%2Fnews.google.com%2Frss%2Farticles%2FCBMiVkFVX3lxTE1LUmR1a3AyMW9vcUFiQnlIVjhpbHZCdndzdGV1RXJ2cmpiZk41ak91eEtXNWU1Tk5qdDI3ZlhEQUJRUk5hME4weFFBcWM5QlRzNmJXRW93%3Foc%3D5 "HTTP/2 200 OK"
2026-08-24 08:39:20,219 [INFO] HTTP Request: GET https://wafeeknfpzjzngzuphoz.supabase.co/rest/v1/articles?select=article_id&original_url=eq.https%3A%2F%2Fnews.google.com%2Frss%2Farticles%2FCBMiakFVX3lxTE1WRUotYjJjMmsyWTY2Y0dwSDNmaHZMOVNwNlh0YlcwTzl4d1o2OVV5Y2VGU0I1ZU1zeHZ2RS1lVTZRdy05U19oaHZRM2Z0dm9EbTFlc0h2NG5MbTZkREhQbkdWMUkzZ1BXaGc%3Foc%3D5 "HTTP/2 200 OK"
2026-08-24 08:39:20,238 [INFO] HTTP Request: GET https://wafeeknfpzjzngzuphoz.supabase.co/rest/v1/articles?select=article_id&original_url=eq.https%3A%2F%2Fnews.google.com%2Frss%2Farticles%2FCBMiWkFVX3lxTE5kZExzOWM3QngzVEVNTXhNcGVFamZDV0V2R09MSk9nUFNTeFV2Ukdfa3N5dm1idlBkdE9idXZ1em9SUlY3SlQ3ZzVmaFdoZ2Z5Tm1nS0FPR0EzZ9IBWEFVX3lxTFA1eURUamRBcHdMX0s5RXR2MTVscmpRQ21scEo5Mkw5VjRrOVdqZE1YcWhVX21WWmRVX21JTm15NVRtTzdINzBwQVVxZGdqX1ZMeHZlS2N0NFk%3Foc%3D5 "HTTP/2 200 OK"
2026-08-24 08:39:20,263 [INFO] HTTP Request: GET https://wafeeknfpzjzngzuphoz.supabase.co/rest/v1/articles?select=article_id&original_url=eq.https%3A%2F%2Fnews.google.com%2Frss%2Farticles%2FCBMiWkFVX3lxTE1tX29HeWRyYzRqbjBCWXZncF9zSXBfRnU0dVBhQzlxUk5RQmM4UFBXbFVxbGVuX09la3Uwdkh4cnRmZjhLVGFOaUlTQkZpMGZmakxDcDY4Q3Y0QQ%3Foc%3D5 "HTTP/2 200 OK"
2026-08-24 08:39:20,285 [INFO] HTTP Request: GET https://wafeeknfpzjzngzuphoz.supabase.co/rest/v1/articles?select=article_id&original_url=eq.https%3A%2F%2Fnews.google.com%2Frss%2Farticles%2FCBMiT0FVX3lxTE01QmFNZ0V5eWItT2NiWTlzbkRYS1JJU2xDVnVnTTZ6TmRtc3hybkxNTmpZUjlJZHVfWktreV9GRUt2X09Sc0ZRZ0p6ZDdaTGc%3Foc%3D5 "HTTP/2 200 OK"
2026-08-24 08:39:20,305 [INFO] HTTP Request: GET https://wafeeknfpzjzngzuphoz.supabase.co/rest/v1/articles?select=article_id&original_url=eq.https%3A%2F%2Fnews.google.com%2Frss%2Farticles%2FCBMiT0FVX3lxTE5pT2NxbXJmajNtcGRxTHZNcjlXazcwQ29IeGNUN0F3X2dUOWV2S1dDVHMyZUtrdWNoLWhXZHJ0SlJLRUNfcUNjMXR5MUpYTzQ%3Foc%3D5 "HTTP/2 200 OK"
2026-08-24 08:39:20,425 [INFO] HTTP Request: GET https://wafeeknfpzjzngzuphoz.supabase.co/rest/v1/articles?select=article_id&original_url=eq.https%3A%2F%2Fyozm.wishket.com%2Fmagazine%2Fdetail%2F3909 "HTTP/2 200 OK"
2026-08-24 08:39:20,444 [INFO] HTTP Request: GET https://wafeeknfpzjzngzuphoz.supabase.co/rest/v1/articles?select=article_id&original_url=eq.https%3A%2F%2Fyozm.wishket.com%2Fmagazine%2Fdetail%2F3908 "HTTP/2 200 OK"
2026-08-24 08:39:20,464 [INFO] HTTP Request: GET https://wafeeknfpzjzngzuphoz.supabase.co/rest/v1/articles?select=article_id&original_url=eq.https%3A%2F%2Fyozm.wishket.com%2Fmagazine%2Fdetail%2F3907 "HTTP/2 200 OK"
2026-08-24 08:39:20,483 [INFO] HTTP Request: GET https://wafeeknfpzjzngzuphoz.supabase.co/rest/v1/articles?select=article_id&original_url=eq.https%3A%2F%2Fyozm.wishket.com%2Fmagazine%2Fdetail%2F3906 "HTTP/2 200 OK"
2026-08-24 08:39:20,500 [INFO] HTTP Request: GET https://wafeeknfpzjzngzuphoz.supabase.co/rest/v1/articles?select=article_id&original_url=eq.https%3A%2F%2Fyozm.wishket.com%2Fmagazine%2Fdetail%2F3905 "HTTP/2 200 OK"
2026-08-24 08:39:20,519 [INFO] HTTP Request: GET https://wafeeknfpzjzngzuphoz.supabase.co/rest/v1/articles?select=article_id&original_url=eq.https%3A%2F%2Fyozm.wishket.com%2Fmagazine%2Fdetail%2F3904 "HTTP/2 200 OK"
2026-08-24 08:39:20,542 [INFO] HTTP Request: GET https://wafeeknfpzjzngzuphoz.supabase.co/rest/v1/articles?select=article_id&original_url=eq.https%3A%2F%2Fyozm.wishket.com%2Fmagazine%2Fdetail%2F3903 "HTTP/2 200 OK"
2026-08-24 08:39:20,575 [INFO] HTTP Request: GET https://wafeeknfpzjzngzuphoz.supabase.co/rest/v1/articles?select=article_id&original_url=eq.https%3A%2F%2Fyozm.wishket.com%2Fmagazine%2Fdetail%2F3902 "HTTP/2 200 OK"
2026-08-24 08:39:20,596 [INFO] HTTP Request: GET https://wafeeknfpzjzngzuphoz.supabase.co/rest/v1/articles?select=article_id&original_url=eq.https%3A%2F%2Fyozm.wishket.com%2Fmagazine%2Fdetail%2F3901 "HTTP/2 200 OK"
2026-08-24 08:39:20,618 [INFO] HTTP Request: GET https://wafeeknfpzjzngzuphoz.supabase.co/rest/v1/articles?select=article_id&original_url=eq.https%3A%2F%2Fyozm.wishket.com%2Fmagazine%2Fdetail%2F3900 "HTTP/2 200 OK"
2026-08-24 08:39:20,962 [INFO] HTTP Request: GET https://wafeeknfpzjzngzuphoz.supabase.co/rest/v1/articles?select=article_id&original_url=eq.https%3A%2F%2Ftechblog.woowahan.com%2F26876%2F "HTTP/2 200 OK"
2026-08-24 08:39:20,988 [INFO] HTTP Request: GET https://wafeeknfpzjzngzuphoz.supabase.co/rest/v1/articles?select=article_id&original_url=eq.https%3A%2F%2Ftechblog.woowahan.com%2F26777%2F "HTTP/2 200 OK"
2026-08-24 08:39:21,008 [INFO] HTTP Request: GET https://wafeeknfpzjzngzuphoz.supabase.co/rest/v1/articles?select=article_id&original_url=eq.https%3A%2F%2Ftechblog.woowahan.com%2F26729%2F "HTTP/2 200 OK"
2026-08-24 08:39:21,024 [INFO] HTTP Request: GET https://wafeeknfpzjzngzuphoz.supabase.co/rest/v1/articles?select=article_id&original_url=eq.https%3A%2F%2Ftechblog.woowahan.com%2F26507%2F "HTTP/2 200 OK"
2026-08-24 08:39:21,044 [INFO] HTTP Request: GET https://wafeeknfpzjzngzuphoz.supabase.co/rest/v1/articles?select=article_id&original_url=eq.https%3A%2F%2Ftechblog.woowahan.com%2F26624%2F "HTTP/2 200 OK"
2026-08-24 08:39:21,067 [INFO] HTTP Request: GET https://wafeeknfpzjzngzuphoz.supabase.co/rest/v1/articles?select=article_id&original_url=eq.https%3A%2F%2Ftechblog.woowahan.com%2F26492%2F "HTTP/2 200 OK"
2026-08-24 08:39:21,086 [INFO] HTTP Request: GET https://wafeeknfpzjzngzuphoz.supabase.co/rest/v1/articles?select=article_id&original_url=eq.https%3A%2F%2Ftechblog.woowahan.com%2F26459%2F "HTTP/2 200 OK"
2026-08-24 08:39:21,104 [INFO] HTTP Request: GET https://wafeeknfpzjzngzuphoz.supabase.co/rest/v1/articles?select=article_id&original_url=eq.https%3A%2F%2Ftechblog.woowahan.com%2F26379%2F "HTTP/2 200 OK"
2026-08-24 08:39:21,121 [INFO] HTTP Request: GET https://wafeeknfpzjzngzuphoz.supabase.co/rest/v1/articles?select=article_id&original_url=eq.https%3A%2F%2Ftechblog.woowahan.com%2F26388%2F "HTTP/2 200 OK"
2026-08-24 08:39:21,140 [INFO] HTTP Request: GET https://wafeeknfpzjzngzuphoz.supabase.co/rest/v1/articles?select=article_id&original_url=eq.https%3A%2F%2Ftechblog.woowahan.com%2F26319%2F "HTTP/2 200 OK"
2026-08-24 08:39:21,255 [INFO] HTTP Request: GET https://wafeeknfpzjzngzuphoz.supabase.co/rest/v1/articles?select=article_id&original_url=eq.https%3A%2F%2Ftech.kakao.com%2Fposts%2F829 "HTTP/2 200 OK"
2026-08-24 08:39:21,274 [INFO] HTTP Request: GET https://wafeeknfpzjzngzuphoz.supabase.co/rest/v1/articles?select=article_id&original_url=eq.https%3A%2F%2Ftech.kakao.com%2Fposts%2F828 "HTTP/2 200 OK"
2026-08-24 08:39:21,299 [INFO] HTTP Request: GET https://wafeeknfpzjzngzuphoz.supabase.co/rest/v1/articles?select=article_id&original_url=eq.https%3A%2F%2Ftech.kakao.com%2Fposts%2F827 "HTTP/2 200 OK"
2026-08-24 08:39:21,317 [INFO] HTTP Request: GET https://wafeeknfpzjzngzuphoz.supabase.co/rest/v1/articles?select=article_id&original_url=eq.https%3A%2F%2Ftech.kakao.com%2Fposts%2F826 "HTTP/2 200 OK"
2026-08-24 08:39:21,335 [INFO] HTTP Request: GET https://wafeeknfpzjzngzuphoz.supabase.co/rest/v1/articles?select=article_id&original_url=eq.https%3A%2F%2Ftech.kakao.com%2Fposts%2F825 "HTTP/2 200 OK"
2026-08-24 08:39:21,355 [INFO] HTTP Request: GET https://wafeeknfpzjzngzuphoz.supabase.co/rest/v1/articles?select=article_id&original_url=eq.https%3A%2F%2Ftech.kakao.com%2Fposts%2F824 "HTTP/2 200 OK"
2026-08-24 08:39:21,373 [INFO] HTTP Request: GET https://wafeeknfpzjzngzuphoz.supabase.co/rest/v1/articles?select=article_id&original_url=eq.https%3A%2F%2Ftech.kakao.com%2Fposts%2F823 "HTTP/2 200 OK"
2026-08-24 08:39:21,398 [INFO] HTTP Request: GET https://wafeeknfpzjzngzuphoz.supabase.co/rest/v1/articles?select=article_id&original_url=eq.https%3A%2F%2Ftech.kakao.com%2Fposts%2F818 "HTTP/2 200 OK"
2026-08-24 08:39:21,416 [INFO] HTTP Request: GET https://wafeeknfpzjzngzuphoz.supabase.co/rest/v1/articles?select=article_id&original_url=eq.https%3A%2F%2Ftech.kakao.com%2Fposts%2F822 "HTTP/2 200 OK"
2026-08-24 08:39:21,433 [INFO] HTTP Request: GET https://wafeeknfpzjzngzuphoz.supabase.co/rest/v1/articles?select=article_id&original_url=eq.https%3A%2F%2Ftech.kakao.com%2Fposts%2F821 "HTTP/2 200 OK"
2026-08-24 08:39:21,451 [INFO] HTTP Request: GET https://wafeeknfpzjzngzuphoz.supabase.co/rest/v1/articles?select=article_id%2Csource_id%2Ccategory_id%2Coriginal_url%2Ctitle%2Csummary%2Csources%28name%2Ctype%2Creliability_score%29%2Ccategories%28name%29&collected_at=gte.2026-08-24T00%3A00%3A00 "HTTP/2 200 OK"
2026-08-24 08:39:21,471 [INFO] HTTP Request: GET https://wafeeknfpzjzngzuphoz.supabase.co/rest/v1/users?select=user_id%2Cemail "HTTP/2 200 OK"
2026-08-24 08:39:21,490 [INFO] HTTP Request: GET https://wafeeknfpzjzngzuphoz.supabase.co/rest/v1/user_sources?select=source_id&user_id=eq.1 "HTTP/2 200 OK"
2026-08-24 08:39:21,508 [INFO] HTTP Request: GET https://wafeeknfpzjzngzuphoz.supabase.co/rest/v1/subscriptions?select=category_id&user_id=eq.1&is_active=eq.True "HTTP/2 200 OK"
2026-08-24 08:39:21,508 [INFO] 👤 사용자(koreajjangboy@gmail.com) - 선택 소스: {1, 2, 3, 4, 5, 6, 7, 8, 9, 10, 11, 12, 13, 14}, 활성 카테고리: {1, 2}
2026-08-24 08:39:21,508 [INFO] 📊 사용자(koreajjangboy@gmail.com) 맞춤 기사 수: 0
2026-08-24 08:39:21,527 [INFO] HTTP Request: GET https://wafeeknfpzjzngzuphoz.supabase.co/rest/v1/digests?select=digest_id&user_id=eq.1&digest_date=eq.2026-08-24 "HTTP/2 200 OK"
2026-08-24 08:39:21,545 [INFO] HTTP Request: PATCH https://wafeeknfpzjzngzuphoz.supabase.co/rest/v1/digests?user_id=eq.1&digest_date=eq.2026-08-24 "HTTP/2 200 OK"
2026-08-24 08:39:21,546 [INFO] 📄 사용자(koreajjangboy@gmail.com) 개인 다이제스트 생성 완료: news/koreajjangboy_at_gmail_com/2026-08-24.html
2026-08-24 08:39:21,546 [INFO] ✅ 총 1개 신규 기사 DB 저장 및 개인별 다이제스트 생성 완료

2026-08-24 08:42:16,114 [INFO] ⚡ [--now] 옵션 감지: 즉시 수집 작업을 실행합니다.
2026-08-24 08:42:16,114 [INFO] 🚀 [Start] RSS 피드 수집 및 DB 저장 시작
2026-08-24 08:42:16,683 [INFO] HTTP Request: GET https://wafeeknfpzjzngzuphoz.supabase.co/rest/v1/sources?select=source_id%2Cname%2Curl "HTTP/2 200 OK"
2026-08-24 08:42:16,712 [INFO] HTTP Request: GET https://wafeeknfpzjzngzuphoz.supabase.co/rest/v1/categories?select=category_id%2Cname&is_active=eq.True "HTTP/2 200 OK"
2026-08-24 08:42:17,236 [INFO] HTTP Request: GET https://wafeeknfpzjzngzuphoz.supabase.co/rest/v1/articles?select=article_id&original_url=eq.https%3A%2F%2Fopenai.com%2Findex%2Fintroducing-ai-futures "HTTP/2 200 OK"
2026-08-24 08:42:17,262 [INFO] HTTP Request: GET https://wafeeknfpzjzngzuphoz.supabase.co/rest/v1/articles?select=article_id&original_url=eq.https%3A%2F%2Fopenai.com%2Findex%2Fstampli "HTTP/2 200 OK"
2026-08-24 08:42:17,289 [INFO] HTTP Request: GET https://wafeeknfpzjzngzuphoz.supabase.co/rest/v1/articles?select=article_id&original_url=eq.https%3A%2F%2Fopenai.com%2Findex%2Foffering-zero-data-retention-for-frontier-models "HTTP/2 200 OK"
2026-08-24 08:42:17,315 [INFO] HTTP Request: GET https://wafeeknfpzjzngzuphoz.supabase.co/rest/v1/articles?select=article_id&original_url=eq.https%3A%2F%2Fopenai.com%2Findex%2Freplit "HTTP/2 200 OK"
2026-08-24 08:42:17,338 [INFO] HTTP Request: GET https://wafeeknfpzjzngzuphoz.supabase.co/rest/v1/articles?select=article_id&original_url=eq.https%3A%2F%2Fopenai.com%2Findex%2Fchatgpt-ads-expands-across-europe "HTTP/2 200 OK"
2026-08-24 08:42:17,361 [INFO] HTTP Request: GET https://wafeeknfpzjzngzuphoz.supabase.co/rest/v1/articles?select=article_id&original_url=eq.https%3A%2F%2Fopenai.com%2Findex%2Fstrengthening-democratic-oversight-in-national-security "HTTP/2 200 OK"
2026-08-24 08:42:17,386 [INFO] HTTP Request: GET https://wafeeknfpzjzngzuphoz.supabase.co/rest/v1/articles?select=article_id&original_url=eq.https%3A%2F%2Fopenai.com%2Findex%2Fpartnering-with-codeai "HTTP/2 200 OK"
2026-08-24 08:42:17,409 [INFO] HTTP Request: GET https://wafeeknfpzjzngzuphoz.supabase.co/rest/v1/articles?select=article_id&original_url=eq.https%3A%2F%2Fopenai.com%2Findex%2Fpacing-model-development-cyber-capabilities "HTTP/2 200 OK"
2026-08-24 08:42:17,432 [INFO] HTTP Request: GET https://wafeeknfpzjzngzuphoz.supabase.co/rest/v1/articles?select=article_id&original_url=eq.https%3A%2F%2Fopenai.com%2Findex%2Fchatgpt-for-teens "HTTP/2 200 OK"
2026-08-24 08:42:17,456 [INFO] HTTP Request: GET https://wafeeknfpzjzngzuphoz.supabase.co/rest/v1/articles?select=article_id&original_url=eq.https%3A%2F%2Fopenai.com%2Findex%2Fnvidia%2Fchatgpt-work "HTTP/2 200 OK"
2026-08-24 08:42:18,266 [INFO] HTTP Request: GET https://wafeeknfpzjzngzuphoz.supabase.co/rest/v1/articles?select=article_id&original_url=eq.https%3A%2F%2Fblog.google%2Fproducts-and-platforms%2Fproducts%2Fsearch%2Fback-to-school-study-tools%2F "HTTP/2 200 OK"
2026-08-24 08:42:18,292 [INFO] HTTP Request: GET https://wafeeknfpzjzngzuphoz.supabase.co/rest/v1/articles?select=article_id&original_url=eq.https%3A%2F%2Fblog.google%2Fproducts-and-platforms%2Fproducts%2Fgemini%2Fgoogle-gemini-pixel-football-club-partnerships%2F "HTTP/2 200 OK"
2026-08-24 08:42:18,319 [INFO] HTTP Request: GET https://wafeeknfpzjzngzuphoz.supabase.co/rest/v1/articles?select=article_id&original_url=eq.https%3A%2F%2Fblog.google%2Fproducts-and-platforms%2Fproducts%2Fworkspace%2Fsheets-canvas-for-google-sheets-spreadsheets%2F "HTTP/2 200 OK"
2026-08-24 08:42:18,344 [INFO] HTTP Request: GET https://wafeeknfpzjzngzuphoz.supabase.co/rest/v1/articles?select=article_id&original_url=eq.https%3A%2F%2Fblog.google%2Finnovation-and-ai%2Fmodels-and-research%2Fgoogle-research%2Famie-video-consultations%2F "HTTP/2 200 OK"
2026-08-24 08:42:18,366 [INFO] HTTP Request: GET https://wafeeknfpzjzngzuphoz.supabase.co/rest/v1/articles?select=article_id&original_url=eq.https%3A%2F%2Fblog.google%2Fproducts%2Fads-commerce%2Fgoogle-ads-analytics-ai-updates%2F "HTTP/2 200 OK"
2026-08-24 08:42:18,391 [INFO] HTTP Request: GET https://wafeeknfpzjzngzuphoz.supabase.co/rest/v1/articles?select=article_id&original_url=eq.https%3A%2F%2Fblog.google%2Finnovation-and-ai%2Ftechnology%2Fai%2Fgoogle-ai-updates-july-2026%2F "HTTP/2 200 OK"
2026-08-24 08:42:18,420 [INFO] HTTP Request: GET https://wafeeknfpzjzngzuphoz.supabase.co/rest/v1/articles?select=article_id&original_url=eq.https%3A%2F%2Fblog.google%2Finnovation-and-ai%2Ftechnology%2Fdevelopers-tools%2Fai-agents-intensive-recap-2026%2F "HTTP/2 200 OK"
2026-08-24 08:42:18,444 [INFO] HTTP Request: GET https://wafeeknfpzjzngzuphoz.supabase.co/rest/v1/articles?select=article_id&original_url=eq.https%3A%2F%2Fblog.google%2Finnovation-and-ai%2Ftechnology%2Fdevelopers-tools%2Fexpanding-managed-agents-gemini-api-3-6-flash-hooks%2F "HTTP/2 200 OK"
2026-08-24 08:42:18,467 [INFO] HTTP Request: GET https://wafeeknfpzjzngzuphoz.supabase.co/rest/v1/articles?select=article_id&original_url=eq.https%3A%2F%2Fblog.google%2Fproducts-and-platforms%2Fproducts%2Fsearch%2Fai-mode-real-world-tips%2F "HTTP/2 200 OK"
2026-08-24 08:42:18,490 [INFO] HTTP Request: GET https://wafeeknfpzjzngzuphoz.supabase.co/rest/v1/articles?select=article_id&original_url=eq.https%3A%2F%2Fblog.google%2Fproducts-and-platforms%2Fproducts%2Fsearch%2Fdinner-party-hosting-tips%2F "HTTP/2 200 OK"
2026-08-24 08:42:19,190 [INFO] HTTP Request: GET https://wafeeknfpzjzngzuphoz.supabase.co/rest/v1/articles?select=article_id&original_url=eq.https%3A%2F%2Fnews.hada.io%2Ftopic%3Fid%3D32817 "HTTP/2 200 OK"
2026-08-24 08:42:19,221 [INFO] HTTP Request: POST https://wafeeknfpzjzngzuphoz.supabase.co/rest/v1/articles "HTTP/2 201 Created"
2026-08-24 08:42:19,246 [INFO] HTTP Request: GET https://wafeeknfpzjzngzuphoz.supabase.co/rest/v1/articles?select=article_id&original_url=eq.https%3A%2F%2Fnews.hada.io%2Ftopic%3Fid%3D32816 "HTTP/2 200 OK"
2026-08-24 08:42:19,273 [INFO] HTTP Request: POST https://wafeeknfpzjzngzuphoz.supabase.co/rest/v1/articles "HTTP/2 201 Created"
2026-08-24 08:42:19,295 [INFO] HTTP Request: GET https://wafeeknfpzjzngzuphoz.supabase.co/rest/v1/articles?select=article_id&original_url=eq.https%3A%2F%2Fnews.hada.io%2Ftopic%3Fid%3D32814 "HTTP/2 200 OK"
2026-08-24 08:42:19,321 [INFO] HTTP Request: POST https://wafeeknfpzjzngzuphoz.supabase.co/rest/v1/articles "HTTP/2 201 Created"
2026-08-24 08:42:19,345 [INFO] HTTP Request: GET https://wafeeknfpzjzngzuphoz.supabase.co/rest/v1/articles?select=article_id&original_url=eq.https%3A%2F%2Fnews.hada.io%2Ftopic%3Fid%3D32813 "HTTP/2 200 OK"
2026-08-24 08:42:19,371 [INFO] HTTP Request: POST https://wafeeknfpzjzngzuphoz.supabase.co/rest/v1/articles "HTTP/2 201 Created"
2026-08-24 08:42:19,397 [INFO] HTTP Request: GET https://wafeeknfpzjzngzuphoz.supabase.co/rest/v1/articles?select=article_id&original_url=eq.https%3A%2F%2Fnews.hada.io%2Ftopic%3Fid%3D32812 "HTTP/2 200 OK"
2026-08-24 08:42:19,421 [INFO] HTTP Request: POST https://wafeeknfpzjzngzuphoz.supabase.co/rest/v1/articles "HTTP/2 201 Created"
2026-08-24 08:42:19,444 [INFO] HTTP Request: GET https://wafeeknfpzjzngzuphoz.supabase.co/rest/v1/articles?select=article_id&original_url=eq.https%3A%2F%2Fnews.hada.io%2Ftopic%3Fid%3D32811 "HTTP/2 200 OK"
2026-08-24 08:42:19,473 [INFO] HTTP Request: POST https://wafeeknfpzjzngzuphoz.supabase.co/rest/v1/articles "HTTP/2 201 Created"
2026-08-24 08:42:19,496 [INFO] HTTP Request: GET https://wafeeknfpzjzngzuphoz.supabase.co/rest/v1/articles?select=article_id&original_url=eq.https%3A%2F%2Fnews.hada.io%2Ftopic%3Fid%3D32810 "HTTP/2 200 OK"
2026-08-24 08:42:19,521 [INFO] HTTP Request: POST https://wafeeknfpzjzngzuphoz.supabase.co/rest/v1/articles "HTTP/2 201 Created"
2026-08-24 08:42:19,544 [INFO] HTTP Request: GET https://wafeeknfpzjzngzuphoz.supabase.co/rest/v1/articles?select=article_id&original_url=eq.https%3A%2F%2Fnews.hada.io%2Ftopic%3Fid%3D32809 "HTTP/2 200 OK"
2026-08-24 08:42:19,568 [INFO] HTTP Request: POST https://wafeeknfpzjzngzuphoz.supabase.co/rest/v1/articles "HTTP/2 201 Created"
2026-08-24 08:42:19,593 [INFO] HTTP Request: GET https://wafeeknfpzjzngzuphoz.supabase.co/rest/v1/articles?select=article_id&original_url=eq.https%3A%2F%2Fnews.hada.io%2Ftopic%3Fid%3D32808 "HTTP/2 200 OK"
2026-08-24 08:42:19,620 [INFO] HTTP Request: POST https://wafeeknfpzjzngzuphoz.supabase.co/rest/v1/articles "HTTP/2 201 Created"
2026-08-24 08:42:19,647 [INFO] HTTP Request: GET https://wafeeknfpzjzngzuphoz.supabase.co/rest/v1/articles?select=article_id&original_url=eq.https%3A%2F%2Fnews.hada.io%2Ftopic%3Fid%3D32807 "HTTP/2 200 OK"
2026-08-24 08:42:19,683 [INFO] HTTP Request: POST https://wafeeknfpzjzngzuphoz.supabase.co/rest/v1/articles "HTTP/2 201 Created"
2026-08-24 08:42:19,775 [INFO] HTTP Request: GET https://wafeeknfpzjzngzuphoz.supabase.co/rest/v1/articles?select=article_id&original_url=eq.https%3A%2F%2Fwww.aitimes.com%2Fnews%2FarticleView.html%3Fidxno%3D214269 "HTTP/2 200 OK"
2026-08-24 08:42:19,801 [INFO] HTTP Request: POST https://wafeeknfpzjzngzuphoz.supabase.co/rest/v1/articles "HTTP/2 201 Created"
2026-08-24 08:42:19,825 [INFO] HTTP Request: GET https://wafeeknfpzjzngzuphoz.supabase.co/rest/v1/articles?select=article_id&original_url=eq.https%3A%2F%2Fwww.aitimes.com%2Fnews%2FarticleView.html%3Fidxno%3D214266 "HTTP/2 200 OK"
2026-08-24 08:42:19,851 [INFO] HTTP Request: POST https://wafeeknfpzjzngzuphoz.supabase.co/rest/v1/articles "HTTP/2 201 Created"
2026-08-24 08:42:19,876 [INFO] HTTP Request: GET https://wafeeknfpzjzngzuphoz.supabase.co/rest/v1/articles?select=article_id&original_url=eq.https%3A%2F%2Fwww.aitimes.com%2Fnews%2FarticleView.html%3Fidxno%3D214264 "HTTP/2 200 OK"
2026-08-24 08:42:19,901 [INFO] HTTP Request: POST https://wafeeknfpzjzngzuphoz.supabase.co/rest/v1/articles "HTTP/2 201 Created"
2026-08-24 08:42:19,925 [INFO] HTTP Request: GET https://wafeeknfpzjzngzuphoz.supabase.co/rest/v1/articles?select=article_id&original_url=eq.https%3A%2F%2Fwww.aitimes.com%2Fnews%2FarticleView.html%3Fidxno%3D214263 "HTTP/2 200 OK"
2026-08-24 08:42:19,954 [INFO] HTTP Request: POST https://wafeeknfpzjzngzuphoz.supabase.co/rest/v1/articles "HTTP/2 201 Created"
2026-08-24 08:42:19,977 [INFO] HTTP Request: GET https://wafeeknfpzjzngzuphoz.supabase.co/rest/v1/articles?select=article_id&original_url=eq.https%3A%2F%2Fwww.aitimes.com%2Fnews%2FarticleView.html%3Fidxno%3D214260 "HTTP/2 200 OK"
2026-08-24 08:42:20,005 [INFO] HTTP Request: POST https://wafeeknfpzjzngzuphoz.supabase.co/rest/v1/articles "HTTP/2 201 Created"
2026-08-24 08:42:20,031 [INFO] HTTP Request: GET https://wafeeknfpzjzngzuphoz.supabase.co/rest/v1/articles?select=article_id&original_url=eq.https%3A%2F%2Fwww.aitimes.com%2Fnews%2FarticleView.html%3Fidxno%3D214259 "HTTP/2 200 OK"
2026-08-24 08:42:20,055 [INFO] HTTP Request: POST https://wafeeknfpzjzngzuphoz.supabase.co/rest/v1/articles "HTTP/2 201 Created"
2026-08-24 08:42:20,076 [INFO] HTTP Request: GET https://wafeeknfpzjzngzuphoz.supabase.co/rest/v1/articles?select=article_id&original_url=eq.https%3A%2F%2Fwww.aitimes.com%2Fnews%2FarticleView.html%3Fidxno%3D214258 "HTTP/2 200 OK"
2026-08-24 08:42:20,099 [INFO] HTTP Request: POST https://wafeeknfpzjzngzuphoz.supabase.co/rest/v1/articles "HTTP/2 201 Created"
2026-08-24 08:42:20,123 [INFO] HTTP Request: GET https://wafeeknfpzjzngzuphoz.supabase.co/rest/v1/articles?select=article_id&original_url=eq.https%3A%2F%2Fwww.aitimes.com%2Fnews%2FarticleView.html%3Fidxno%3D214083 "HTTP/2 200 OK"
2026-08-24 08:42:20,149 [INFO] HTTP Request: POST https://wafeeknfpzjzngzuphoz.supabase.co/rest/v1/articles "HTTP/2 201 Created"
2026-08-24 08:42:20,173 [INFO] HTTP Request: GET https://wafeeknfpzjzngzuphoz.supabase.co/rest/v1/articles?select=article_id&original_url=eq.https%3A%2F%2Fwww.aitimes.com%2Fnews%2FarticleView.html%3Fidxno%3D214256 "HTTP/2 200 OK"
2026-08-24 08:42:20,196 [INFO] HTTP Request: POST https://wafeeknfpzjzngzuphoz.supabase.co/rest/v1/articles "HTTP/2 201 Created"
2026-08-24 08:42:20,220 [INFO] HTTP Request: GET https://wafeeknfpzjzngzuphoz.supabase.co/rest/v1/articles?select=article_id&original_url=eq.https%3A%2F%2Fwww.aitimes.com%2Fnews%2FarticleView.html%3Fidxno%3D214255 "HTTP/2 200 OK"
2026-08-24 08:42:20,243 [INFO] HTTP Request: POST https://wafeeknfpzjzngzuphoz.supabase.co/rest/v1/articles "HTTP/2 201 Created"
2026-08-24 08:42:20,719 [INFO] HTTP Request: GET https://wafeeknfpzjzngzuphoz.supabase.co/rest/v1/articles?select=article_id&original_url=eq.https%3A%2F%2Fnews.google.com%2Frss%2Farticles%2FCBMiXEFVX3lxTE9DWXkyN3hhUDFHR0tCMXdpVkt3OTAyS1dBUUN6QXBKTEpMOF9SLWJSZkl3VW5FdzE2N1JiYk13NGtFQXNnbjFZZ3Vsd3BZNGJLWDJTdVladTk0bXRi%3Foc%3D5 "HTTP/2 200 OK"
2026-08-24 08:42:20,742 [INFO] HTTP Request: GET https://wafeeknfpzjzngzuphoz.supabase.co/rest/v1/articles?select=article_id&original_url=eq.https%3A%2F%2Fnews.google.com%2Frss%2Farticles%2FCBMiVkFVX3lxTFBlSVhEWDF6dU85X3puVUswSzlXLUx4OXg5b0JZMlJYeHFXcHFsM1FLNEQ4MHQxTjlfRzZMZVhiU0JVTm5nS1paWnhEVXM1RzRmV0hWeWNR%3Foc%3D5 "HTTP/2 200 OK"
2026-08-24 08:42:20,768 [INFO] HTTP Request: GET https://wafeeknfpzjzngzuphoz.supabase.co/rest/v1/articles?select=article_id&original_url=eq.https%3A%2F%2Fnews.google.com%2Frss%2Farticles%2FCBMiSEFVX3lxTE1mczBWYm0wOEU3a2NSanExQ0V5ZjNDWmZhNURubTVxcmJDRUNjLXZzT1JmT2JlbVYwUjlWY0dxNXgxRW5ueHdveA%3Foc%3D5 "HTTP/2 200 OK"
2026-08-24 08:42:20,791 [INFO] HTTP Request: GET https://wafeeknfpzjzngzuphoz.supabase.co/rest/v1/articles?select=article_id&original_url=eq.https%3A%2F%2Fnews.google.com%2Frss%2Farticles%2FCBMijgFBVV95cUxPaXVvNUlaeE5USjVKOGE5WEpLRDA2Y0c4Z3hONXZLaXc3X2IySmlzMy1kSExBUzNRMlY5dmUyNWNnX295R0tucnRKUi1aUnJsMjkzUllJWGdzbHVtajMyVG5pWW81YUxVbzhRQUh1T3E4bTJaU3AtRlFzQ0RjUzFxc1BqMkZpNGRwVUhXTi1R%3Foc%3D5 "HTTP/2 200 OK"
2026-08-24 08:42:20,814 [INFO] HTTP Request: GET https://wafeeknfpzjzngzuphoz.supabase.co/rest/v1/articles?select=article_id&original_url=eq.https%3A%2F%2Fnews.google.com%2Frss%2Farticles%2FCBMib0FVX3lxTE1GYWxwbEp6YTFrUExYQ3J0aW1aVkdtTFptSlNqZ3dsWEdlLXI2RnJyb3UwQVhHWURDamk2UXE5N1dIMzQxZkxOT0R0V1gyUHRkYWhqdWgycHU4WHNXa2QtTUVReFpLbWZoZWlmS09nWQ%3Foc%3D5 "HTTP/2 200 OK"
2026-08-24 08:42:20,835 [INFO] HTTP Request: GET https://wafeeknfpzjzngzuphoz.supabase.co/rest/v1/articles?select=article_id&original_url=eq.https%3A%2F%2Fnews.google.com%2Frss%2Farticles%2FCBMiT0FVX3lxTFAzaWZPNVkxUlpVVTkzeEkyZURXNHppRWFtYkVEeUFCaDhTeVJFS0VubHd5Tjd6U09KRGI3ZDZYTXFNWWRQeHk5Q1F2eTlzeDQ%3Foc%3D5 "HTTP/2 200 OK"
2026-08-24 08:42:20,858 [INFO] HTTP Request: GET https://wafeeknfpzjzngzuphoz.supabase.co/rest/v1/articles?select=article_id&original_url=eq.https%3A%2F%2Fnews.google.com%2Frss%2Farticles%2FCBMiZEFVX3lxTE9Pdk1TUFhhVkFtNWhIX2VSYWpDVmZJRGhSLXN1OUdjOHV3MUZkTEwxdXltekZ3QUJPWTJVdEhpX3NhekUyUE45MEsySUQ0Y3lvZmNpeEJSdDJmMDl5UWdmTW0yUmvSAWhBVV95cUxQY0pZWjNrQkk5dmc5T21vRVFRZ05KYVlnOGRCc1I2cU1QczFoWWF0eXRBQkFLa20xRENOb1B4cnRmMmZta2lTdlljYjF3bVNzelp4enhONU52Z2twUDAxcTk2SDlTZU5ZNw%3Foc%3D5 "HTTP/2 200 OK"
2026-08-24 08:42:20,885 [INFO] HTTP Request: GET https://wafeeknfpzjzngzuphoz.supabase.co/rest/v1/articles?select=article_id&original_url=eq.https%3A%2F%2Fnews.google.com%2Frss%2Farticles%2FCBMiYEFVX3lxTE9RTWVMYXhEOGtwcjFwdzVwN1l4NUV5eThXRm9zbDVxM3lOckRZYUZIRURleUxXS0pyRWdtLVRHSy00Vjk2anRoS1BISkxweFhhUXJkVnZyRXdOcVF6M1lseQ%3Foc%3D5 "HTTP/2 200 OK"
2026-08-24 08:42:20,912 [INFO] HTTP Request: POST https://wafeeknfpzjzngzuphoz.supabase.co/rest/v1/articles "HTTP/2 201 Created"
2026-08-24 08:42:20,936 [INFO] HTTP Request: GET https://wafeeknfpzjzngzuphoz.supabase.co/rest/v1/articles?select=article_id&original_url=eq.https%3A%2F%2Fnews.google.com%2Frss%2Farticles%2FCBMibEFVX3lxTE1ZY01VdkJHWXZXTXcwR3Z0d05NTVJLcXQxQkE5VHU5aXpqaGVmbWRETWFsbWlld2NnU3k4NUNOdHlENzVuTENnVjZHSnE1bzhlMFR3THU5RVc3MjRkSVZMSzU1S1V6Q09QdHZUSw%3Foc%3D5 "HTTP/2 200 OK"
2026-08-24 08:42:20,958 [INFO] HTTP Request: POST https://wafeeknfpzjzngzuphoz.supabase.co/rest/v1/articles "HTTP/2 201 Created"
2026-08-24 08:42:20,983 [INFO] HTTP Request: GET https://wafeeknfpzjzngzuphoz.supabase.co/rest/v1/articles?select=article_id&original_url=eq.https%3A%2F%2Fnews.google.com%2Frss%2Farticles%2FCBMic0FVX3lxTE1WUnZtUmtkcS1Ec0ppZVV4WjBnNWswaTlPY1JsOXJaWkVaai1kdjdsSXNFY2tTM2hybFJGT3pnLUZUSEp3eHYzVGtYbkhsZEYxdTRhb2JQTXd5Z1I2YXROYlhQN3d6QWJZNHNhZjZreWp3YmM%3Foc%3D5 "HTTP/2 200 OK"
2026-08-24 08:42:21,636 [INFO] HTTP Request: GET https://wafeeknfpzjzngzuphoz.supabase.co/rest/v1/articles?select=article_id&original_url=eq.https%3A%2F%2Fnews.google.com%2Frss%2Farticles%2FCBMiT0FVX3lxTE9maDcxRmZfNnhvYjhGdk1Td0g3MFlvcnBFOVBBVk04aHVBd2dGZXU3NXYtc19yNk4tbXZGVUhYd0g3UlliTEgyeF9GUmgzVTQ%3Foc%3D5 "HTTP/2 200 OK"
2026-08-24 08:42:21,660 [INFO] HTTP Request: POST https://wafeeknfpzjzngzuphoz.supabase.co/rest/v1/articles "HTTP/2 201 Created"
2026-08-24 08:42:21,686 [INFO] HTTP Request: GET https://wafeeknfpzjzngzuphoz.supabase.co/rest/v1/articles?select=article_id&original_url=eq.https%3A%2F%2Fnews.google.com%2Frss%2Farticles%2FCBMiX0FVX3lxTE1hbXMxS2h2Tm12VWRsWC1fcFBTMFIwYWN2b3FtYi1HR0lMeEY0LXpzdlNmVVY1aTJPZTNBY25GRkZTR3YyVk1MQVZlbFlpXzlKWDJKTGt3cnM3ZUJ4YldN0gFkQVVfeXFMUEdnTFZKeGh6VlNzR0JxaW5hQV9aQXZYSHgxQVRXY1JCelZUcXI4engya2p3XzNPRzBWM0QtUEZhamR4ZlQ5Zk5LMGFETkZSSFdLZ1hhSmc3TGtKbVNCang1NV9DMQ%3Foc%3D5 "HTTP/2 200 OK"
2026-08-24 08:42:21,710 [INFO] HTTP Request: POST https://wafeeknfpzjzngzuphoz.supabase.co/rest/v1/articles "HTTP/2 201 Created"
2026-08-24 08:42:21,732 [INFO] HTTP Request: GET https://wafeeknfpzjzngzuphoz.supabase.co/rest/v1/articles?select=article_id&original_url=eq.https%3A%2F%2Fnews.google.com%2Frss%2Farticles%2FCBMiXEFVX3lxTE1NWUJLV3NwUG12dWdVX19fSXN4dzdLS3lxUWhMenBuSGdianduTWIzWndRdzZTck8tX2dNS1kyR0hJZEc3bVFOQlBJNjJoa2wwOFJWRS1zMExQb0gw%3Foc%3D5 "HTTP/2 200 OK"
2026-08-24 08:42:21,757 [INFO] HTTP Request: POST https://wafeeknfpzjzngzuphoz.supabase.co/rest/v1/articles "HTTP/2 201 Created"
2026-08-24 08:42:21,786 [INFO] HTTP Request: GET https://wafeeknfpzjzngzuphoz.supabase.co/rest/v1/articles?select=article_id&original_url=eq.https%3A%2F%2Fnews.google.com%2Frss%2Farticles%2FCBMiVEFVX3lxTE1Cc25YeEwxRmx1WVJwY2NzUGRXWmFSenFnNXpSbUVoampsbUd0Wl9CdlpvSGtQYnNtWXBYblg1WEFkQVJwcTk1U0FlbVJwa241U1BHbA%3Foc%3D5 "HTTP/2 200 OK"
2026-08-24 08:42:21,810 [INFO] HTTP Request: POST https://wafeeknfpzjzngzuphoz.supabase.co/rest/v1/articles "HTTP/2 201 Created"
2026-08-24 08:42:21,835 [INFO] HTTP Request: GET https://wafeeknfpzjzngzuphoz.supabase.co/rest/v1/articles?select=article_id&original_url=eq.https%3A%2F%2Fnews.google.com%2Frss%2Farticles%2FCBMiVkFVX3lxTE1LUmR1a3AyMW9vcUFiQnlIVjhpbHZCdndzdGV1RXJ2cmpiZk41ak91eEtXNWU1Tk5qdDI3ZlhEQUJRUk5hME4weFFBcWM5QlRzNmJXRW93%3Foc%3D5 "HTTP/2 200 OK"
2026-08-24 08:42:21,858 [INFO] HTTP Request: POST https://wafeeknfpzjzngzuphoz.supabase.co/rest/v1/articles "HTTP/2 201 Created"
2026-08-24 08:42:21,881 [INFO] HTTP Request: GET https://wafeeknfpzjzngzuphoz.supabase.co/rest/v1/articles?select=article_id&original_url=eq.https%3A%2F%2Fnews.google.com%2Frss%2Farticles%2FCBMiWkFVX3lxTE5kZExzOWM3QngzVEVNTXhNcGVFamZDV0V2R09MSk9nUFNTeFV2Ukdfa3N5dm1idlBkdE9idXZ1em9SUlY3SlQ3ZzVmaFdoZ2Z5Tm1nS0FPR0EzZ9IBWEFVX3lxTFA1eURUamRBcHdMX0s5RXR2MTVscmpRQ21scEo5Mkw5VjRrOVdqZE1YcWhVX21WWmRVX21JTm15NVRtTzdINzBwQVVxZGdqX1ZMeHZlS2N0NFk%3Foc%3D5 "HTTP/2 200 OK"
2026-08-24 08:42:21,905 [INFO] HTTP Request: POST https://wafeeknfpzjzngzuphoz.supabase.co/rest/v1/articles "HTTP/2 201 Created"
2026-08-24 08:42:21,933 [INFO] HTTP Request: GET https://wafeeknfpzjzngzuphoz.supabase.co/rest/v1/articles?select=article_id&original_url=eq.https%3A%2F%2Fnews.google.com%2Frss%2Farticles%2FCBMiWkFVX3lxTE1tX29HeWRyYzRqbjBCWXZncF9zSXBfRnU0dVBhQzlxUk5RQmM4UFBXbFVxbGVuX09la3Uwdkh4cnRmZjhLVGFOaUlTQkZpMGZmakxDcDY4Q3Y0QQ%3Foc%3D5 "HTTP/2 200 OK"
2026-08-24 08:42:21,957 [INFO] HTTP Request: POST https://wafeeknfpzjzngzuphoz.supabase.co/rest/v1/articles "HTTP/2 201 Created"
2026-08-24 08:42:21,981 [INFO] HTTP Request: GET https://wafeeknfpzjzngzuphoz.supabase.co/rest/v1/articles?select=article_id&original_url=eq.https%3A%2F%2Fnews.google.com%2Frss%2Farticles%2FCBMiakFVX3lxTE1WRUotYjJjMmsyWTY2Y0dwSDNmaHZMOVNwNlh0YlcwTzl4d1o2OVV5Y2VGU0I1ZU1zeHZ2RS1lVTZRdy05U19oaHZRM2Z0dm9EbTFlc0h2NG5MbTZkREhQbkdWMUkzZ1BXaGc%3Foc%3D5 "HTTP/2 200 OK"
2026-08-24 08:42:22,005 [INFO] HTTP Request: POST https://wafeeknfpzjzngzuphoz.supabase.co/rest/v1/articles "HTTP/2 201 Created"
2026-08-24 08:42:22,028 [INFO] HTTP Request: GET https://wafeeknfpzjzngzuphoz.supabase.co/rest/v1/articles?select=article_id&original_url=eq.https%3A%2F%2Fnews.google.com%2Frss%2Farticles%2FCBMiT0FVX3lxTE01QmFNZ0V5eWItT2NiWTlzbkRYS1JJU2xDVnVnTTZ6TmRtc3hybkxNTmpZUjlJZHVfWktreV9GRUt2X09Sc0ZRZ0p6ZDdaTGc%3Foc%3D5 "HTTP/2 200 OK"
2026-08-24 08:42:22,051 [INFO] HTTP Request: POST https://wafeeknfpzjzngzuphoz.supabase.co/rest/v1/articles "HTTP/2 201 Created"
2026-08-24 08:42:22,074 [INFO] HTTP Request: GET https://wafeeknfpzjzngzuphoz.supabase.co/rest/v1/articles?select=article_id&original_url=eq.https%3A%2F%2Fnews.google.com%2Frss%2Farticles%2FCBMiT0FVX3lxTE5pT2NxbXJmajNtcGRxTHZNcjlXazcwQ29IeGNUN0F3X2dUOWV2S1dDVHMyZUtrdWNoLWhXZHJ0SlJLRUNfcUNjMXR5MUpYTzQ%3Foc%3D5 "HTTP/2 200 OK"
2026-08-24 08:42:22,100 [INFO] HTTP Request: POST https://wafeeknfpzjzngzuphoz.supabase.co/rest/v1/articles "HTTP/2 201 Created"
2026-08-24 08:42:22,234 [INFO] HTTP Request: GET https://wafeeknfpzjzngzuphoz.supabase.co/rest/v1/articles?select=article_id&original_url=eq.https%3A%2F%2Fyozm.wishket.com%2Fmagazine%2Fdetail%2F3909 "HTTP/2 200 OK"
2026-08-24 08:42:22,256 [INFO] HTTP Request: POST https://wafeeknfpzjzngzuphoz.supabase.co/rest/v1/articles "HTTP/2 201 Created"
2026-08-24 08:42:22,280 [INFO] HTTP Request: GET https://wafeeknfpzjzngzuphoz.supabase.co/rest/v1/articles?select=article_id&original_url=eq.https%3A%2F%2Fyozm.wishket.com%2Fmagazine%2Fdetail%2F3908 "HTTP/2 200 OK"
2026-08-24 08:42:22,307 [INFO] HTTP Request: GET https://wafeeknfpzjzngzuphoz.supabase.co/rest/v1/articles?select=article_id&original_url=eq.https%3A%2F%2Fyozm.wishket.com%2Fmagazine%2Fdetail%2F3907 "HTTP/2 200 OK"
2026-08-24 08:42:22,330 [INFO] HTTP Request: GET https://wafeeknfpzjzngzuphoz.supabase.co/rest/v1/articles?select=article_id&original_url=eq.https%3A%2F%2Fyozm.wishket.com%2Fmagazine%2Fdetail%2F3906 "HTTP/2 200 OK"
2026-08-24 08:42:22,356 [INFO] HTTP Request: GET https://wafeeknfpzjzngzuphoz.supabase.co/rest/v1/articles?select=article_id&original_url=eq.https%3A%2F%2Fyozm.wishket.com%2Fmagazine%2Fdetail%2F3905 "HTTP/2 200 OK"
2026-08-24 08:42:22,379 [INFO] HTTP Request: GET https://wafeeknfpzjzngzuphoz.supabase.co/rest/v1/articles?select=article_id&original_url=eq.https%3A%2F%2Fyozm.wishket.com%2Fmagazine%2Fdetail%2F3904 "HTTP/2 200 OK"
2026-08-24 08:42:22,408 [INFO] HTTP Request: GET https://wafeeknfpzjzngzuphoz.supabase.co/rest/v1/articles?select=article_id&original_url=eq.https%3A%2F%2Fyozm.wishket.com%2Fmagazine%2Fdetail%2F3903 "HTTP/2 200 OK"
2026-08-24 08:42:22,430 [INFO] HTTP Request: GET https://wafeeknfpzjzngzuphoz.supabase.co/rest/v1/articles?select=article_id&original_url=eq.https%3A%2F%2Fyozm.wishket.com%2Fmagazine%2Fdetail%2F3902 "HTTP/2 200 OK"
2026-08-24 08:42:22,456 [INFO] HTTP Request: GET https://wafeeknfpzjzngzuphoz.supabase.co/rest/v1/articles?select=article_id&original_url=eq.https%3A%2F%2Fyozm.wishket.com%2Fmagazine%2Fdetail%2F3901 "HTTP/2 200 OK"
2026-08-24 08:42:22,479 [INFO] HTTP Request: GET https://wafeeknfpzjzngzuphoz.supabase.co/rest/v1/articles?select=article_id&original_url=eq.https%3A%2F%2Fyozm.wishket.com%2Fmagazine%2Fdetail%2F3900 "HTTP/2 200 OK"
2026-08-24 08:42:22,831 [INFO] HTTP Request: GET https://wafeeknfpzjzngzuphoz.supabase.co/rest/v1/articles?select=article_id&original_url=eq.https%3A%2F%2Ftechblog.woowahan.com%2F26876%2F "HTTP/2 200 OK"
2026-08-24 08:42:22,854 [INFO] HTTP Request: GET https://wafeeknfpzjzngzuphoz.supabase.co/rest/v1/articles?select=article_id&original_url=eq.https%3A%2F%2Ftechblog.woowahan.com%2F26777%2F "HTTP/2 200 OK"
2026-08-24 08:42:22,878 [INFO] HTTP Request: GET https://wafeeknfpzjzngzuphoz.supabase.co/rest/v1/articles?select=article_id&original_url=eq.https%3A%2F%2Ftechblog.woowahan.com%2F26729%2F "HTTP/2 200 OK"
2026-08-24 08:42:22,902 [INFO] HTTP Request: GET https://wafeeknfpzjzngzuphoz.supabase.co/rest/v1/articles?select=article_id&original_url=eq.https%3A%2F%2Ftechblog.woowahan.com%2F26507%2F "HTTP/2 200 OK"
2026-08-24 08:42:22,927 [INFO] HTTP Request: GET https://wafeeknfpzjzngzuphoz.supabase.co/rest/v1/articles?select=article_id&original_url=eq.https%3A%2F%2Ftechblog.woowahan.com%2F26624%2F "HTTP/2 200 OK"
2026-08-24 08:42:22,948 [INFO] HTTP Request: GET https://wafeeknfpzjzngzuphoz.supabase.co/rest/v1/articles?select=article_id&original_url=eq.https%3A%2F%2Ftechblog.woowahan.com%2F26492%2F "HTTP/2 200 OK"
2026-08-24 08:42:22,973 [INFO] HTTP Request: GET https://wafeeknfpzjzngzuphoz.supabase.co/rest/v1/articles?select=article_id&original_url=eq.https%3A%2F%2Ftechblog.woowahan.com%2F26459%2F "HTTP/2 200 OK"
2026-08-24 08:42:22,997 [INFO] HTTP Request: GET https://wafeeknfpzjzngzuphoz.supabase.co/rest/v1/articles?select=article_id&original_url=eq.https%3A%2F%2Ftechblog.woowahan.com%2F26379%2F "HTTP/2 200 OK"
2026-08-24 08:42:23,019 [INFO] HTTP Request: GET https://wafeeknfpzjzngzuphoz.supabase.co/rest/v1/articles?select=article_id&original_url=eq.https%3A%2F%2Ftechblog.woowahan.com%2F26388%2F "HTTP/2 200 OK"
2026-08-24 08:42:23,043 [INFO] HTTP Request: GET https://wafeeknfpzjzngzuphoz.supabase.co/rest/v1/articles?select=article_id&original_url=eq.https%3A%2F%2Ftechblog.woowahan.com%2F26319%2F "HTTP/2 200 OK"
2026-08-24 08:42:23,183 [INFO] HTTP Request: GET https://wafeeknfpzjzngzuphoz.supabase.co/rest/v1/articles?select=article_id&original_url=eq.https%3A%2F%2Ftech.kakao.com%2Fposts%2F829 "HTTP/2 200 OK"
2026-08-24 08:42:23,212 [INFO] HTTP Request: GET https://wafeeknfpzjzngzuphoz.supabase.co/rest/v1/articles?select=article_id&original_url=eq.https%3A%2F%2Ftech.kakao.com%2Fposts%2F828 "HTTP/2 200 OK"
2026-08-24 08:42:23,233 [INFO] HTTP Request: GET https://wafeeknfpzjzngzuphoz.supabase.co/rest/v1/articles?select=article_id&original_url=eq.https%3A%2F%2Ftech.kakao.com%2Fposts%2F827 "HTTP/2 200 OK"
2026-08-24 08:42:23,256 [INFO] HTTP Request: GET https://wafeeknfpzjzngzuphoz.supabase.co/rest/v1/articles?select=article_id&original_url=eq.https%3A%2F%2Ftech.kakao.com%2Fposts%2F826 "HTTP/2 200 OK"
2026-08-24 08:42:23,277 [INFO] HTTP Request: GET https://wafeeknfpzjzngzuphoz.supabase.co/rest/v1/articles?select=article_id&original_url=eq.https%3A%2F%2Ftech.kakao.com%2Fposts%2F825 "HTTP/2 200 OK"
2026-08-24 08:42:23,298 [INFO] HTTP Request: GET https://wafeeknfpzjzngzuphoz.supabase.co/rest/v1/articles?select=article_id&original_url=eq.https%3A%2F%2Ftech.kakao.com%2Fposts%2F824 "HTTP/2 200 OK"
2026-08-24 08:42:23,320 [INFO] HTTP Request: GET https://wafeeknfpzjzngzuphoz.supabase.co/rest/v1/articles?select=article_id&original_url=eq.https%3A%2F%2Ftech.kakao.com%2Fposts%2F823 "HTTP/2 200 OK"
2026-08-24 08:42:23,344 [INFO] HTTP Request: GET https://wafeeknfpzjzngzuphoz.supabase.co/rest/v1/articles?select=article_id&original_url=eq.https%3A%2F%2Ftech.kakao.com%2Fposts%2F818 "HTTP/2 200 OK"
2026-08-24 08:42:23,367 [INFO] HTTP Request: GET https://wafeeknfpzjzngzuphoz.supabase.co/rest/v1/articles?select=article_id&original_url=eq.https%3A%2F%2Ftech.kakao.com%2Fposts%2F822 "HTTP/2 200 OK"
2026-08-24 08:42:23,390 [INFO] HTTP Request: GET https://wafeeknfpzjzngzuphoz.supabase.co/rest/v1/articles?select=article_id&original_url=eq.https%3A%2F%2Ftech.kakao.com%2Fposts%2F821 "HTTP/2 200 OK"
2026-08-24 08:42:23,416 [INFO] HTTP Request: GET https://wafeeknfpzjzngzuphoz.supabase.co/rest/v1/articles?select=article_id%2Csource_id%2Ccategory_id%2Coriginal_url%2Ctitle%2Csummary%2Csources%28name%2Ctype%2Creliability_score%29%2Ccategories%28name%29&collected_at=gte.2026-08-24T00%3A00%3A00 "HTTP/2 200 OK"
2026-08-24 08:42:23,440 [INFO] HTTP Request: GET https://wafeeknfpzjzngzuphoz.supabase.co/rest/v1/users?select=user_id%2Cemail "HTTP/2 200 OK"
2026-08-24 08:42:23,474 [INFO] HTTP Request: GET https://wafeeknfpzjzngzuphoz.supabase.co/rest/v1/user_sources?select=source_id&user_id=eq.1 "HTTP/2 200 OK"
2026-08-24 08:42:23,499 [INFO] HTTP Request: GET https://wafeeknfpzjzngzuphoz.supabase.co/rest/v1/subscriptions?select=category_id&user_id=eq.1&is_active=eq.True "HTTP/2 200 OK"
2026-08-24 08:42:23,500 [INFO] 👤 사용자(koreajjangboy@gmail.com) - 선택 소스: {1, 2, 3, 4, 5, 6, 7, 8, 9, 10, 11, 12, 13, 14}, 활성 카테고리: {1, 2}
2026-08-24 08:42:23,500 [INFO] 📊 사용자(koreajjangboy@gmail.com) 맞춤 기사 수: 0
2026-08-24 08:42:23,525 [INFO] HTTP Request: GET https://wafeeknfpzjzngzuphoz.supabase.co/rest/v1/digests?select=digest_id&user_id=eq.1&digest_date=eq.2026-08-24 "HTTP/2 200 OK"
2026-08-24 08:42:23,559 [INFO] HTTP Request: PATCH https://wafeeknfpzjzngzuphoz.supabase.co/rest/v1/digests?user_id=eq.1&digest_date=eq.2026-08-24 "HTTP/2 200 OK"
2026-08-24 08:42:23,559 [INFO] 📄 사용자(koreajjangboy@gmail.com) 개인 다이제스트 생성 완료: news/koreajjangboy_at_gmail_com/2026-08-24.html
2026-08-24 08:42:23,559 [INFO] ✅ 총 33개 신규 기사 DB 저장 및 개인별 다이제스트 생성 완료

2026-08-24 08:47:19,972 [INFO] ⚡ [--now] 옵션 감지: 즉시 수집 작업을 실행합니다.
2026-08-24 08:47:19,972 [INFO] 🚀 [Start] RSS 피드 수집 및 DB 저장 시작
2026-08-24 08:47:20,310 [INFO] HTTP Request: GET https://wafeeknfpzjzngzuphoz.supabase.co/rest/v1/sources?select=source_id%2Cname%2Curl "HTTP/2 200 OK"
2026-08-24 08:47:20,333 [INFO] HTTP Request: GET https://wafeeknfpzjzngzuphoz.supabase.co/rest/v1/categories?select=category_id%2Cname&is_active=eq.True "HTTP/2 200 OK"
2026-08-24 08:47:20,823 [INFO] HTTP Request: GET https://wafeeknfpzjzngzuphoz.supabase.co/rest/v1/articles?select=article_id&original_url=eq.https%3A%2F%2Fopenai.com%2Findex%2Fintroducing-ai-futures "HTTP/2 200 OK"
2026-08-24 08:47:20,844 [INFO] HTTP Request: GET https://wafeeknfpzjzngzuphoz.supabase.co/rest/v1/articles?select=article_id&original_url=eq.https%3A%2F%2Fopenai.com%2Findex%2Fstampli "HTTP/2 200 OK"
2026-08-24 08:47:20,865 [INFO] HTTP Request: GET https://wafeeknfpzjzngzuphoz.supabase.co/rest/v1/articles?select=article_id&original_url=eq.https%3A%2F%2Fopenai.com%2Findex%2Foffering-zero-data-retention-for-frontier-models "HTTP/2 200 OK"
2026-08-24 08:47:20,882 [INFO] HTTP Request: GET https://wafeeknfpzjzngzuphoz.supabase.co/rest/v1/articles?select=article_id&original_url=eq.https%3A%2F%2Fopenai.com%2Findex%2Freplit "HTTP/2 200 OK"
2026-08-24 08:47:20,903 [INFO] HTTP Request: GET https://wafeeknfpzjzngzuphoz.supabase.co/rest/v1/articles?select=article_id&original_url=eq.https%3A%2F%2Fopenai.com%2Findex%2Fchatgpt-ads-expands-across-europe "HTTP/2 200 OK"
2026-08-24 08:47:20,925 [INFO] HTTP Request: GET https://wafeeknfpzjzngzuphoz.supabase.co/rest/v1/articles?select=article_id&original_url=eq.https%3A%2F%2Fopenai.com%2Findex%2Fstrengthening-democratic-oversight-in-national-security "HTTP/2 200 OK"
2026-08-24 08:47:20,945 [INFO] HTTP Request: GET https://wafeeknfpzjzngzuphoz.supabase.co/rest/v1/articles?select=article_id&original_url=eq.https%3A%2F%2Fopenai.com%2Findex%2Fpartnering-with-codeai "HTTP/2 200 OK"
2026-08-24 08:47:20,964 [INFO] HTTP Request: GET https://wafeeknfpzjzngzuphoz.supabase.co/rest/v1/articles?select=article_id&original_url=eq.https%3A%2F%2Fopenai.com%2Findex%2Fpacing-model-development-cyber-capabilities "HTTP/2 200 OK"
2026-08-24 08:47:20,984 [INFO] HTTP Request: GET https://wafeeknfpzjzngzuphoz.supabase.co/rest/v1/articles?select=article_id&original_url=eq.https%3A%2F%2Fopenai.com%2Findex%2Fchatgpt-for-teens "HTTP/2 200 OK"
2026-08-24 08:47:21,005 [INFO] HTTP Request: GET https://wafeeknfpzjzngzuphoz.supabase.co/rest/v1/articles?select=article_id&original_url=eq.https%3A%2F%2Fopenai.com%2Findex%2Fnvidia%2Fchatgpt-work "HTTP/2 200 OK"
2026-08-24 08:47:21,839 [INFO] HTTP Request: GET https://wafeeknfpzjzngzuphoz.supabase.co/rest/v1/articles?select=article_id&original_url=eq.https%3A%2F%2Fblog.google%2Fproducts-and-platforms%2Fproducts%2Fsearch%2Fback-to-school-study-tools%2F "HTTP/2 200 OK"
2026-08-24 08:47:21,858 [INFO] HTTP Request: GET https://wafeeknfpzjzngzuphoz.supabase.co/rest/v1/articles?select=article_id&original_url=eq.https%3A%2F%2Fblog.google%2Fproducts-and-platforms%2Fproducts%2Fgemini%2Fgoogle-gemini-pixel-football-club-partnerships%2F "HTTP/2 200 OK"
2026-08-24 08:47:21,879 [INFO] HTTP Request: GET https://wafeeknfpzjzngzuphoz.supabase.co/rest/v1/articles?select=article_id&original_url=eq.https%3A%2F%2Fblog.google%2Fproducts-and-platforms%2Fproducts%2Fworkspace%2Fsheets-canvas-for-google-sheets-spreadsheets%2F "HTTP/2 200 OK"
2026-08-24 08:47:21,907 [INFO] HTTP Request: GET https://wafeeknfpzjzngzuphoz.supabase.co/rest/v1/articles?select=article_id&original_url=eq.https%3A%2F%2Fblog.google%2Finnovation-and-ai%2Fmodels-and-research%2Fgoogle-research%2Famie-video-consultations%2F "HTTP/2 200 OK"
2026-08-24 08:47:21,926 [INFO] HTTP Request: GET https://wafeeknfpzjzngzuphoz.supabase.co/rest/v1/articles?select=article_id&original_url=eq.https%3A%2F%2Fblog.google%2Fproducts%2Fads-commerce%2Fgoogle-ads-analytics-ai-updates%2F "HTTP/2 200 OK"
2026-08-24 08:47:21,945 [INFO] HTTP Request: GET https://wafeeknfpzjzngzuphoz.supabase.co/rest/v1/articles?select=article_id&original_url=eq.https%3A%2F%2Fblog.google%2Finnovation-and-ai%2Ftechnology%2Fai%2Fgoogle-ai-updates-july-2026%2F "HTTP/2 200 OK"
2026-08-24 08:47:21,963 [INFO] HTTP Request: GET https://wafeeknfpzjzngzuphoz.supabase.co/rest/v1/articles?select=article_id&original_url=eq.https%3A%2F%2Fblog.google%2Finnovation-and-ai%2Ftechnology%2Fdevelopers-tools%2Fai-agents-intensive-recap-2026%2F "HTTP/2 200 OK"
2026-08-24 08:47:21,980 [INFO] HTTP Request: GET https://wafeeknfpzjzngzuphoz.supabase.co/rest/v1/articles?select=article_id&original_url=eq.https%3A%2F%2Fblog.google%2Finnovation-and-ai%2Ftechnology%2Fdevelopers-tools%2Fexpanding-managed-agents-gemini-api-3-6-flash-hooks%2F "HTTP/2 200 OK"
2026-08-24 08:47:21,999 [INFO] HTTP Request: GET https://wafeeknfpzjzngzuphoz.supabase.co/rest/v1/articles?select=article_id&original_url=eq.https%3A%2F%2Fblog.google%2Fproducts-and-platforms%2Fproducts%2Fsearch%2Fai-mode-real-world-tips%2F "HTTP/2 200 OK"
2026-08-24 08:47:22,017 [INFO] HTTP Request: GET https://wafeeknfpzjzngzuphoz.supabase.co/rest/v1/articles?select=article_id&original_url=eq.https%3A%2F%2Fblog.google%2Fproducts-and-platforms%2Fproducts%2Fsearch%2Fdinner-party-hosting-tips%2F "HTTP/2 200 OK"
2026-08-24 08:47:22,690 [INFO] HTTP Request: GET https://wafeeknfpzjzngzuphoz.supabase.co/rest/v1/articles?select=article_id&original_url=eq.https%3A%2F%2Fnews.hada.io%2Ftopic%3Fid%3D32817 "HTTP/2 200 OK"
2026-08-24 08:47:22,714 [INFO] HTTP Request: POST https://wafeeknfpzjzngzuphoz.supabase.co/rest/v1/articles "HTTP/2 201 Created"
2026-08-24 08:47:22,734 [INFO] HTTP Request: GET https://wafeeknfpzjzngzuphoz.supabase.co/rest/v1/articles?select=article_id&original_url=eq.https%3A%2F%2Fnews.hada.io%2Ftopic%3Fid%3D32816 "HTTP/2 200 OK"
2026-08-24 08:47:22,752 [INFO] HTTP Request: POST https://wafeeknfpzjzngzuphoz.supabase.co/rest/v1/articles "HTTP/2 201 Created"
2026-08-24 08:47:22,770 [INFO] HTTP Request: GET https://wafeeknfpzjzngzuphoz.supabase.co/rest/v1/articles?select=article_id&original_url=eq.https%3A%2F%2Fnews.hada.io%2Ftopic%3Fid%3D32814 "HTTP/2 200 OK"
2026-08-24 08:47:22,789 [INFO] HTTP Request: POST https://wafeeknfpzjzngzuphoz.supabase.co/rest/v1/articles "HTTP/2 201 Created"
2026-08-24 08:47:22,809 [INFO] HTTP Request: GET https://wafeeknfpzjzngzuphoz.supabase.co/rest/v1/articles?select=article_id&original_url=eq.https%3A%2F%2Fnews.hada.io%2Ftopic%3Fid%3D32813 "HTTP/2 200 OK"
2026-08-24 08:47:22,828 [INFO] HTTP Request: POST https://wafeeknfpzjzngzuphoz.supabase.co/rest/v1/articles "HTTP/2 201 Created"
2026-08-24 08:47:22,846 [INFO] HTTP Request: GET https://wafeeknfpzjzngzuphoz.supabase.co/rest/v1/articles?select=article_id&original_url=eq.https%3A%2F%2Fnews.hada.io%2Ftopic%3Fid%3D32812 "HTTP/2 200 OK"
2026-08-24 08:47:22,864 [INFO] HTTP Request: POST https://wafeeknfpzjzngzuphoz.supabase.co/rest/v1/articles "HTTP/2 201 Created"
2026-08-24 08:47:22,884 [INFO] HTTP Request: GET https://wafeeknfpzjzngzuphoz.supabase.co/rest/v1/articles?select=article_id&original_url=eq.https%3A%2F%2Fnews.hada.io%2Ftopic%3Fid%3D32811 "HTTP/2 200 OK"
2026-08-24 08:47:22,903 [INFO] HTTP Request: POST https://wafeeknfpzjzngzuphoz.supabase.co/rest/v1/articles "HTTP/2 201 Created"
2026-08-24 08:47:22,922 [INFO] HTTP Request: GET https://wafeeknfpzjzngzuphoz.supabase.co/rest/v1/articles?select=article_id&original_url=eq.https%3A%2F%2Fnews.hada.io%2Ftopic%3Fid%3D32810 "HTTP/2 200 OK"
2026-08-24 08:47:22,942 [INFO] HTTP Request: POST https://wafeeknfpzjzngzuphoz.supabase.co/rest/v1/articles "HTTP/2 201 Created"
2026-08-24 08:47:22,960 [INFO] HTTP Request: GET https://wafeeknfpzjzngzuphoz.supabase.co/rest/v1/articles?select=article_id&original_url=eq.https%3A%2F%2Fnews.hada.io%2Ftopic%3Fid%3D32809 "HTTP/2 200 OK"
2026-08-24 08:47:22,979 [INFO] HTTP Request: POST https://wafeeknfpzjzngzuphoz.supabase.co/rest/v1/articles "HTTP/2 201 Created"
2026-08-24 08:47:22,997 [INFO] HTTP Request: GET https://wafeeknfpzjzngzuphoz.supabase.co/rest/v1/articles?select=article_id&original_url=eq.https%3A%2F%2Fnews.hada.io%2Ftopic%3Fid%3D32808 "HTTP/2 200 OK"
2026-08-24 08:47:23,016 [INFO] HTTP Request: POST https://wafeeknfpzjzngzuphoz.supabase.co/rest/v1/articles "HTTP/2 201 Created"
2026-08-24 08:47:23,033 [INFO] HTTP Request: GET https://wafeeknfpzjzngzuphoz.supabase.co/rest/v1/articles?select=article_id&original_url=eq.https%3A%2F%2Fnews.hada.io%2Ftopic%3Fid%3D32807 "HTTP/2 200 OK"
2026-08-24 08:47:23,055 [INFO] HTTP Request: POST https://wafeeknfpzjzngzuphoz.supabase.co/rest/v1/articles "HTTP/2 201 Created"
2026-08-24 08:47:23,138 [INFO] HTTP Request: GET https://wafeeknfpzjzngzuphoz.supabase.co/rest/v1/articles?select=article_id&original_url=eq.https%3A%2F%2Fwww.aitimes.com%2Fnews%2FarticleView.html%3Fidxno%3D214269 "HTTP/2 200 OK"
2026-08-24 08:47:23,159 [INFO] HTTP Request: POST https://wafeeknfpzjzngzuphoz.supabase.co/rest/v1/articles "HTTP/2 201 Created"
2026-08-24 08:47:23,178 [INFO] HTTP Request: GET https://wafeeknfpzjzngzuphoz.supabase.co/rest/v1/articles?select=article_id&original_url=eq.https%3A%2F%2Fwww.aitimes.com%2Fnews%2FarticleView.html%3Fidxno%3D214266 "HTTP/2 200 OK"
2026-08-24 08:47:23,198 [INFO] HTTP Request: POST https://wafeeknfpzjzngzuphoz.supabase.co/rest/v1/articles "HTTP/2 201 Created"
2026-08-24 08:47:23,217 [INFO] HTTP Request: GET https://wafeeknfpzjzngzuphoz.supabase.co/rest/v1/articles?select=article_id&original_url=eq.https%3A%2F%2Fwww.aitimes.com%2Fnews%2FarticleView.html%3Fidxno%3D214264 "HTTP/2 200 OK"
2026-08-24 08:47:23,237 [INFO] HTTP Request: POST https://wafeeknfpzjzngzuphoz.supabase.co/rest/v1/articles "HTTP/2 201 Created"
2026-08-24 08:47:23,257 [INFO] HTTP Request: GET https://wafeeknfpzjzngzuphoz.supabase.co/rest/v1/articles?select=article_id&original_url=eq.https%3A%2F%2Fwww.aitimes.com%2Fnews%2FarticleView.html%3Fidxno%3D214263 "HTTP/2 200 OK"
2026-08-24 08:47:23,276 [INFO] HTTP Request: POST https://wafeeknfpzjzngzuphoz.supabase.co/rest/v1/articles "HTTP/2 201 Created"
2026-08-24 08:47:23,298 [INFO] HTTP Request: GET https://wafeeknfpzjzngzuphoz.supabase.co/rest/v1/articles?select=article_id&original_url=eq.https%3A%2F%2Fwww.aitimes.com%2Fnews%2FarticleView.html%3Fidxno%3D214260 "HTTP/2 200 OK"
2026-08-24 08:47:23,317 [INFO] HTTP Request: POST https://wafeeknfpzjzngzuphoz.supabase.co/rest/v1/articles "HTTP/2 201 Created"
2026-08-24 08:47:23,335 [INFO] HTTP Request: GET https://wafeeknfpzjzngzuphoz.supabase.co/rest/v1/articles?select=article_id&original_url=eq.https%3A%2F%2Fwww.aitimes.com%2Fnews%2FarticleView.html%3Fidxno%3D214259 "HTTP/2 200 OK"
2026-08-24 08:47:23,354 [INFO] HTTP Request: POST https://wafeeknfpzjzngzuphoz.supabase.co/rest/v1/articles "HTTP/2 201 Created"
2026-08-24 08:47:23,372 [INFO] HTTP Request: GET https://wafeeknfpzjzngzuphoz.supabase.co/rest/v1/articles?select=article_id&original_url=eq.https%3A%2F%2Fwww.aitimes.com%2Fnews%2FarticleView.html%3Fidxno%3D214258 "HTTP/2 200 OK"
2026-08-24 08:47:23,392 [INFO] HTTP Request: POST https://wafeeknfpzjzngzuphoz.supabase.co/rest/v1/articles "HTTP/2 201 Created"
2026-08-24 08:47:23,410 [INFO] HTTP Request: GET https://wafeeknfpzjzngzuphoz.supabase.co/rest/v1/articles?select=article_id&original_url=eq.https%3A%2F%2Fwww.aitimes.com%2Fnews%2FarticleView.html%3Fidxno%3D214083 "HTTP/2 200 OK"
2026-08-24 08:47:23,462 [INFO] HTTP Request: POST https://wafeeknfpzjzngzuphoz.supabase.co/rest/v1/articles "HTTP/2 201 Created"
2026-08-24 08:47:23,479 [INFO] HTTP Request: GET https://wafeeknfpzjzngzuphoz.supabase.co/rest/v1/articles?select=article_id&original_url=eq.https%3A%2F%2Fwww.aitimes.com%2Fnews%2FarticleView.html%3Fidxno%3D214256 "HTTP/2 200 OK"
2026-08-24 08:47:23,500 [INFO] HTTP Request: POST https://wafeeknfpzjzngzuphoz.supabase.co/rest/v1/articles "HTTP/2 201 Created"
2026-08-24 08:47:23,519 [INFO] HTTP Request: GET https://wafeeknfpzjzngzuphoz.supabase.co/rest/v1/articles?select=article_id&original_url=eq.https%3A%2F%2Fwww.aitimes.com%2Fnews%2FarticleView.html%3Fidxno%3D214255 "HTTP/2 200 OK"
2026-08-24 08:47:23,540 [INFO] HTTP Request: POST https://wafeeknfpzjzngzuphoz.supabase.co/rest/v1/articles "HTTP/2 201 Created"
2026-08-24 08:47:23,980 [INFO] HTTP Request: GET https://wafeeknfpzjzngzuphoz.supabase.co/rest/v1/articles?select=article_id&original_url=eq.https%3A%2F%2Fnews.google.com%2Frss%2Farticles%2FCBMiXEFVX3lxTE9DWXkyN3hhUDFHR0tCMXdpVkt3OTAyS1dBUUN6QXBKTEpMOF9SLWJSZkl3VW5FdzE2N1JiYk13NGtFQXNnbjFZZ3Vsd3BZNGJLWDJTdVladTk0bXRi%3Foc%3D5 "HTTP/2 200 OK"
2026-08-24 08:47:23,998 [INFO] HTTP Request: GET https://wafeeknfpzjzngzuphoz.supabase.co/rest/v1/articles?select=article_id&original_url=eq.https%3A%2F%2Fnews.google.com%2Frss%2Farticles%2FCBMiVkFVX3lxTFBlSVhEWDF6dU85X3puVUswSzlXLUx4OXg5b0JZMlJYeHFXcHFsM1FLNEQ4MHQxTjlfRzZMZVhiU0JVTm5nS1paWnhEVXM1RzRmV0hWeWNR%3Foc%3D5 "HTTP/2 200 OK"
2026-08-24 08:47:24,018 [INFO] HTTP Request: GET https://wafeeknfpzjzngzuphoz.supabase.co/rest/v1/articles?select=article_id&original_url=eq.https%3A%2F%2Fnews.google.com%2Frss%2Farticles%2FCBMiSEFVX3lxTE1mczBWYm0wOEU3a2NSanExQ0V5ZjNDWmZhNURubTVxcmJDRUNjLXZzT1JmT2JlbVYwUjlWY0dxNXgxRW5ueHdveA%3Foc%3D5 "HTTP/2 200 OK"
2026-08-24 08:47:24,037 [INFO] HTTP Request: GET https://wafeeknfpzjzngzuphoz.supabase.co/rest/v1/articles?select=article_id&original_url=eq.https%3A%2F%2Fnews.google.com%2Frss%2Farticles%2FCBMijgFBVV95cUxPaXVvNUlaeE5USjVKOGE5WEpLRDA2Y0c4Z3hONXZLaXc3X2IySmlzMy1kSExBUzNRMlY5dmUyNWNnX295R0tucnRKUi1aUnJsMjkzUllJWGdzbHVtajMyVG5pWW81YUxVbzhRQUh1T3E4bTJaU3AtRlFzQ0RjUzFxc1BqMkZpNGRwVUhXTi1R%3Foc%3D5 "HTTP/2 200 OK"
2026-08-24 08:47:24,056 [INFO] HTTP Request: GET https://wafeeknfpzjzngzuphoz.supabase.co/rest/v1/articles?select=article_id&original_url=eq.https%3A%2F%2Fnews.google.com%2Frss%2Farticles%2FCBMib0FVX3lxTE1GYWxwbEp6YTFrUExYQ3J0aW1aVkdtTFptSlNqZ3dsWEdlLXI2RnJyb3UwQVhHWURDamk2UXE5N1dIMzQxZkxOT0R0V1gyUHRkYWhqdWgycHU4WHNXa2QtTUVReFpLbWZoZWlmS09nWQ%3Foc%3D5 "HTTP/2 200 OK"
2026-08-24 08:47:24,074 [INFO] HTTP Request: GET https://wafeeknfpzjzngzuphoz.supabase.co/rest/v1/articles?select=article_id&original_url=eq.https%3A%2F%2Fnews.google.com%2Frss%2Farticles%2FCBMiT0FVX3lxTFAzaWZPNVkxUlpVVTkzeEkyZURXNHppRWFtYkVEeUFCaDhTeVJFS0VubHd5Tjd6U09KRGI3ZDZYTXFNWWRQeHk5Q1F2eTlzeDQ%3Foc%3D5 "HTTP/2 200 OK"
2026-08-24 08:47:24,094 [INFO] HTTP Request: GET https://wafeeknfpzjzngzuphoz.supabase.co/rest/v1/articles?select=article_id&original_url=eq.https%3A%2F%2Fnews.google.com%2Frss%2Farticles%2FCBMiZEFVX3lxTE9Pdk1TUFhhVkFtNWhIX2VSYWpDVmZJRGhSLXN1OUdjOHV3MUZkTEwxdXltekZ3QUJPWTJVdEhpX3NhekUyUE45MEsySUQ0Y3lvZmNpeEJSdDJmMDl5UWdmTW0yUmvSAWhBVV95cUxQY0pZWjNrQkk5dmc5T21vRVFRZ05KYVlnOGRCc1I2cU1QczFoWWF0eXRBQkFLa20xRENOb1B4cnRmMmZta2lTdlljYjF3bVNzelp4enhONU52Z2twUDAxcTk2SDlTZU5ZNw%3Foc%3D5 "HTTP/2 200 OK"
2026-08-24 08:47:24,113 [INFO] HTTP Request: GET https://wafeeknfpzjzngzuphoz.supabase.co/rest/v1/articles?select=article_id&original_url=eq.https%3A%2F%2Fnews.google.com%2Frss%2Farticles%2FCBMiYEFVX3lxTE9RTWVMYXhEOGtwcjFwdzVwN1l4NUV5eThXRm9zbDVxM3lOckRZYUZIRURleUxXS0pyRWdtLVRHSy00Vjk2anRoS1BISkxweFhhUXJkVnZyRXdOcVF6M1lseQ%3Foc%3D5 "HTTP/2 200 OK"
2026-08-24 08:47:24,132 [INFO] HTTP Request: POST https://wafeeknfpzjzngzuphoz.supabase.co/rest/v1/articles "HTTP/2 201 Created"
2026-08-24 08:47:24,150 [INFO] HTTP Request: GET https://wafeeknfpzjzngzuphoz.supabase.co/rest/v1/articles?select=article_id&original_url=eq.https%3A%2F%2Fnews.google.com%2Frss%2Farticles%2FCBMic0FVX3lxTE1WUnZtUmtkcS1Ec0ppZVV4WjBnNWswaTlPY1JsOXJaWkVaai1kdjdsSXNFY2tTM2hybFJGT3pnLUZUSEp3eHYzVGtYbkhsZEYxdTRhb2JQTXd5Z1I2YXROYlhQN3d6QWJZNHNhZjZreWp3YmM%3Foc%3D5 "HTTP/2 200 OK"
2026-08-24 08:47:24,178 [INFO] HTTP Request: GET https://wafeeknfpzjzngzuphoz.supabase.co/rest/v1/articles?select=article_id&original_url=eq.https%3A%2F%2Fnews.google.com%2Frss%2Farticles%2FCBMibEFVX3lxTE1ZY01VdkJHWXZXTXcwR3Z0d05NTVJLcXQxQkE5VHU5aXpqaGVmbWRETWFsbWlld2NnU3k4NUNOdHlENzVuTENnVjZHSnE1bzhlMFR3THU5RVc3MjRkSVZMSzU1S1V6Q09QdHZUSw%3Foc%3D5 "HTTP/2 200 OK"
2026-08-24 08:47:24,197 [INFO] HTTP Request: POST https://wafeeknfpzjzngzuphoz.supabase.co/rest/v1/articles "HTTP/2 201 Created"
2026-08-24 08:47:24,763 [INFO] HTTP Request: GET https://wafeeknfpzjzngzuphoz.supabase.co/rest/v1/articles?select=article_id&original_url=eq.https%3A%2F%2Fnews.google.com%2Frss%2Farticles%2FCBMiT0FVX3lxTE9maDcxRmZfNnhvYjhGdk1Td0g3MFlvcnBFOVBBVk04aHVBd2dGZXU3NXYtc19yNk4tbXZGVUhYd0g3UlliTEgyeF9GUmgzVTQ%3Foc%3D5 "HTTP/2 200 OK"
2026-08-24 08:47:24,783 [INFO] HTTP Request: POST https://wafeeknfpzjzngzuphoz.supabase.co/rest/v1/articles "HTTP/2 201 Created"
2026-08-24 08:47:24,802 [INFO] HTTP Request: GET https://wafeeknfpzjzngzuphoz.supabase.co/rest/v1/articles?select=article_id&original_url=eq.https%3A%2F%2Fnews.google.com%2Frss%2Farticles%2FCBMiX0FVX3lxTE1hbXMxS2h2Tm12VWRsWC1fcFBTMFIwYWN2b3FtYi1HR0lMeEY0LXpzdlNmVVY1aTJPZTNBY25GRkZTR3YyVk1MQVZlbFlpXzlKWDJKTGt3cnM3ZUJ4YldN0gFkQVVfeXFMUEdnTFZKeGh6VlNzR0JxaW5hQV9aQXZYSHgxQVRXY1JCelZUcXI4engya2p3XzNPRzBWM0QtUEZhamR4ZlQ5Zk5LMGFETkZSSFdLZ1hhSmc3TGtKbVNCang1NV9DMQ%3Foc%3D5 "HTTP/2 200 OK"
2026-08-24 08:47:24,824 [INFO] HTTP Request: POST https://wafeeknfpzjzngzuphoz.supabase.co/rest/v1/articles "HTTP/2 201 Created"
2026-08-24 08:47:24,842 [INFO] HTTP Request: GET https://wafeeknfpzjzngzuphoz.supabase.co/rest/v1/articles?select=article_id&original_url=eq.https%3A%2F%2Fnews.google.com%2Frss%2Farticles%2FCBMiXEFVX3lxTE1NWUJLV3NwUG12dWdVX19fSXN4dzdLS3lxUWhMenBuSGdianduTWIzWndRdzZTck8tX2dNS1kyR0hJZEc3bVFOQlBJNjJoa2wwOFJWRS1zMExQb0gw%3Foc%3D5 "HTTP/2 200 OK"
2026-08-24 08:47:24,861 [INFO] HTTP Request: POST https://wafeeknfpzjzngzuphoz.supabase.co/rest/v1/articles "HTTP/2 201 Created"
2026-08-24 08:47:24,894 [INFO] HTTP Request: GET https://wafeeknfpzjzngzuphoz.supabase.co/rest/v1/articles?select=article_id&original_url=eq.https%3A%2F%2Fnews.google.com%2Frss%2Farticles%2FCBMiVEFVX3lxTE1Cc25YeEwxRmx1WVJwY2NzUGRXWmFSenFnNXpSbUVoampsbUd0Wl9CdlpvSGtQYnNtWXBYblg1WEFkQVJwcTk1U0FlbVJwa241U1BHbA%3Foc%3D5 "HTTP/2 200 OK"
2026-08-24 08:47:24,916 [INFO] HTTP Request: POST https://wafeeknfpzjzngzuphoz.supabase.co/rest/v1/articles "HTTP/2 201 Created"
2026-08-24 08:47:24,935 [INFO] HTTP Request: GET https://wafeeknfpzjzngzuphoz.supabase.co/rest/v1/articles?select=article_id&original_url=eq.https%3A%2F%2Fnews.google.com%2Frss%2Farticles%2FCBMiVkFVX3lxTE1LUmR1a3AyMW9vcUFiQnlIVjhpbHZCdndzdGV1RXJ2cmpiZk41ak91eEtXNWU1Tk5qdDI3ZlhEQUJRUk5hME4weFFBcWM5QlRzNmJXRW93%3Foc%3D5 "HTTP/2 200 OK"
2026-08-24 08:47:24,953 [INFO] HTTP Request: POST https://wafeeknfpzjzngzuphoz.supabase.co/rest/v1/articles "HTTP/2 201 Created"
2026-08-24 08:47:24,971 [INFO] HTTP Request: GET https://wafeeknfpzjzngzuphoz.supabase.co/rest/v1/articles?select=article_id&original_url=eq.https%3A%2F%2Fnews.google.com%2Frss%2Farticles%2FCBMiWkFVX3lxTE5kZExzOWM3QngzVEVNTXhNcGVFamZDV0V2R09MSk9nUFNTeFV2Ukdfa3N5dm1idlBkdE9idXZ1em9SUlY3SlQ3ZzVmaFdoZ2Z5Tm1nS0FPR0EzZ9IBWEFVX3lxTFA1eURUamRBcHdMX0s5RXR2MTVscmpRQ21scEo5Mkw5VjRrOVdqZE1YcWhVX21WWmRVX21JTm15NVRtTzdINzBwQVVxZGdqX1ZMeHZlS2N0NFk%3Foc%3D5 "HTTP/2 200 OK"
2026-08-24 08:47:24,989 [INFO] HTTP Request: POST https://wafeeknfpzjzngzuphoz.supabase.co/rest/v1/articles "HTTP/2 201 Created"
2026-08-24 08:47:25,010 [INFO] HTTP Request: GET https://wafeeknfpzjzngzuphoz.supabase.co/rest/v1/articles?select=article_id&original_url=eq.https%3A%2F%2Fnews.google.com%2Frss%2Farticles%2FCBMiWkFVX3lxTE1tX29HeWRyYzRqbjBCWXZncF9zSXBfRnU0dVBhQzlxUk5RQmM4UFBXbFVxbGVuX09la3Uwdkh4cnRmZjhLVGFOaUlTQkZpMGZmakxDcDY4Q3Y0QQ%3Foc%3D5 "HTTP/2 200 OK"
2026-08-24 08:47:25,030 [INFO] HTTP Request: POST https://wafeeknfpzjzngzuphoz.supabase.co/rest/v1/articles "HTTP/2 201 Created"
2026-08-24 08:47:25,049 [INFO] HTTP Request: GET https://wafeeknfpzjzngzuphoz.supabase.co/rest/v1/articles?select=article_id&original_url=eq.https%3A%2F%2Fnews.google.com%2Frss%2Farticles%2FCBMiakFVX3lxTE1WRUotYjJjMmsyWTY2Y0dwSDNmaHZMOVNwNlh0YlcwTzl4d1o2OVV5Y2VGU0I1ZU1zeHZ2RS1lVTZRdy05U19oaHZRM2Z0dm9EbTFlc0h2NG5MbTZkREhQbkdWMUkzZ1BXaGc%3Foc%3D5 "HTTP/2 200 OK"
2026-08-24 08:47:25,079 [INFO] HTTP Request: POST https://wafeeknfpzjzngzuphoz.supabase.co/rest/v1/articles "HTTP/2 201 Created"
2026-08-24 08:47:25,101 [INFO] HTTP Request: GET https://wafeeknfpzjzngzuphoz.supabase.co/rest/v1/articles?select=article_id&original_url=eq.https%3A%2F%2Fnews.google.com%2Frss%2Farticles%2FCBMiT0FVX3lxTE01QmFNZ0V5eWItT2NiWTlzbkRYS1JJU2xDVnVnTTZ6TmRtc3hybkxNTmpZUjlJZHVfWktreV9GRUt2X09Sc0ZRZ0p6ZDdaTGc%3Foc%3D5 "HTTP/2 200 OK"
2026-08-24 08:47:25,120 [INFO] HTTP Request: POST https://wafeeknfpzjzngzuphoz.supabase.co/rest/v1/articles "HTTP/2 201 Created"
2026-08-24 08:47:25,144 [INFO] HTTP Request: GET https://wafeeknfpzjzngzuphoz.supabase.co/rest/v1/articles?select=article_id&original_url=eq.https%3A%2F%2Fnews.google.com%2Frss%2Farticles%2FCBMiT0FVX3lxTE5pT2NxbXJmajNtcGRxTHZNcjlXazcwQ29IeGNUN0F3X2dUOWV2S1dDVHMyZUtrdWNoLWhXZHJ0SlJLRUNfcUNjMXR5MUpYTzQ%3Foc%3D5 "HTTP/2 200 OK"
2026-08-24 08:47:25,163 [INFO] HTTP Request: POST https://wafeeknfpzjzngzuphoz.supabase.co/rest/v1/articles "HTTP/2 201 Created"
2026-08-24 08:47:25,295 [INFO] HTTP Request: GET https://wafeeknfpzjzngzuphoz.supabase.co/rest/v1/articles?select=article_id&original_url=eq.https%3A%2F%2Fyozm.wishket.com%2Fmagazine%2Fdetail%2F3909 "HTTP/2 200 OK"
2026-08-24 08:47:25,315 [INFO] HTTP Request: POST https://wafeeknfpzjzngzuphoz.supabase.co/rest/v1/articles "HTTP/2 201 Created"
2026-08-24 08:47:25,343 [INFO] HTTP Request: GET https://wafeeknfpzjzngzuphoz.supabase.co/rest/v1/articles?select=article_id&original_url=eq.https%3A%2F%2Fyozm.wishket.com%2Fmagazine%2Fdetail%2F3908 "HTTP/2 200 OK"
2026-08-24 08:47:25,366 [INFO] HTTP Request: GET https://wafeeknfpzjzngzuphoz.supabase.co/rest/v1/articles?select=article_id&original_url=eq.https%3A%2F%2Fyozm.wishket.com%2Fmagazine%2Fdetail%2F3907 "HTTP/2 200 OK"
2026-08-24 08:47:25,389 [INFO] HTTP Request: GET https://wafeeknfpzjzngzuphoz.supabase.co/rest/v1/articles?select=article_id&original_url=eq.https%3A%2F%2Fyozm.wishket.com%2Fmagazine%2Fdetail%2F3906 "HTTP/2 200 OK"
2026-08-24 08:47:25,408 [INFO] HTTP Request: GET https://wafeeknfpzjzngzuphoz.supabase.co/rest/v1/articles?select=article_id&original_url=eq.https%3A%2F%2Fyozm.wishket.com%2Fmagazine%2Fdetail%2F3905 "HTTP/2 200 OK"
2026-08-24 08:47:25,427 [INFO] HTTP Request: GET https://wafeeknfpzjzngzuphoz.supabase.co/rest/v1/articles?select=article_id&original_url=eq.https%3A%2F%2Fyozm.wishket.com%2Fmagazine%2Fdetail%2F3904 "HTTP/2 200 OK"
2026-08-24 08:47:25,450 [INFO] HTTP Request: GET https://wafeeknfpzjzngzuphoz.supabase.co/rest/v1/articles?select=article_id&original_url=eq.https%3A%2F%2Fyozm.wishket.com%2Fmagazine%2Fdetail%2F3903 "HTTP/2 200 OK"
2026-08-24 08:47:25,469 [INFO] HTTP Request: GET https://wafeeknfpzjzngzuphoz.supabase.co/rest/v1/articles?select=article_id&original_url=eq.https%3A%2F%2Fyozm.wishket.com%2Fmagazine%2Fdetail%2F3902 "HTTP/2 200 OK"
2026-08-24 08:47:25,488 [INFO] HTTP Request: GET https://wafeeknfpzjzngzuphoz.supabase.co/rest/v1/articles?select=article_id&original_url=eq.https%3A%2F%2Fyozm.wishket.com%2Fmagazine%2Fdetail%2F3901 "HTTP/2 200 OK"
2026-08-24 08:47:25,507 [INFO] HTTP Request: GET https://wafeeknfpzjzngzuphoz.supabase.co/rest/v1/articles?select=article_id&original_url=eq.https%3A%2F%2Fyozm.wishket.com%2Fmagazine%2Fdetail%2F3900 "HTTP/2 200 OK"
2026-08-24 08:47:25,855 [INFO] HTTP Request: GET https://wafeeknfpzjzngzuphoz.supabase.co/rest/v1/articles?select=article_id&original_url=eq.https%3A%2F%2Ftechblog.woowahan.com%2F26876%2F "HTTP/2 200 OK"
2026-08-24 08:47:25,874 [INFO] HTTP Request: GET https://wafeeknfpzjzngzuphoz.supabase.co/rest/v1/articles?select=article_id&original_url=eq.https%3A%2F%2Ftechblog.woowahan.com%2F26777%2F "HTTP/2 200 OK"
2026-08-24 08:47:25,898 [INFO] HTTP Request: GET https://wafeeknfpzjzngzuphoz.supabase.co/rest/v1/articles?select=article_id&original_url=eq.https%3A%2F%2Ftechblog.woowahan.com%2F26729%2F "HTTP/2 200 OK"
2026-08-24 08:47:25,917 [INFO] HTTP Request: GET https://wafeeknfpzjzngzuphoz.supabase.co/rest/v1/articles?select=article_id&original_url=eq.https%3A%2F%2Ftechblog.woowahan.com%2F26507%2F "HTTP/2 200 OK"
2026-08-24 08:47:25,934 [INFO] HTTP Request: GET https://wafeeknfpzjzngzuphoz.supabase.co/rest/v1/articles?select=article_id&original_url=eq.https%3A%2F%2Ftechblog.woowahan.com%2F26624%2F "HTTP/2 200 OK"
2026-08-24 08:47:25,963 [INFO] HTTP Request: GET https://wafeeknfpzjzngzuphoz.supabase.co/rest/v1/articles?select=article_id&original_url=eq.https%3A%2F%2Ftechblog.woowahan.com%2F26492%2F "HTTP/2 200 OK"
2026-08-24 08:47:25,981 [INFO] HTTP Request: GET https://wafeeknfpzjzngzuphoz.supabase.co/rest/v1/articles?select=article_id&original_url=eq.https%3A%2F%2Ftechblog.woowahan.com%2F26459%2F "HTTP/2 200 OK"
2026-08-24 08:47:26,003 [INFO] HTTP Request: GET https://wafeeknfpzjzngzuphoz.supabase.co/rest/v1/articles?select=article_id&original_url=eq.https%3A%2F%2Ftechblog.woowahan.com%2F26379%2F "HTTP/2 200 OK"
2026-08-24 08:47:26,025 [INFO] HTTP Request: GET https://wafeeknfpzjzngzuphoz.supabase.co/rest/v1/articles?select=article_id&original_url=eq.https%3A%2F%2Ftechblog.woowahan.com%2F26388%2F "HTTP/2 200 OK"
2026-08-24 08:47:26,042 [INFO] HTTP Request: GET https://wafeeknfpzjzngzuphoz.supabase.co/rest/v1/articles?select=article_id&original_url=eq.https%3A%2F%2Ftechblog.woowahan.com%2F26319%2F "HTTP/2 200 OK"
2026-08-24 08:47:26,144 [INFO] HTTP Request: GET https://wafeeknfpzjzngzuphoz.supabase.co/rest/v1/articles?select=article_id&original_url=eq.https%3A%2F%2Ftech.kakao.com%2Fposts%2F829 "HTTP/2 200 OK"
2026-08-24 08:47:26,164 [INFO] HTTP Request: GET https://wafeeknfpzjzngzuphoz.supabase.co/rest/v1/articles?select=article_id&original_url=eq.https%3A%2F%2Ftech.kakao.com%2Fposts%2F828 "HTTP/2 200 OK"
2026-08-24 08:47:26,184 [INFO] HTTP Request: GET https://wafeeknfpzjzngzuphoz.supabase.co/rest/v1/articles?select=article_id&original_url=eq.https%3A%2F%2Ftech.kakao.com%2Fposts%2F827 "HTTP/2 200 OK"
2026-08-24 08:47:26,204 [INFO] HTTP Request: GET https://wafeeknfpzjzngzuphoz.supabase.co/rest/v1/articles?select=article_id&original_url=eq.https%3A%2F%2Ftech.kakao.com%2Fposts%2F826 "HTTP/2 200 OK"
2026-08-24 08:47:26,290 [INFO] HTTP Request: GET https://wafeeknfpzjzngzuphoz.supabase.co/rest/v1/articles?select=article_id&original_url=eq.https%3A%2F%2Ftech.kakao.com%2Fposts%2F825 "HTTP/2 200 OK"
2026-08-24 08:47:26,317 [INFO] HTTP Request: GET https://wafeeknfpzjzngzuphoz.supabase.co/rest/v1/articles?select=article_id&original_url=eq.https%3A%2F%2Ftech.kakao.com%2Fposts%2F824 "HTTP/2 200 OK"
2026-08-24 08:47:26,337 [INFO] HTTP Request: GET https://wafeeknfpzjzngzuphoz.supabase.co/rest/v1/articles?select=article_id&original_url=eq.https%3A%2F%2Ftech.kakao.com%2Fposts%2F823 "HTTP/2 200 OK"
2026-08-24 08:47:26,356 [INFO] HTTP Request: GET https://wafeeknfpzjzngzuphoz.supabase.co/rest/v1/articles?select=article_id&original_url=eq.https%3A%2F%2Ftech.kakao.com%2Fposts%2F818 "HTTP/2 200 OK"
2026-08-24 08:47:26,374 [INFO] HTTP Request: GET https://wafeeknfpzjzngzuphoz.supabase.co/rest/v1/articles?select=article_id&original_url=eq.https%3A%2F%2Ftech.kakao.com%2Fposts%2F822 "HTTP/2 200 OK"
2026-08-24 08:47:26,392 [INFO] HTTP Request: GET https://wafeeknfpzjzngzuphoz.supabase.co/rest/v1/articles?select=article_id&original_url=eq.https%3A%2F%2Ftech.kakao.com%2Fposts%2F821 "HTTP/2 200 OK"
2026-08-24 08:47:26,420 [INFO] HTTP Request: GET https://wafeeknfpzjzngzuphoz.supabase.co/rest/v1/articles?select=article_id%2Csource_id%2Ccategory_id%2Coriginal_url%2Ctitle%2Csummary%2Csources%28name%2Ctype%2Creliability_score%29%2Ccategories%28name%29&collected_at=gte.2026-08-24T00%3A00%3A00 "HTTP/2 200 OK"
2026-08-24 08:47:26,442 [INFO] HTTP Request: GET https://wafeeknfpzjzngzuphoz.supabase.co/rest/v1/users?select=user_id%2Cemail "HTTP/2 200 OK"
2026-08-24 08:47:26,461 [INFO] HTTP Request: GET https://wafeeknfpzjzngzuphoz.supabase.co/rest/v1/user_sources?select=source_id&user_id=eq.1 "HTTP/2 200 OK"
2026-08-24 08:47:26,480 [INFO] HTTP Request: GET https://wafeeknfpzjzngzuphoz.supabase.co/rest/v1/subscriptions?select=category_id&user_id=eq.1&is_active=eq.True "HTTP/2 200 OK"
2026-08-24 08:47:26,481 [INFO] 👤 사용자(koreajjangboy@gmail.com) - 선택 소스: {1, 2, 3, 4, 5, 6, 7, 8, 9, 10, 11, 12, 13, 14}, 활성 카테고리: {1, 2}
2026-08-24 08:47:26,481 [INFO] 📊 사용자(koreajjangboy@gmail.com) 맞춤 기사 수: 25
2026-08-24 08:47:26,501 [INFO] HTTP Request: GET https://wafeeknfpzjzngzuphoz.supabase.co/rest/v1/digests?select=digest_id&user_id=eq.1&digest_date=eq.2026-08-24 "HTTP/2 200 OK"
2026-08-24 08:47:26,532 [INFO] HTTP Request: PATCH https://wafeeknfpzjzngzuphoz.supabase.co/rest/v1/digests?user_id=eq.1&digest_date=eq.2026-08-24 "HTTP/2 200 OK"
2026-08-24 08:47:26,532 [INFO] 📄 사용자(koreajjangboy@gmail.com) 개인 다이제스트 생성 완료: news/koreajjangboy_at_gmail_com/2026-08-24.html
2026-08-24 08:47:26,532 [INFO] ✅ 총 33개 신규 기사 DB 저장 및 개인별 다이제스트 생성 완료

2026-08-24 09:14:23,744 [INFO] ⚡ [--send-kakao] 옵션 감지: 카카오톡 메시지를 전송합니다.
2026-08-24 14:07:25,994 [INFO] ⚡ [--send-kakao] 옵션 감지: 카카오톡 메시지를 전송합니다.
2026-08-24 14:15:16,891 [INFO] ⚡ [--send-kakao] 옵션 감지: 카카오톡 메시지를 전송합니다.
2026-08-24 14:15:20,173 [ERROR] ❌ 카카오톡 메시지 전송 실패: {'msg': 'no access token.', 'code': -401, 'recovery_action': 'NONE'}
2026-08-24 14:16:17,815 [INFO] ⚡ [--send-kakao] 옵션 감지: 카카오톡 메시지를 전송합니다.
2026-08-24 14:16:17,815 [INFO] rsREXoJtg0cmyo_osAnCx5znBtyTrCx9EGP_N4VrOfyznoGKUTiktAAAAAQKFwAnAAABoDIhDgZb9Pmr5eg_ZA
2026-08-24 14:16:17,815 [INFO] 📨 카카오톡 메시지 전송 시도: 제목='TEST', 설명='TEST', 버튼 URL='www.naver.com'
2026-08-24 14:16:18,322 [ERROR] ❌ 카카오톡 메시지 전송 실패: {'msg': 'no access token.', 'code': -401, 'recovery_action': 'NONE'}
2026-08-24 14:20:45,729 [INFO] ⚡ [--send-kakao] 옵션 감지: 카카오톡 메시지를 전송합니다.
2026-08-24 14:21:14,902 [ERROR] ❌ Access Token 갱신 실패: {'error': 'invalid_client', 'error_description': 'Bad client credentials', 'error_code': 'KOE010'}
2026-08-24 15:13:18,290 [INFO] ⚡ [--send-kakao] 옵션 감지: 카카오톡 메시지를 전송합니다.
2026-08-24 15:13:18,290 [INFO] r7rLNNccKsKNFJumScOWmyzxoNgnyxNI
2026-08-24 15:13:18,291 [INFO] 📨 카카오톡 메시지 전송 시도: 제목='TEST', 설명='TEST', 버튼 URL='www.naver.com'
2026-08-24 15:13:18,552 [ERROR] ❌ 카카오톡 메시지 전송 실패: {'msg': 'this access token does not exist', 'code': -401, 'recovery_action': 'NONE'}
2026-08-24 15:14:24,175 [INFO] ⚡ [--send-kakao] 옵션 감지: 카카오톡 메시지를 전송합니다.
2026-08-24 15:14:24,175 [INFO] 94f0dd799d3c510328b23e106f95d149
2026-08-24 15:14:24,175 [INFO] 📨 카카오톡 메시지 전송 시도: 제목='TEST', 설명='TEST', 버튼 URL='www.naver.com'
2026-08-24 15:14:24,254 [ERROR] ❌ 카카오톡 메시지 전송 실패: {'msg': 'this access token does not exist', 'code': -401, 'recovery_action': 'NONE'}
2026-08-24 15:15:13,417 [INFO] ⚡ [--send-kakao] 옵션 감지: 카카오톡 메시지를 전송합니다.
2026-08-24 15:15:13,417 [INFO] 4c4c719a3fe669e9dddd0b8ed832845c
2026-08-24 15:15:13,417 [INFO] 📨 카카오톡 메시지 전송 시도: 제목='TEST', 설명='TEST', 버튼 URL='www.naver.com'
2026-08-24 15:15:13,462 [ERROR] ❌ 카카오톡 메시지 전송 실패: {'msg': 'this access token does not exist', 'code': -401, 'recovery_action': 'NONE'}
2026-08-24 15:16:34,057 [INFO] ⚡ [--send-kakao] 옵션 감지: 카카오톡 메시지를 전송합니다.
2026-08-24 15:16:34,057 [INFO] rsREXoJtg0cmyo_osAnCx5znBtyTrCx9EGP_N4VrOfyznoGKUTiktAAAAAQKFwAnAAABoDIhDgZb9Pmr5eg_ZA
2026-08-24 15:16:34,057 [INFO] 📨 카카오톡 메시지 전송 시도: 제목='TEST', 설명='TEST', 버튼 URL='www.naver.com'
2026-08-24 15:16:34,150 [ERROR] ❌ 카카오톡 메시지 전송 실패: {'msg': 'no access token.', 'code': -401, 'recovery_action': 'NONE'}
2026-08-24 15:23:07,121 [INFO] ⚡ [--send-kakao] 옵션 감지: 카카오톡 메시지를 전송합니다.
2026-08-24 15:25:50,301 [INFO] ⚡ [--send-kakao] 옵션 감지: 카카오톡 메시지를 전송합니다.
2026-08-24 15:27:07,272 [INFO] ⚡ [--send-kakao] 옵션 감지: 카카오톡 메시지를 전송합니다.
2026-08-24 15:27:41,705 [INFO] ⚡ [--send-kakao] 옵션 감지: 카카오톡 메시지를 전송합니다.
2026-08-24 15:33:10,718 [INFO] ⚡ [--send-kakao] 옵션 감지: 카카오톡 메시지를 전송합니다.
2026-08-24 15:45:03,549 [INFO] ⚡ [--send-kakao] 옵션 감지: 카카오톡 메시지를 전송합니다.
2026-08-24 15:46:34,508 [INFO] ⚡ [--send-kakao] 옵션 감지: 카카오톡 메시지를 전송합니다.
2026-08-24 15:47:13,835 [INFO] ⚡ [--send-kakao] 옵션 감지: 카카오톡 메시지를 전송합니다.
2026-08-24 15:47:13,901 [INFO] None
2026-08-24 15:47:13,901 [INFO] 📨 카카오톡 메시지 전송 시도: 제목='오늘의 맞춤 뉴스 요약', 설명='오늘 수집된 맞춤 뉴스 다이제스트를 확인하세요.', 버튼 URL='https://localhost'
2026-08-24 15:47:13,931 [ERROR] ❌ 카카오톡 메시지 전송 실패: {'msg': 'this access token does not exist', 'code': -401, 'recovery_action': 'NONE'}
2026-08-24 15:48:29,466 [INFO] ⚡ [--send-kakao] 옵션 감지: 카카오톡 메시지를 전송합니다.
2026-08-24 15:48:29,566 [INFO] 69NONqud9JtX_M1cjsKyWlavHVTJe9RuAAAAAQoNG1kAAAGgMocYmIa1Lb_-w10F
2026-08-24 15:48:29,566 [INFO] 📨 카카오톡 메시지 전송 시도: 제목='오늘의 맞춤 뉴스 요약', 설명='오늘 수집된 맞춤 뉴스 다이제스트를 확인하세요.', 버튼 URL='https://localhost'
2026-08-24 15:48:29,626 [ERROR] ❌ 카카오톡 메시지 전송 실패: {'msg': 'insufficient scopes.', 'code': -402, 'api_type': 'TALK_MEMO_DEFAULT_SEND', 'required_scopes': ['talk_message'], 'allowed_scopes': ['account_email', 'profile_image', 'profile_nickname']}
2026-08-24 15:51:00,555 [INFO] ⚡ [--send-kakao] 옵션 감지: 카카오톡 메시지를 전송합니다.
2026-08-24 15:51:00,782 [INFO] 7M64bNaiORyx8Nexk3-pZyGq-5S1z5mxAAAAAQoXC2sAAAGgMolnPIa1Lb_-w10F
2026-08-24 15:51:00,782 [INFO] 📨 카카오톡 메시지 전송 시도: 제목='오늘의 맞춤 뉴스 요약', 설명='오늘 수집된 맞춤 뉴스 다이제스트를 확인하세요.', 버튼 URL='https://localhost'
2026-08-24 15:51:00,898 [ERROR] ❌ 카카오톡 메시지 전송 실패: {'msg': 'insufficient scopes.', 'code': -402, 'api_type': 'TALK_MEMO_DEFAULT_SEND', 'required_scopes': ['talk_message'], 'allowed_scopes': ['account_email', 'profile_image', 'profile_nickname']}
2026-08-24 15:51:34,432 [INFO] ⚡ [--send-kakao] 옵션 감지: 카카오톡 메시지를 전송합니다.
2026-08-24 15:51:34,532 [INFO] q33Aug3Zdow2SYvvXtV0NGduNO0kSrgyAAAAAQoNFZsAAAGgMonrLYa1Lb_-w10F
2026-08-24 15:51:34,532 [INFO] 📨 카카오톡 메시지 전송 시도: 제목='오늘의 맞춤 뉴스 요약', 설명='오늘 수집된 맞춤 뉴스 다이제스트를 확인하세요.', 버튼 URL='https://localhost'
2026-08-24 15:51:34,698 [INFO] ✅ 카카오톡 메시지 전송 성공
2026-08-24 15:52:47,470 [INFO] ⚡ [--send-kakao] 옵션 감지: 카카오톡 메시지를 전송합니다.
2026-08-24 15:52:47,564 [INFO] None
2026-08-24 15:52:47,565 [INFO] 📨 카카오톡 메시지 전송 시도: 제목='오늘의 맞춤 뉴스 요약', 설명='오늘 수집된 맞춤 뉴스 다이제스트를 확인하세요.', 버튼 URL='https://www.naver.com'
2026-08-24 15:52:47,627 [ERROR] ❌ 카카오톡 메시지 전송 실패: {'msg': 'this access token does not exist', 'code': -401, 'recovery_action': 'NONE'}
2026-08-24 15:54:20,135 [INFO] ⚡ [--send-kakao] 옵션 감지: 카카오톡 메시지를 전송합니다.
2026-08-24 15:54:20,135 [INFO] q33Aug3Zdow2SYvvXtV0NGduNO0kSrgyAAAAAQoNFZsAAAGgMonrLYa1Lb_-w10F
2026-08-24 15:54:20,135 [INFO] 📨 카카오톡 메시지 전송 시도: 제목='오늘의 맞춤 뉴스 요약', 설명='오늘 수집된 맞춤 뉴스 다이제스트를 확인하세요.', 버튼 URL='https://www.naver.com'
2026-08-24 15:54:20,255 [INFO] ✅ 카카오톡 메시지 전송 성공
2026-08-24 15:55:32,813 [INFO] ⚡ [--send-kakao] 옵션 감지: 카카오톡 메시지를 전송합니다.
2026-08-24 15:55:32,813 [INFO] q33Aug3Zdow2SYvvXtV0NGduNO0kSrgyAAAAAQoNFZsAAAGgMonrLYa1Lb_-w10F
2026-08-24 15:55:32,813 [INFO] 📨 카카오톡 메시지 전송 시도: 제목='오늘의 맞춤 뉴스 요약', 설명='오늘 수집된 맞춤 뉴스 다이제스트를 확인하세요. 

 https://www.naver.com', 버튼 URL='https://www.naver.com'
2026-08-24 15:55:32,944 [INFO] ✅ 카카오톡 메시지 전송 성공
2026-08-24 16:52:43,484 [INFO] ⚡ [--send-kakao] 옵션 감지: 카카오톡 메시지를 전송합니다.
2026-08-24 16:52:43,484 [INFO] q33Aug3Zdow2SYvvXtV0NGduNO0kSrgyAAAAAQoNFZsAAAGgMonrLYa1Lb_-w10F
2026-08-24 16:52:43,484 [INFO] 📨 카카오톡 메시지 전송 시도: 제목='오늘의 맞춤 뉴스 요약', 설명='오늘 수집된 맞춤 뉴스 다이제스트를 확인하세요. 

 https://www.naver.com', 버튼 URL='https://www.naver.com'
2026-08-24 16:52:43,588 [INFO] ✅ 카카오톡 메시지 전송 성공
2026-08-24 16:57:58,492 [INFO] ⚡ [--send-kakao] 옵션 감지: 카카오톡 메시지를 전송합니다.
2026-08-24 16:57:58,493 [INFO] q33Aug3Zdow2SYvvXtV0NGduNO0kSrgyAAAAAQoNFZsAAAGgMonrLYa1Lb_-w10F
2026-08-24 16:57:58,493 [INFO] 📨 카카오톡 메시지 전송 시도: 제목='오늘의 맞춤 뉴스 요약', 설명='오늘 수집된 맞춤 뉴스 다이제스트를 확인하세요. 

 https://www.naver.com', 버튼 URL='https://www.naver.com'
2026-08-24 16:57:58,577 [INFO] ✅ 카카오톡 메시지 전송 성공
2026-08-25 08:21:56,177 [INFO] ⚡ [--now] 옵션 감지: 즉시 수집 작업을 실행합니다.
2026-08-25 08:21:56,177 [INFO] 🚀 [Start] RSS 피드 수집 및 DB 저장 시작
2026-08-25 08:21:57,200 [INFO] HTTP Request: GET https://wafeeknfpzjzngzuphoz.supabase.co/rest/v1/sources?select=source_id%2Cname%2Curl "HTTP/2 200 OK"
2026-08-25 08:21:57,258 [INFO] HTTP Request: GET https://wafeeknfpzjzngzuphoz.supabase.co/rest/v1/categories?select=category_id%2Cname&is_active=eq.True "HTTP/2 200 OK"
2026-08-25 08:21:57,808 [INFO] HTTP Request: GET https://wafeeknfpzjzngzuphoz.supabase.co/rest/v1/articles?select=article_id&original_url=eq.https%3A%2F%2Fopenai.com%2Findex%2Fgpt-5-6-in-kiro "HTTP/2 200 OK"
2026-08-25 08:21:57,901 [INFO] HTTP Request: POST https://wafeeknfpzjzngzuphoz.supabase.co/rest/v1/articles "HTTP/2 201 Created"
2026-08-25 08:21:57,935 [INFO] HTTP Request: GET https://wafeeknfpzjzngzuphoz.supabase.co/rest/v1/articles?select=article_id&original_url=eq.https%3A%2F%2Fopenai.com%2Findex%2Fintroducing-ai-futures "HTTP/2 200 OK"
2026-08-25 08:21:57,967 [INFO] HTTP Request: GET https://wafeeknfpzjzngzuphoz.supabase.co/rest/v1/articles?select=article_id&original_url=eq.https%3A%2F%2Fopenai.com%2Findex%2Fstampli "HTTP/2 200 OK"
2026-08-25 08:21:57,998 [INFO] HTTP Request: GET https://wafeeknfpzjzngzuphoz.supabase.co/rest/v1/articles?select=article_id&original_url=eq.https%3A%2F%2Fopenai.com%2Findex%2Foffering-zero-data-retention-for-frontier-models "HTTP/2 200 OK"
2026-08-25 08:21:58,028 [INFO] HTTP Request: GET https://wafeeknfpzjzngzuphoz.supabase.co/rest/v1/articles?select=article_id&original_url=eq.https%3A%2F%2Fopenai.com%2Findex%2Freplit "HTTP/2 200 OK"
2026-08-25 08:21:58,048 [INFO] HTTP Request: GET https://wafeeknfpzjzngzuphoz.supabase.co/rest/v1/articles?select=article_id&original_url=eq.https%3A%2F%2Fopenai.com%2Findex%2Fchatgpt-ads-expands-across-europe "HTTP/2 200 OK"
2026-08-25 08:21:58,078 [INFO] HTTP Request: GET https://wafeeknfpzjzngzuphoz.supabase.co/rest/v1/articles?select=article_id&original_url=eq.https%3A%2F%2Fopenai.com%2Findex%2Fstrengthening-democratic-oversight-in-national-security "HTTP/2 200 OK"
2026-08-25 08:21:58,108 [INFO] HTTP Request: GET https://wafeeknfpzjzngzuphoz.supabase.co/rest/v1/articles?select=article_id&original_url=eq.https%3A%2F%2Fopenai.com%2Findex%2Fpartnering-with-codeai "HTTP/2 200 OK"
2026-08-25 08:21:58,141 [INFO] HTTP Request: GET https://wafeeknfpzjzngzuphoz.supabase.co/rest/v1/articles?select=article_id&original_url=eq.https%3A%2F%2Fopenai.com%2Findex%2Fpacing-model-development-cyber-capabilities "HTTP/2 200 OK"
2026-08-25 08:21:58,162 [INFO] HTTP Request: GET https://wafeeknfpzjzngzuphoz.supabase.co/rest/v1/articles?select=article_id&original_url=eq.https%3A%2F%2Fopenai.com%2Findex%2Fchatgpt-for-teens "HTTP/2 200 OK"
2026-08-25 08:21:58,992 [INFO] HTTP Request: GET https://wafeeknfpzjzngzuphoz.supabase.co/rest/v1/articles?select=article_id&original_url=eq.https%3A%2F%2Fblog.google%2Fproducts-and-platforms%2Fproducts%2Fsearch%2Fback-to-school-study-tools%2F "HTTP/2 200 OK"
2026-08-25 08:21:59,011 [INFO] HTTP Request: GET https://wafeeknfpzjzngzuphoz.supabase.co/rest/v1/articles?select=article_id&original_url=eq.https%3A%2F%2Fblog.google%2Fproducts-and-platforms%2Fproducts%2Fgemini%2Fgoogle-gemini-pixel-football-club-partnerships%2F "HTTP/2 200 OK"
2026-08-25 08:21:59,035 [INFO] HTTP Request: GET https://wafeeknfpzjzngzuphoz.supabase.co/rest/v1/articles?select=article_id&original_url=eq.https%3A%2F%2Fblog.google%2Fproducts-and-platforms%2Fproducts%2Fworkspace%2Fsheets-canvas-for-google-sheets-spreadsheets%2F "HTTP/2 200 OK"
2026-08-25 08:21:59,065 [INFO] HTTP Request: GET https://wafeeknfpzjzngzuphoz.supabase.co/rest/v1/articles?select=article_id&original_url=eq.https%3A%2F%2Fblog.google%2Finnovation-and-ai%2Fmodels-and-research%2Fgoogle-research%2Famie-video-consultations%2F "HTTP/2 200 OK"
2026-08-25 08:21:59,087 [INFO] HTTP Request: GET https://wafeeknfpzjzngzuphoz.supabase.co/rest/v1/articles?select=article_id&original_url=eq.https%3A%2F%2Fblog.google%2Fproducts%2Fads-commerce%2Fgoogle-ads-analytics-ai-updates%2F "HTTP/2 200 OK"
2026-08-25 08:21:59,107 [INFO] HTTP Request: GET https://wafeeknfpzjzngzuphoz.supabase.co/rest/v1/articles?select=article_id&original_url=eq.https%3A%2F%2Fblog.google%2Finnovation-and-ai%2Ftechnology%2Fai%2Fgoogle-ai-updates-july-2026%2F "HTTP/2 200 OK"
2026-08-25 08:21:59,127 [INFO] HTTP Request: GET https://wafeeknfpzjzngzuphoz.supabase.co/rest/v1/articles?select=article_id&original_url=eq.https%3A%2F%2Fblog.google%2Finnovation-and-ai%2Ftechnology%2Fdevelopers-tools%2Fai-agents-intensive-recap-2026%2F "HTTP/2 200 OK"
2026-08-25 08:21:59,146 [INFO] HTTP Request: GET https://wafeeknfpzjzngzuphoz.supabase.co/rest/v1/articles?select=article_id&original_url=eq.https%3A%2F%2Fblog.google%2Finnovation-and-ai%2Ftechnology%2Fdevelopers-tools%2Fexpanding-managed-agents-gemini-api-3-6-flash-hooks%2F "HTTP/2 200 OK"
2026-08-25 08:21:59,167 [INFO] HTTP Request: GET https://wafeeknfpzjzngzuphoz.supabase.co/rest/v1/articles?select=article_id&original_url=eq.https%3A%2F%2Fblog.google%2Fproducts-and-platforms%2Fproducts%2Fsearch%2Fai-mode-real-world-tips%2F "HTTP/2 200 OK"
2026-08-25 08:21:59,186 [INFO] HTTP Request: GET https://wafeeknfpzjzngzuphoz.supabase.co/rest/v1/articles?select=article_id&original_url=eq.https%3A%2F%2Fblog.google%2Fproducts-and-platforms%2Fproducts%2Fsearch%2Fdinner-party-hosting-tips%2F "HTTP/2 200 OK"
2026-08-25 08:22:00,041 [INFO] HTTP Request: GET https://wafeeknfpzjzngzuphoz.supabase.co/rest/v1/articles?select=article_id&original_url=eq.https%3A%2F%2Fnews.hada.io%2Ftopic%3Fid%3D32855 "HTTP/2 200 OK"
2026-08-25 08:22:00,065 [INFO] HTTP Request: POST https://wafeeknfpzjzngzuphoz.supabase.co/rest/v1/articles "HTTP/2 201 Created"
2026-08-25 08:22:00,088 [INFO] HTTP Request: GET https://wafeeknfpzjzngzuphoz.supabase.co/rest/v1/articles?select=article_id&original_url=eq.https%3A%2F%2Fnews.hada.io%2Ftopic%3Fid%3D32854 "HTTP/2 200 OK"
2026-08-25 08:22:00,109 [INFO] HTTP Request: POST https://wafeeknfpzjzngzuphoz.supabase.co/rest/v1/articles "HTTP/2 201 Created"
2026-08-25 08:22:00,129 [INFO] HTTP Request: GET https://wafeeknfpzjzngzuphoz.supabase.co/rest/v1/articles?select=article_id&original_url=eq.https%3A%2F%2Fnews.hada.io%2Ftopic%3Fid%3D32853 "HTTP/2 200 OK"
2026-08-25 08:22:00,149 [INFO] HTTP Request: POST https://wafeeknfpzjzngzuphoz.supabase.co/rest/v1/articles "HTTP/2 201 Created"
2026-08-25 08:22:00,166 [INFO] HTTP Request: GET https://wafeeknfpzjzngzuphoz.supabase.co/rest/v1/articles?select=article_id&original_url=eq.https%3A%2F%2Fnews.hada.io%2Ftopic%3Fid%3D32852 "HTTP/2 200 OK"
2026-08-25 08:22:00,190 [INFO] HTTP Request: POST https://wafeeknfpzjzngzuphoz.supabase.co/rest/v1/articles "HTTP/2 201 Created"
2026-08-25 08:22:00,210 [INFO] HTTP Request: GET https://wafeeknfpzjzngzuphoz.supabase.co/rest/v1/articles?select=article_id&original_url=eq.https%3A%2F%2Fnews.hada.io%2Ftopic%3Fid%3D32851 "HTTP/2 200 OK"
2026-08-25 08:22:00,234 [INFO] HTTP Request: POST https://wafeeknfpzjzngzuphoz.supabase.co/rest/v1/articles "HTTP/2 201 Created"
2026-08-25 08:22:00,258 [INFO] HTTP Request: GET https://wafeeknfpzjzngzuphoz.supabase.co/rest/v1/articles?select=article_id&original_url=eq.https%3A%2F%2Fnews.hada.io%2Ftopic%3Fid%3D32849 "HTTP/2 200 OK"
2026-08-25 08:22:00,297 [INFO] HTTP Request: POST https://wafeeknfpzjzngzuphoz.supabase.co/rest/v1/articles "HTTP/2 201 Created"
2026-08-25 08:22:00,318 [INFO] HTTP Request: GET https://wafeeknfpzjzngzuphoz.supabase.co/rest/v1/articles?select=article_id&original_url=eq.https%3A%2F%2Fnews.hada.io%2Ftopic%3Fid%3D32848 "HTTP/2 200 OK"
2026-08-25 08:22:00,341 [INFO] HTTP Request: POST https://wafeeknfpzjzngzuphoz.supabase.co/rest/v1/articles "HTTP/2 201 Created"
2026-08-25 08:22:00,364 [INFO] HTTP Request: GET https://wafeeknfpzjzngzuphoz.supabase.co/rest/v1/articles?select=article_id&original_url=eq.https%3A%2F%2Fnews.hada.io%2Ftopic%3Fid%3D32846 "HTTP/2 200 OK"
2026-08-25 08:22:00,401 [INFO] HTTP Request: POST https://wafeeknfpzjzngzuphoz.supabase.co/rest/v1/articles "HTTP/2 201 Created"
2026-08-25 08:22:00,424 [INFO] HTTP Request: GET https://wafeeknfpzjzngzuphoz.supabase.co/rest/v1/articles?select=article_id&original_url=eq.https%3A%2F%2Fnews.hada.io%2Ftopic%3Fid%3D32845 "HTTP/2 200 OK"
2026-08-25 08:22:00,447 [INFO] HTTP Request: POST https://wafeeknfpzjzngzuphoz.supabase.co/rest/v1/articles "HTTP/2 201 Created"
2026-08-25 08:22:00,466 [INFO] HTTP Request: GET https://wafeeknfpzjzngzuphoz.supabase.co/rest/v1/articles?select=article_id&original_url=eq.https%3A%2F%2Fnews.hada.io%2Ftopic%3Fid%3D32844 "HTTP/2 200 OK"
2026-08-25 08:22:00,488 [INFO] HTTP Request: POST https://wafeeknfpzjzngzuphoz.supabase.co/rest/v1/articles "HTTP/2 201 Created"
2026-08-25 08:22:00,565 [INFO] HTTP Request: GET https://wafeeknfpzjzngzuphoz.supabase.co/rest/v1/articles?select=article_id&original_url=eq.https%3A%2F%2Fwww.aitimes.com%2Fnews%2FarticleView.html%3Fidxno%3D214278 "HTTP/2 200 OK"
2026-08-25 08:22:00,585 [INFO] HTTP Request: POST https://wafeeknfpzjzngzuphoz.supabase.co/rest/v1/articles "HTTP/2 201 Created"
2026-08-25 08:22:00,604 [INFO] HTTP Request: GET https://wafeeknfpzjzngzuphoz.supabase.co/rest/v1/articles?select=article_id&original_url=eq.https%3A%2F%2Fwww.aitimes.com%2Fnews%2FarticleView.html%3Fidxno%3D214316 "HTTP/2 200 OK"
2026-08-25 08:22:00,624 [INFO] HTTP Request: POST https://wafeeknfpzjzngzuphoz.supabase.co/rest/v1/articles "HTTP/2 201 Created"
2026-08-25 08:22:00,643 [INFO] HTTP Request: GET https://wafeeknfpzjzngzuphoz.supabase.co/rest/v1/articles?select=article_id&original_url=eq.https%3A%2F%2Fwww.aitimes.com%2Fnews%2FarticleView.html%3Fidxno%3D214291 "HTTP/2 200 OK"
2026-08-25 08:22:00,683 [INFO] HTTP Request: POST https://wafeeknfpzjzngzuphoz.supabase.co/rest/v1/articles "HTTP/2 201 Created"
2026-08-25 08:22:00,702 [INFO] HTTP Request: GET https://wafeeknfpzjzngzuphoz.supabase.co/rest/v1/articles?select=article_id&original_url=eq.https%3A%2F%2Fwww.aitimes.com%2Fnews%2FarticleView.html%3Fidxno%3D214308 "HTTP/2 200 OK"
2026-08-25 08:22:00,723 [INFO] HTTP Request: POST https://wafeeknfpzjzngzuphoz.supabase.co/rest/v1/articles "HTTP/2 201 Created"
2026-08-25 08:22:00,741 [INFO] HTTP Request: GET https://wafeeknfpzjzngzuphoz.supabase.co/rest/v1/articles?select=article_id&original_url=eq.https%3A%2F%2Fwww.aitimes.com%2Fnews%2FarticleView.html%3Fidxno%3D214299 "HTTP/2 200 OK"
2026-08-25 08:22:00,761 [INFO] HTTP Request: POST https://wafeeknfpzjzngzuphoz.supabase.co/rest/v1/articles "HTTP/2 201 Created"
2026-08-25 08:22:00,781 [INFO] HTTP Request: GET https://wafeeknfpzjzngzuphoz.supabase.co/rest/v1/articles?select=article_id&original_url=eq.https%3A%2F%2Fwww.aitimes.com%2Fnews%2FarticleView.html%3Fidxno%3D214304 "HTTP/2 200 OK"
2026-08-25 08:22:00,801 [INFO] HTTP Request: POST https://wafeeknfpzjzngzuphoz.supabase.co/rest/v1/articles "HTTP/2 201 Created"
2026-08-25 08:22:00,820 [INFO] HTTP Request: GET https://wafeeknfpzjzngzuphoz.supabase.co/rest/v1/articles?select=article_id&original_url=eq.https%3A%2F%2Fwww.aitimes.com%2Fnews%2FarticleView.html%3Fidxno%3D214306 "HTTP/2 200 OK"
2026-08-25 08:22:00,843 [INFO] HTTP Request: POST https://wafeeknfpzjzngzuphoz.supabase.co/rest/v1/articles "HTTP/2 201 Created"
2026-08-25 08:22:00,864 [INFO] HTTP Request: GET https://wafeeknfpzjzngzuphoz.supabase.co/rest/v1/articles?select=article_id&original_url=eq.https%3A%2F%2Fwww.aitimes.com%2Fnews%2FarticleView.html%3Fidxno%3D214309 "HTTP/2 200 OK"
2026-08-25 08:22:00,883 [INFO] HTTP Request: POST https://wafeeknfpzjzngzuphoz.supabase.co/rest/v1/articles "HTTP/2 201 Created"
2026-08-25 08:22:00,901 [INFO] HTTP Request: GET https://wafeeknfpzjzngzuphoz.supabase.co/rest/v1/articles?select=article_id&original_url=eq.https%3A%2F%2Fwww.aitimes.com%2Fnews%2FarticleView.html%3Fidxno%3D214280 "HTTP/2 200 OK"
2026-08-25 08:22:00,921 [INFO] HTTP Request: POST https://wafeeknfpzjzngzuphoz.supabase.co/rest/v1/articles "HTTP/2 201 Created"
2026-08-25 08:22:00,944 [INFO] HTTP Request: GET https://wafeeknfpzjzngzuphoz.supabase.co/rest/v1/articles?select=article_id&original_url=eq.https%3A%2F%2Fwww.aitimes.com%2Fnews%2FarticleView.html%3Fidxno%3D214315 "HTTP/2 200 OK"
2026-08-25 08:22:00,967 [INFO] HTTP Request: POST https://wafeeknfpzjzngzuphoz.supabase.co/rest/v1/articles "HTTP/2 201 Created"
2026-08-25 08:22:01,479 [INFO] HTTP Request: GET https://wafeeknfpzjzngzuphoz.supabase.co/rest/v1/articles?select=article_id&original_url=eq.https%3A%2F%2Fnews.google.com%2Frss%2Farticles%2FCBMiXEFVX3lxTE9DWXkyN3hhUDFHR0tCMXdpVkt3OTAyS1dBUUN6QXBKTEpMOF9SLWJSZkl3VW5FdzE2N1JiYk13NGtFQXNnbjFZZ3Vsd3BZNGJLWDJTdVladTk0bXRi%3Foc%3D5 "HTTP/2 200 OK"
2026-08-25 08:22:01,499 [INFO] HTTP Request: GET https://wafeeknfpzjzngzuphoz.supabase.co/rest/v1/articles?select=article_id&original_url=eq.https%3A%2F%2Fnews.google.com%2Frss%2Farticles%2FCBMiVkFVX3lxTFBlSVhEWDF6dU85X3puVUswSzlXLUx4OXg5b0JZMlJYeHFXcHFsM1FLNEQ4MHQxTjlfRzZMZVhiU0JVTm5nS1paWnhEVXM1RzRmV0hWeWNR%3Foc%3D5 "HTTP/2 200 OK"
2026-08-25 08:22:01,523 [INFO] HTTP Request: GET https://wafeeknfpzjzngzuphoz.supabase.co/rest/v1/articles?select=article_id&original_url=eq.https%3A%2F%2Fnews.google.com%2Frss%2Farticles%2FCBMiSEFVX3lxTE1mczBWYm0wOEU3a2NSanExQ0V5ZjNDWmZhNURubTVxcmJDRUNjLXZzT1JmT2JlbVYwUjlWY0dxNXgxRW5ueHdveA%3Foc%3D5 "HTTP/2 200 OK"
2026-08-25 08:22:01,544 [INFO] HTTP Request: GET https://wafeeknfpzjzngzuphoz.supabase.co/rest/v1/articles?select=article_id&original_url=eq.https%3A%2F%2Fnews.google.com%2Frss%2Farticles%2FCBMijgFBVV95cUxPaXVvNUlaeE5USjVKOGE5WEpLRDA2Y0c4Z3hONXZLaXc3X2IySmlzMy1kSExBUzNRMlY5dmUyNWNnX295R0tucnRKUi1aUnJsMjkzUllJWGdzbHVtajMyVG5pWW81YUxVbzhRQUh1T3E4bTJaU3AtRlFzQ0RjUzFxc1BqMkZpNGRwVUhXTi1R%3Foc%3D5 "HTTP/2 200 OK"
2026-08-25 08:22:01,563 [INFO] HTTP Request: GET https://wafeeknfpzjzngzuphoz.supabase.co/rest/v1/articles?select=article_id&original_url=eq.https%3A%2F%2Fnews.google.com%2Frss%2Farticles%2FCBMib0FVX3lxTE1GYWxwbEp6YTFrUExYQ3J0aW1aVkdtTFptSlNqZ3dsWEdlLXI2RnJyb3UwQVhHWURDamk2UXE5N1dIMzQxZkxOT0R0V1gyUHRkYWhqdWgycHU4WHNXa2QtTUVReFpLbWZoZWlmS09nWQ%3Foc%3D5 "HTTP/2 200 OK"
2026-08-25 08:22:01,582 [INFO] HTTP Request: GET https://wafeeknfpzjzngzuphoz.supabase.co/rest/v1/articles?select=article_id&original_url=eq.https%3A%2F%2Fnews.google.com%2Frss%2Farticles%2FCBMiT0FVX3lxTFAzaWZPNVkxUlpVVTkzeEkyZURXNHppRWFtYkVEeUFCaDhTeVJFS0VubHd5Tjd6U09KRGI3ZDZYTXFNWWRQeHk5Q1F2eTlzeDQ%3Foc%3D5 "HTTP/2 200 OK"
2026-08-25 08:22:01,601 [INFO] HTTP Request: GET https://wafeeknfpzjzngzuphoz.supabase.co/rest/v1/articles?select=article_id&original_url=eq.https%3A%2F%2Fnews.google.com%2Frss%2Farticles%2FCBMiZEFVX3lxTE9Pdk1TUFhhVkFtNWhIX2VSYWpDVmZJRGhSLXN1OUdjOHV3MUZkTEwxdXltekZ3QUJPWTJVdEhpX3NhekUyUE45MEsySUQ0Y3lvZmNpeEJSdDJmMDl5UWdmTW0yUmvSAWhBVV95cUxQY0pZWjNrQkk5dmc5T21vRVFRZ05KYVlnOGRCc1I2cU1QczFoWWF0eXRBQkFLa20xRENOb1B4cnRmMmZta2lTdlljYjF3bVNzelp4enhONU52Z2twUDAxcTk2SDlTZU5ZNw%3Foc%3D5 "HTTP/2 200 OK"
2026-08-25 08:22:01,621 [INFO] HTTP Request: GET https://wafeeknfpzjzngzuphoz.supabase.co/rest/v1/articles?select=article_id&original_url=eq.https%3A%2F%2Fnews.google.com%2Frss%2Farticles%2FCBMiYEFVX3lxTE9RTWVMYXhEOGtwcjFwdzVwN1l4NUV5eThXRm9zbDVxM3lOckRZYUZIRURleUxXS0pyRWdtLVRHSy00Vjk2anRoS1BISkxweFhhUXJkVnZyRXdOcVF6M1lseQ%3Foc%3D5 "HTTP/2 200 OK"
2026-08-25 08:22:01,639 [INFO] HTTP Request: GET https://wafeeknfpzjzngzuphoz.supabase.co/rest/v1/articles?select=article_id&original_url=eq.https%3A%2F%2Fnews.google.com%2Frss%2Farticles%2FCBMic0FVX3lxTE1WUnZtUmtkcS1Ec0ppZVV4WjBnNWswaTlPY1JsOXJaWkVaai1kdjdsSXNFY2tTM2hybFJGT3pnLUZUSEp3eHYzVGtYbkhsZEYxdTRhb2JQTXd5Z1I2YXROYlhQN3d6QWJZNHNhZjZreWp3YmM%3Foc%3D5 "HTTP/2 200 OK"
2026-08-25 08:22:01,660 [INFO] HTTP Request: GET https://wafeeknfpzjzngzuphoz.supabase.co/rest/v1/articles?select=article_id&original_url=eq.https%3A%2F%2Fnews.google.com%2Frss%2Farticles%2FCBMibEFVX3lxTE1ZY01VdkJHWXZXTXcwR3Z0d05NTVJLcXQxQkE5VHU5aXpqaGVmbWRETWFsbWlld2NnU3k4NUNOdHlENzVuTENnVjZHSnE1bzhlMFR3THU5RVc3MjRkSVZMSzU1S1V6Q09QdHZUSw%3Foc%3D5 "HTTP/2 200 OK"
2026-08-25 08:22:02,321 [INFO] HTTP Request: GET https://wafeeknfpzjzngzuphoz.supabase.co/rest/v1/articles?select=article_id&original_url=eq.https%3A%2F%2Fnews.google.com%2Frss%2Farticles%2FCBMibEFVX3lxTE0yXzFzTTk1SjJPQzZMdUtmLVUzbXgzRG1vblRsVko2NGkyeVpsSERHc0lCNVJGY1pkUmVzNlpCcjhYbS1Pc3Y5YzdRLU1jSkxneW1vRE5KNTdsLUZxT0FPci1oS3pTUTA0YUlLbA%3Foc%3D5 "HTTP/2 200 OK"
2026-08-25 08:22:02,340 [INFO] HTTP Request: POST https://wafeeknfpzjzngzuphoz.supabase.co/rest/v1/articles "HTTP/2 201 Created"
2026-08-25 08:22:02,360 [INFO] HTTP Request: GET https://wafeeknfpzjzngzuphoz.supabase.co/rest/v1/articles?select=article_id&original_url=eq.https%3A%2F%2Fnews.google.com%2Frss%2Farticles%2FCBMiT0FVX3lxTE9qVEVlOGFuZzU3ZEdJQ2FvWWVka2xCT3o0WS1BM29ndUhQbm5xZGgxS21KTWhwbWZiRHlNVmRfbnZPVDVnQ040N09KcXc2X2M%3Foc%3D5 "HTTP/2 200 OK"
2026-08-25 08:22:02,379 [INFO] HTTP Request: POST https://wafeeknfpzjzngzuphoz.supabase.co/rest/v1/articles "HTTP/2 201 Created"
2026-08-25 08:22:02,401 [INFO] HTTP Request: GET https://wafeeknfpzjzngzuphoz.supabase.co/rest/v1/articles?select=article_id&original_url=eq.https%3A%2F%2Fnews.google.com%2Frss%2Farticles%2FCBMidEFVX3lxTE82QUxnUzJQbmJxSmhoNzBfTDRLMGQ4V3lRS21yMDVEQ0xGT25pWXVQUG9EY3BpRWN1UldIenBBeXFlUlBfMENsb2xZbDk1Q3pCWnByOERnRGs0c25aS0l6aURza2piak9CWEttRGNXbUVtRWxF%3Foc%3D5 "HTTP/2 200 OK"
2026-08-25 08:22:02,422 [INFO] HTTP Request: POST https://wafeeknfpzjzngzuphoz.supabase.co/rest/v1/articles "HTTP/2 201 Created"
2026-08-25 08:22:02,440 [INFO] HTTP Request: GET https://wafeeknfpzjzngzuphoz.supabase.co/rest/v1/articles?select=article_id&original_url=eq.https%3A%2F%2Fnews.google.com%2Frss%2Farticles%2FCBMiW0FVX3lxTE9kTXZXOURPaEVPN3pqQWYwMmRHM3o1RnRiY0VwU0ZIUmNaeDJVT3h3cS1tT0MyeWtyYUNpT0hwM09yS2ZUcU5taTBGQm5jY1VTaHZfb2pWTnZtQWvSAWBBVV95cUxPU3BCTWgxOERfNnVWT2ZlQnZZMmxlMGR1cFNIVno0Ql9RaFFaQURST0Y1UUM1eDk4Q2QtVjJoT1RMZUxJbi1CN0dqYkFIN0RVNkM0TlBzMzBzb1ZvdklBWGk%3Foc%3D5 "HTTP/2 200 OK"
2026-08-25 08:22:02,462 [INFO] HTTP Request: POST https://wafeeknfpzjzngzuphoz.supabase.co/rest/v1/articles "HTTP/2 201 Created"
2026-08-25 08:22:02,481 [INFO] HTTP Request: GET https://wafeeknfpzjzngzuphoz.supabase.co/rest/v1/articles?select=article_id&original_url=eq.https%3A%2F%2Fnews.google.com%2Frss%2Farticles%2FCBMiVEFVX3lxTE1Cc25YeEwxRmx1WVJwY2NzUGRXWmFSenFnNXpSbUVoampsbUd0Wl9CdlpvSGtQYnNtWXBYblg1WEFkQVJwcTk1U0FlbVJwa241U1BHbA%3Foc%3D5 "HTTP/2 200 OK"
2026-08-25 08:22:02,507 [INFO] HTTP Request: GET https://wafeeknfpzjzngzuphoz.supabase.co/rest/v1/articles?select=article_id&original_url=eq.https%3A%2F%2Fnews.google.com%2Frss%2Farticles%2FCBMiX0FVX3lxTE1hbXMxS2h2Tm12VWRsWC1fcFBTMFIwYWN2b3FtYi1HR0lMeEY0LXpzdlNmVVY1aTJPZTNBY25GRkZTR3YyVk1MQVZlbFlpXzlKWDJKTGt3cnM3ZUJ4YldN0gFkQVVfeXFMUEdnTFZKeGh6VlNzR0JxaW5hQV9aQXZYSHgxQVRXY1JCelZUcXI4engya2p3XzNPRzBWM0QtUEZhamR4ZlQ5Zk5LMGFETkZSSFdLZ1hhSmc3TGtKbVNCang1NV9DMQ%3Foc%3D5 "HTTP/2 200 OK"
2026-08-25 08:22:02,525 [INFO] HTTP Request: GET https://wafeeknfpzjzngzuphoz.supabase.co/rest/v1/articles?select=article_id&original_url=eq.https%3A%2F%2Fnews.google.com%2Frss%2Farticles%2FCBMiU0FVX3lxTE1WRWlQaDNtd01LX3JkSmhORFZ5VWE0Qm5MNl9KbWJCa1VfWVlKZ1k2YndSSmpOYnF0a0lEU0NnY1ZDeDVqZ3FFWGViRDdXc3VKanVj%3Foc%3D5 "HTTP/2 200 OK"
2026-08-25 08:22:02,546 [INFO] HTTP Request: POST https://wafeeknfpzjzngzuphoz.supabase.co/rest/v1/articles "HTTP/2 201 Created"
2026-08-25 08:22:02,567 [INFO] HTTP Request: GET https://wafeeknfpzjzngzuphoz.supabase.co/rest/v1/articles?select=article_id&original_url=eq.https%3A%2F%2Fnews.google.com%2Frss%2Farticles%2FCBMiWkFVX3lxTE1tX29HeWRyYzRqbjBCWXZncF9zSXBfRnU0dVBhQzlxUk5RQmM4UFBXbFVxbGVuX09la3Uwdkh4cnRmZjhLVGFOaUlTQkZpMGZmakxDcDY4Q3Y0QQ%3Foc%3D5 "HTTP/2 200 OK"
2026-08-25 08:22:02,587 [INFO] HTTP Request: GET https://wafeeknfpzjzngzuphoz.supabase.co/rest/v1/articles?select=article_id&original_url=eq.https%3A%2F%2Fnews.google.com%2Frss%2Farticles%2FCBMiXEFVX3lxTE1NWUJLV3NwUG12dWdVX19fSXN4dzdLS3lxUWhMenBuSGdianduTWIzWndRdzZTck8tX2dNS1kyR0hJZEc3bVFOQlBJNjJoa2wwOFJWRS1zMExQb0gw%3Foc%3D5 "HTTP/2 200 OK"
2026-08-25 08:22:02,606 [INFO] HTTP Request: GET https://wafeeknfpzjzngzuphoz.supabase.co/rest/v1/articles?select=article_id&original_url=eq.https%3A%2F%2Fnews.google.com%2Frss%2Farticles%2FCBMiZEFVX3lxTFBfMmpXY054eVVKLVpKTzB1TEp4bnlxUHJ5ejI1ODB5MmJrVnlxbFFhYlJNTUdDbl9lRVdZQ0JRRTJtUnN2SFNkM1ZoYmY3RllaQTh6bURadWlzNDV6M2dDNDhBenQ%3Foc%3D5 "HTTP/2 200 OK"
2026-08-25 08:22:02,632 [INFO] HTTP Request: POST https://wafeeknfpzjzngzuphoz.supabase.co/rest/v1/articles "HTTP/2 201 Created"
2026-08-25 08:22:02,759 [INFO] HTTP Request: GET https://wafeeknfpzjzngzuphoz.supabase.co/rest/v1/articles?select=article_id&original_url=eq.https%3A%2F%2Fyozm.wishket.com%2Fmagazine%2Fdetail%2F3909 "HTTP/2 200 OK"
2026-08-25 08:22:02,781 [INFO] HTTP Request: GET https://wafeeknfpzjzngzuphoz.supabase.co/rest/v1/articles?select=article_id&original_url=eq.https%3A%2F%2Fyozm.wishket.com%2Fmagazine%2Fdetail%2F3908 "HTTP/2 200 OK"
2026-08-25 08:22:02,803 [INFO] HTTP Request: GET https://wafeeknfpzjzngzuphoz.supabase.co/rest/v1/articles?select=article_id&original_url=eq.https%3A%2F%2Fyozm.wishket.com%2Fmagazine%2Fdetail%2F3907 "HTTP/2 200 OK"
2026-08-25 08:22:02,822 [INFO] HTTP Request: GET https://wafeeknfpzjzngzuphoz.supabase.co/rest/v1/articles?select=article_id&original_url=eq.https%3A%2F%2Fyozm.wishket.com%2Fmagazine%2Fdetail%2F3906 "HTTP/2 200 OK"
2026-08-25 08:22:02,842 [INFO] HTTP Request: GET https://wafeeknfpzjzngzuphoz.supabase.co/rest/v1/articles?select=article_id&original_url=eq.https%3A%2F%2Fyozm.wishket.com%2Fmagazine%2Fdetail%2F3905 "HTTP/2 200 OK"
2026-08-25 08:22:02,861 [INFO] HTTP Request: GET https://wafeeknfpzjzngzuphoz.supabase.co/rest/v1/articles?select=article_id&original_url=eq.https%3A%2F%2Fyozm.wishket.com%2Fmagazine%2Fdetail%2F3904 "HTTP/2 200 OK"
2026-08-25 08:22:02,881 [INFO] HTTP Request: GET https://wafeeknfpzjzngzuphoz.supabase.co/rest/v1/articles?select=article_id&original_url=eq.https%3A%2F%2Fyozm.wishket.com%2Fmagazine%2Fdetail%2F3903 "HTTP/2 200 OK"
2026-08-25 08:22:02,902 [INFO] HTTP Request: GET https://wafeeknfpzjzngzuphoz.supabase.co/rest/v1/articles?select=article_id&original_url=eq.https%3A%2F%2Fyozm.wishket.com%2Fmagazine%2Fdetail%2F3902 "HTTP/2 200 OK"
2026-08-25 08:22:02,922 [INFO] HTTP Request: GET https://wafeeknfpzjzngzuphoz.supabase.co/rest/v1/articles?select=article_id&original_url=eq.https%3A%2F%2Fyozm.wishket.com%2Fmagazine%2Fdetail%2F3901 "HTTP/2 200 OK"
2026-08-25 08:22:02,941 [INFO] HTTP Request: GET https://wafeeknfpzjzngzuphoz.supabase.co/rest/v1/articles?select=article_id&original_url=eq.https%3A%2F%2Fyozm.wishket.com%2Fmagazine%2Fdetail%2F3900 "HTTP/2 200 OK"
2026-08-25 08:22:03,308 [INFO] HTTP Request: GET https://wafeeknfpzjzngzuphoz.supabase.co/rest/v1/articles?select=article_id&original_url=eq.https%3A%2F%2Ftechblog.woowahan.com%2F26876%2F "HTTP/2 200 OK"
2026-08-25 08:22:03,326 [INFO] HTTP Request: GET https://wafeeknfpzjzngzuphoz.supabase.co/rest/v1/articles?select=article_id&original_url=eq.https%3A%2F%2Ftechblog.woowahan.com%2F26777%2F "HTTP/2 200 OK"
2026-08-25 08:22:03,343 [INFO] HTTP Request: GET https://wafeeknfpzjzngzuphoz.supabase.co/rest/v1/articles?select=article_id&original_url=eq.https%3A%2F%2Ftechblog.woowahan.com%2F26729%2F "HTTP/2 200 OK"
2026-08-25 08:22:03,362 [INFO] HTTP Request: GET https://wafeeknfpzjzngzuphoz.supabase.co/rest/v1/articles?select=article_id&original_url=eq.https%3A%2F%2Ftechblog.woowahan.com%2F26507%2F "HTTP/2 200 OK"
2026-08-25 08:22:03,381 [INFO] HTTP Request: GET https://wafeeknfpzjzngzuphoz.supabase.co/rest/v1/articles?select=article_id&original_url=eq.https%3A%2F%2Ftechblog.woowahan.com%2F26624%2F "HTTP/2 200 OK"
2026-08-25 08:22:03,400 [INFO] HTTP Request: GET https://wafeeknfpzjzngzuphoz.supabase.co/rest/v1/articles?select=article_id&original_url=eq.https%3A%2F%2Ftechblog.woowahan.com%2F26492%2F "HTTP/2 200 OK"
2026-08-25 08:22:03,420 [INFO] HTTP Request: GET https://wafeeknfpzjzngzuphoz.supabase.co/rest/v1/articles?select=article_id&original_url=eq.https%3A%2F%2Ftechblog.woowahan.com%2F26459%2F "HTTP/2 200 OK"
2026-08-25 08:22:03,441 [INFO] HTTP Request: GET https://wafeeknfpzjzngzuphoz.supabase.co/rest/v1/articles?select=article_id&original_url=eq.https%3A%2F%2Ftechblog.woowahan.com%2F26379%2F "HTTP/2 200 OK"
2026-08-25 08:22:03,460 [INFO] HTTP Request: GET https://wafeeknfpzjzngzuphoz.supabase.co/rest/v1/articles?select=article_id&original_url=eq.https%3A%2F%2Ftechblog.woowahan.com%2F26388%2F "HTTP/2 200 OK"
2026-08-25 08:22:03,480 [INFO] HTTP Request: GET https://wafeeknfpzjzngzuphoz.supabase.co/rest/v1/articles?select=article_id&original_url=eq.https%3A%2F%2Ftechblog.woowahan.com%2F26319%2F "HTTP/2 200 OK"
2026-08-25 08:22:03,604 [INFO] HTTP Request: GET https://wafeeknfpzjzngzuphoz.supabase.co/rest/v1/articles?select=article_id&original_url=eq.https%3A%2F%2Ftech.kakao.com%2Fposts%2F829 "HTTP/2 200 OK"
2026-08-25 08:22:03,623 [INFO] HTTP Request: GET https://wafeeknfpzjzngzuphoz.supabase.co/rest/v1/articles?select=article_id&original_url=eq.https%3A%2F%2Ftech.kakao.com%2Fposts%2F828 "HTTP/2 200 OK"
2026-08-25 08:22:03,643 [INFO] HTTP Request: GET https://wafeeknfpzjzngzuphoz.supabase.co/rest/v1/articles?select=article_id&original_url=eq.https%3A%2F%2Ftech.kakao.com%2Fposts%2F827 "HTTP/2 200 OK"
2026-08-25 08:22:03,663 [INFO] HTTP Request: GET https://wafeeknfpzjzngzuphoz.supabase.co/rest/v1/articles?select=article_id&original_url=eq.https%3A%2F%2Ftech.kakao.com%2Fposts%2F826 "HTTP/2 200 OK"
2026-08-25 08:22:03,684 [INFO] HTTP Request: GET https://wafeeknfpzjzngzuphoz.supabase.co/rest/v1/articles?select=article_id&original_url=eq.https%3A%2F%2Ftech.kakao.com%2Fposts%2F825 "HTTP/2 200 OK"
2026-08-25 08:22:03,706 [INFO] HTTP Request: GET https://wafeeknfpzjzngzuphoz.supabase.co/rest/v1/articles?select=article_id&original_url=eq.https%3A%2F%2Ftech.kakao.com%2Fposts%2F824 "HTTP/2 200 OK"
2026-08-25 08:22:03,746 [INFO] HTTP Request: GET https://wafeeknfpzjzngzuphoz.supabase.co/rest/v1/articles?select=article_id&original_url=eq.https%3A%2F%2Ftech.kakao.com%2Fposts%2F823 "HTTP/2 200 OK"
2026-08-25 08:22:03,765 [INFO] HTTP Request: GET https://wafeeknfpzjzngzuphoz.supabase.co/rest/v1/articles?select=article_id&original_url=eq.https%3A%2F%2Ftech.kakao.com%2Fposts%2F818 "HTTP/2 200 OK"
2026-08-25 08:22:03,783 [INFO] HTTP Request: GET https://wafeeknfpzjzngzuphoz.supabase.co/rest/v1/articles?select=article_id&original_url=eq.https%3A%2F%2Ftech.kakao.com%2Fposts%2F822 "HTTP/2 200 OK"
2026-08-25 08:22:03,801 [INFO] HTTP Request: GET https://wafeeknfpzjzngzuphoz.supabase.co/rest/v1/articles?select=article_id&original_url=eq.https%3A%2F%2Ftech.kakao.com%2Fposts%2F821 "HTTP/2 200 OK"
2026-08-25 08:22:03,855 [INFO] HTTP Request: GET https://wafeeknfpzjzngzuphoz.supabase.co/rest/v1/articles?select=article_id%2Csource_id%2Ccategory_id%2Coriginal_url%2Ctitle%2Csummary%2Csources%28name%2Ctype%2Creliability_score%29%2Ccategories%28name%29&collected_at=gte.2026-08-25T00%3A00%3A00 "HTTP/2 200 OK"
2026-08-25 08:22:03,895 [INFO] HTTP Request: GET https://wafeeknfpzjzngzuphoz.supabase.co/rest/v1/users?select=user_id%2Cemail "HTTP/2 200 OK"
2026-08-25 08:22:03,923 [INFO] HTTP Request: GET https://wafeeknfpzjzngzuphoz.supabase.co/rest/v1/user_sources?select=source_id&user_id=eq.1 "HTTP/2 200 OK"
2026-08-25 08:22:03,951 [INFO] HTTP Request: GET https://wafeeknfpzjzngzuphoz.supabase.co/rest/v1/subscriptions?select=category_id&user_id=eq.1&is_active=eq.True "HTTP/2 200 OK"
2026-08-25 08:22:03,952 [INFO] 👤 사용자(koreajjangboy@gmail.com) - 선택 소스: {1, 2, 3, 4, 5, 6, 7, 8, 9, 10, 11, 12, 13, 14}, 활성 카테고리: {1, 2}
2026-08-25 08:22:03,952 [INFO] 📊 사용자(koreajjangboy@gmail.com) 맞춤 기사 수: 20
2026-08-25 08:22:03,988 [INFO] HTTP Request: GET https://wafeeknfpzjzngzuphoz.supabase.co/rest/v1/digests?select=digest_id&user_id=eq.1&digest_date=eq.2026-08-25 "HTTP/2 200 OK"
2026-08-25 08:22:04,009 [INFO] HTTP Request: POST https://wafeeknfpzjzngzuphoz.supabase.co/rest/v1/digests "HTTP/2 201 Created"
2026-08-25 08:22:04,010 [INFO] 📄 사용자(koreajjangboy@gmail.com) 개인 다이제스트 생성 완료: news/koreajjangboy_at_gmail_com/2026-08-25.html
2026-08-25 08:22:04,010 [INFO] ✅ 총 27개 신규 기사 DB 저장 및 개인별 다이제스트 생성 완료

2026-08-25 08:25:19,952 [INFO] ⚡ [--send-kakao] 옵션 감지: 카카오톡 메시지를 전송합니다.
2026-08-25 08:25:19,952 [INFO] q33Aug3Zdow2SYvvXtV0NGduNO0kSrgyAAAAAQoNFZsAAAGgMonrLYa1Lb_-w10F
2026-08-25 08:25:19,952 [INFO] 📨 카카오톡 메시지 전송 시도: 제목='오늘의 맞춤 뉴스 요약', 설명='오늘 수집된 맞춤 뉴스 다이제스트를 확인하세요. 

 https://www.naver.com', 버튼 URL='https://www.naver.com'
2026-08-25 08:25:19,983 [ERROR] ❌ 카카오톡 메시지 전송 실패: {'msg': 'this access token is already expired', 'code': -401, 'recovery_action': 'REFRESH_ACCESS_TOKEN'}
2026-08-25 08:29:56,109 [INFO] ⚡ [--send-kakao] 옵션 감지: 카카오톡 메시지를 전송합니다.
2026-08-25 08:29:56,109 [INFO] lLwWlO7ztr88-9aLd9808LHeOm6XkyIJnri8nW3wKCBXBVDzMRDdJAAAAAQKDSCbAAABoDYbf6NSGUcvaFb1Eg
2026-08-25 08:29:56,109 [INFO] 📨 카카오톡 메시지 전송 시도: 제목='오늘의 맞춤 뉴스 요약', 설명='오늘 수집된 맞춤 뉴스 다이제스트를 확인하세요. 

 https://www.naver.com', 버튼 URL='https://www.naver.com'
2026-08-25 08:29:56,139 [ERROR] ❌ 카카오톡 메시지 전송 실패: {'msg': 'no access token.', 'code': -401, 'recovery_action': 'NONE'}
2026-08-25 08:30:38,646 [INFO] ⚡ [--send-kakao] 옵션 감지: 카카오톡 메시지를 전송합니다.
2026-08-25 08:36:47,255 [INFO] ⚡ [--send-kakao] 옵션 감지: 카카오톡 메시지를 전송합니다.
2026-08-25 08:37:55,466 [INFO] ⚡ [--send-kakao] 옵션 감지: 카카오톡 메시지를 전송합니다.
2026-08-25 08:38:17,552 [INFO] ⚡ [--send-kakao] 옵션 감지: 카카오톡 메시지를 전송합니다.
2026-08-25 08:45:21,370 [INFO] ⚡ [--send-kakao] 옵션 감지: 카카오톡 메시지를 전송합니다.
2026-08-25 08:45:21,902 [INFO] None
2026-08-25 08:45:21,903 [INFO] 📨 카카오톡 메시지 전송 시도: 제목='오늘의 맞춤 뉴스 요약', 설명='오늘 수집된 맞춤 뉴스 다이제스트를 확인하세요. 

 https://www.naver.com', 버튼 URL='https://www.naver.com'
2026-08-25 08:45:21,934 [ERROR] ❌ 카카오톡 메시지 전송 실패: {'msg': 'this access token does not exist', 'code': -401, 'recovery_action': 'NONE'}
2026-08-25 08:48:33,027 [INFO] ⚡ [--send-kakao] 옵션 감지: 카카오톡 메시지를 전송합니다.
2026-08-25 08:48:34,018 [INFO] None
2026-08-25 08:48:34,018 [INFO] 📨 카카오톡 메시지 전송 시도: 제목='오늘의 맞춤 뉴스 요약', 설명='오늘 수집된 맞춤 뉴스 다이제스트를 확인하세요. 

 https://www.naver.com', 버튼 URL='https://www.naver.com'
2026-08-25 08:48:34,052 [ERROR] ❌ 카카오톡 메시지 전송 실패: {'msg': 'this access token does not exist', 'code': -401, 'recovery_action': 'NONE'}
2026-08-25 08:52:24,402 [INFO] ⚡ [--send-kakao] 옵션 감지: 카카오톡 메시지를 전송합니다.
2026-08-25 08:52:25,000 [INFO] None
2026-08-25 08:52:25,000 [INFO] 📨 카카오톡 메시지 전송 시도: 제목='오늘의 맞춤 뉴스 요약', 설명='오늘 수집된 맞춤 뉴스 다이제스트를 확인하세요. 

 https://www.naver.com', 버튼 URL='https://www.naver.com'
2026-08-25 08:52:25,030 [ERROR] ❌ 카카오톡 메시지 전송 실패: {'msg': 'this access token does not exist', 'code': -401, 'recovery_action': 'NONE'}
2026-08-25 08:53:15,872 [INFO] ⚡ [--send-kakao] 옵션 감지: 카카오톡 메시지를 전송합니다.
2026-08-25 08:53:16,403 [INFO] 8ndT2wR1CIcuTNvN0nn95RcXH1WyRC4CAAAAAQoXIiAAAAGgNjFSPIa1Lb_-w10F
2026-08-25 08:53:16,403 [INFO] 📨 카카오톡 메시지 전송 시도: 제목='오늘의 맞춤 뉴스 요약', 설명='오늘 수집된 맞춤 뉴스 다이제스트를 확인하세요. 

 https://www.naver.com', 버튼 URL='https://www.naver.com'
2026-08-25 08:53:16,509 [INFO] ✅ 카카오톡 메시지 전송 성공
2026-08-25 08:59:59,239 [INFO] ⚡ [--send-kakao] 옵션 감지: 카카오톡 메시지를 전송합니다.
2026-08-25 08:59:59,786 [INFO] IpMvA5NqrG_-lyqkyv9MifbB51FJg4HqAAAAAQoNGVMAAAGgNjd5_Ia1Lb_-w10F
2026-08-25 08:59:59,786 [INFO] 📨 카카오톡 메시지 전송 시도: 제목='오늘의 맞춤 뉴스 요약', 설명='오늘 수집된 맞춤 뉴스 다이제스트를 확인하세요. 

 http://localhost:8000', 버튼 URL='http://localhost:8000'
2026-08-25 08:59:59,865 [INFO] ✅ 카카오톡 메시지 전송 성공
2026-08-25 09:04:59,024 [INFO] ⚡ [--send-kakao] 옵션 감지: 카카오톡 메시지를 전송합니다.
2026-08-25 09:04:59,568 [INFO] LYzSh10tbX3tRL_atDffEM75iPevbHxaAAAAAQoNIpkAAAGgNjwNA4a1Lb_-w10F
2026-08-25 09:04:59,568 [INFO] 📨 카카오톡 메시지 전송 시도: 제목='오늘의 맞춤 뉴스 요약', 설명='오늘 수집된 맞춤 뉴스 다이제스트를 확인하세요. 

 http://localhost:8000', 버튼 URL='http://localhost:8000'
2026-08-25 09:04:59,655 [INFO] ✅ 카카오톡 메시지 전송 성공
2026-08-25 09:05:34,410 [INFO] ⚡ [--send-kakao] 옵션 감지: 카카오톡 메시지를 전송합니다.
2026-08-25 09:05:34,872 [INFO] 0pLUOrFZTvS3XAzsxsG2TuXp69EhGMw0AAAAAQoNDF4AAAGgNjyW64a1Lb_-w10F
2026-08-25 09:05:34,872 [INFO] 📨 카카오톡 메시지 전송 시도: 제목='오늘의 맞춤 뉴스 요약', 설명='오늘 수집된 맞춤 뉴스 다이제스트를 확인하세요. 

 http://localhost:8000', 버튼 URL='http://localhost:8000'
2026-08-25 09:05:34,977 [INFO] ✅ 카카오톡 메시지 전송 성공
2026-08-25 09:16:46,918 [INFO] ⚡ [--send-kakao] 옵션 감지: 카카오톡 메시지를 전송합니다.
2026-08-25 09:32:14,770 [INFO] ⚡ [--send-kakao] 옵션 감지: 카카오톡 메시지를 전송합니다.
2026-08-26 08:17:50,260 [INFO] ⚡ [--now] 옵션 감지: 즉시 수집 작업을 실행합니다.
2026-08-26 08:17:50,261 [INFO] 🚀 [Start] RSS 피드 수집 및 DB 저장 시작
2026-08-26 08:17:51,409 [INFO] HTTP Request: GET https://wafeeknfpzjzngzuphoz.supabase.co/rest/v1/sources?select=source_id%2Cname%2Curl "HTTP/2 200 OK"
2026-08-26 08:17:51,470 [INFO] HTTP Request: GET https://wafeeknfpzjzngzuphoz.supabase.co/rest/v1/categories?select=category_id%2Cname&is_active=eq.True "HTTP/2 200 OK"
2026-08-26 08:17:52,031 [INFO] HTTP Request: GET https://wafeeknfpzjzngzuphoz.supabase.co/rest/v1/articles?select=article_id&original_url=eq.https%3A%2F%2Fopenai.com%2Findex%2Fthe-full-stack-behind-abundant-intelligence "HTTP/2 200 OK"
2026-08-26 08:17:52,114 [INFO] HTTP Request: POST https://wafeeknfpzjzngzuphoz.supabase.co/rest/v1/articles "HTTP/2 201 Created"
2026-08-26 08:17:52,147 [INFO] HTTP Request: GET https://wafeeknfpzjzngzuphoz.supabase.co/rest/v1/articles?select=article_id&original_url=eq.https%3A%2F%2Fopenai.com%2Findex%2Fjalapeno-first-results "HTTP/2 200 OK"
2026-08-26 08:17:52,188 [INFO] HTTP Request: POST https://wafeeknfpzjzngzuphoz.supabase.co/rest/v1/articles "HTTP/2 201 Created"
2026-08-26 08:17:52,227 [INFO] HTTP Request: GET https://wafeeknfpzjzngzuphoz.supabase.co/rest/v1/articles?select=article_id&original_url=eq.https%3A%2F%2Fopenai.com%2Findex%2Fdisrupting-malicious-uses-of-ai-influence-campaign-russia "HTTP/2 200 OK"
2026-08-26 08:17:52,251 [INFO] HTTP Request: POST https://wafeeknfpzjzngzuphoz.supabase.co/rest/v1/articles "HTTP/2 201 Created"
2026-08-26 08:17:52,277 [INFO] HTTP Request: GET https://wafeeknfpzjzngzuphoz.supabase.co/rest/v1/articles?select=article_id&original_url=eq.https%3A%2F%2Fopenai.com%2Findex%2Fintroducing-admin-plugin "HTTP/2 200 OK"
2026-08-26 08:17:52,303 [INFO] HTTP Request: POST https://wafeeknfpzjzngzuphoz.supabase.co/rest/v1/articles "HTTP/2 201 Created"
2026-08-26 08:17:52,323 [INFO] HTTP Request: GET https://wafeeknfpzjzngzuphoz.supabase.co/rest/v1/articles?select=article_id&original_url=eq.https%3A%2F%2Fopenai.com%2Findex%2Fgpt-5-6-in-kiro "HTTP/2 200 OK"
2026-08-26 08:17:52,364 [INFO] HTTP Request: GET https://wafeeknfpzjzngzuphoz.supabase.co/rest/v1/articles?select=article_id&original_url=eq.https%3A%2F%2Fopenai.com%2Findex%2Fintroducing-ai-futures "HTTP/2 200 OK"
2026-08-26 08:17:52,385 [INFO] HTTP Request: GET https://wafeeknfpzjzngzuphoz.supabase.co/rest/v1/articles?select=article_id&original_url=eq.https%3A%2F%2Fopenai.com%2Findex%2Fstampli "HTTP/2 200 OK"
2026-08-26 08:17:52,408 [INFO] HTTP Request: GET https://wafeeknfpzjzngzuphoz.supabase.co/rest/v1/articles?select=article_id&original_url=eq.https%3A%2F%2Fopenai.com%2Findex%2Foffering-zero-data-retention-for-frontier-models "HTTP/2 200 OK"
2026-08-26 08:17:52,434 [INFO] HTTP Request: GET https://wafeeknfpzjzngzuphoz.supabase.co/rest/v1/articles?select=article_id&original_url=eq.https%3A%2F%2Fopenai.com%2Findex%2Freplit "HTTP/2 200 OK"
2026-08-26 08:17:52,458 [INFO] HTTP Request: GET https://wafeeknfpzjzngzuphoz.supabase.co/rest/v1/articles?select=article_id&original_url=eq.https%3A%2F%2Fopenai.com%2Findex%2Fchatgpt-ads-expands-across-europe "HTTP/2 200 OK"
2026-08-26 08:17:53,301 [INFO] HTTP Request: GET https://wafeeknfpzjzngzuphoz.supabase.co/rest/v1/articles?select=article_id&original_url=eq.https%3A%2F%2Fblog.google%2Fproducts-and-platforms%2Fproducts%2Fsearch%2Fhome-decor-tips%2F "HTTP/2 200 OK"
2026-08-26 08:17:53,322 [INFO] HTTP Request: POST https://wafeeknfpzjzngzuphoz.supabase.co/rest/v1/articles "HTTP/2 201 Created"
2026-08-26 08:17:53,339 [INFO] HTTP Request: GET https://wafeeknfpzjzngzuphoz.supabase.co/rest/v1/articles?select=article_id&original_url=eq.https%3A%2F%2Fblog.google%2Fproducts-and-platforms%2Fproducts%2Fsearch%2Fback-to-school-study-tools%2F "HTTP/2 200 OK"
2026-08-26 08:17:53,357 [INFO] HTTP Request: GET https://wafeeknfpzjzngzuphoz.supabase.co/rest/v1/articles?select=article_id&original_url=eq.https%3A%2F%2Fblog.google%2Fproducts-and-platforms%2Fproducts%2Fgemini%2Fgoogle-gemini-pixel-football-club-partnerships%2F "HTTP/2 200 OK"
2026-08-26 08:17:53,379 [INFO] HTTP Request: GET https://wafeeknfpzjzngzuphoz.supabase.co/rest/v1/articles?select=article_id&original_url=eq.https%3A%2F%2Fblog.google%2Fproducts-and-platforms%2Fproducts%2Fworkspace%2Fsheets-canvas-for-google-sheets-spreadsheets%2F "HTTP/2 200 OK"
2026-08-26 08:17:53,396 [INFO] HTTP Request: GET https://wafeeknfpzjzngzuphoz.supabase.co/rest/v1/articles?select=article_id&original_url=eq.https%3A%2F%2Fblog.google%2Finnovation-and-ai%2Fmodels-and-research%2Fgoogle-research%2Famie-video-consultations%2F "HTTP/2 200 OK"
2026-08-26 08:17:53,414 [INFO] HTTP Request: GET https://wafeeknfpzjzngzuphoz.supabase.co/rest/v1/articles?select=article_id&original_url=eq.https%3A%2F%2Fblog.google%2Fproducts%2Fads-commerce%2Fgoogle-ads-analytics-ai-updates%2F "HTTP/2 200 OK"
2026-08-26 08:17:53,433 [INFO] HTTP Request: GET https://wafeeknfpzjzngzuphoz.supabase.co/rest/v1/articles?select=article_id&original_url=eq.https%3A%2F%2Fblog.google%2Finnovation-and-ai%2Ftechnology%2Fai%2Fgoogle-ai-updates-july-2026%2F "HTTP/2 200 OK"
2026-08-26 08:17:53,451 [INFO] HTTP Request: GET https://wafeeknfpzjzngzuphoz.supabase.co/rest/v1/articles?select=article_id&original_url=eq.https%3A%2F%2Fblog.google%2Finnovation-and-ai%2Ftechnology%2Fdevelopers-tools%2Fai-agents-intensive-recap-2026%2F "HTTP/2 200 OK"
2026-08-26 08:17:53,470 [INFO] HTTP Request: GET https://wafeeknfpzjzngzuphoz.supabase.co/rest/v1/articles?select=article_id&original_url=eq.https%3A%2F%2Fblog.google%2Finnovation-and-ai%2Ftechnology%2Fdevelopers-tools%2Fexpanding-managed-agents-gemini-api-3-6-flash-hooks%2F "HTTP/2 200 OK"
2026-08-26 08:17:53,487 [INFO] HTTP Request: GET https://wafeeknfpzjzngzuphoz.supabase.co/rest/v1/articles?select=article_id&original_url=eq.https%3A%2F%2Fblog.google%2Fproducts-and-platforms%2Fproducts%2Fsearch%2Fai-mode-real-world-tips%2F "HTTP/2 200 OK"
2026-08-26 08:17:54,278 [INFO] HTTP Request: GET https://wafeeknfpzjzngzuphoz.supabase.co/rest/v1/articles?select=article_id&original_url=eq.https%3A%2F%2Fnews.hada.io%2Ftopic%3Fid%3D32887 "HTTP/2 200 OK"
2026-08-26 08:17:54,301 [INFO] HTTP Request: POST https://wafeeknfpzjzngzuphoz.supabase.co/rest/v1/articles "HTTP/2 201 Created"
2026-08-26 08:17:54,317 [INFO] HTTP Request: GET https://wafeeknfpzjzngzuphoz.supabase.co/rest/v1/articles?select=article_id&original_url=eq.https%3A%2F%2Fnews.hada.io%2Ftopic%3Fid%3D32886 "HTTP/2 200 OK"
2026-08-26 08:17:54,336 [INFO] HTTP Request: POST https://wafeeknfpzjzngzuphoz.supabase.co/rest/v1/articles "HTTP/2 201 Created"
2026-08-26 08:17:54,356 [INFO] HTTP Request: GET https://wafeeknfpzjzngzuphoz.supabase.co/rest/v1/articles?select=article_id&original_url=eq.https%3A%2F%2Fnews.hada.io%2Ftopic%3Fid%3D32885 "HTTP/2 200 OK"
2026-08-26 08:17:54,376 [INFO] HTTP Request: POST https://wafeeknfpzjzngzuphoz.supabase.co/rest/v1/articles "HTTP/2 201 Created"
2026-08-26 08:17:54,394 [INFO] HTTP Request: GET https://wafeeknfpzjzngzuphoz.supabase.co/rest/v1/articles?select=article_id&original_url=eq.https%3A%2F%2Fnews.hada.io%2Ftopic%3Fid%3D32884 "HTTP/2 200 OK"
2026-08-26 08:17:54,413 [INFO] HTTP Request: POST https://wafeeknfpzjzngzuphoz.supabase.co/rest/v1/articles "HTTP/2 201 Created"
2026-08-26 08:17:54,441 [INFO] HTTP Request: GET https://wafeeknfpzjzngzuphoz.supabase.co/rest/v1/articles?select=article_id&original_url=eq.https%3A%2F%2Fnews.hada.io%2Ftopic%3Fid%3D32883 "HTTP/2 200 OK"
2026-08-26 08:17:54,468 [INFO] HTTP Request: POST https://wafeeknfpzjzngzuphoz.supabase.co/rest/v1/articles "HTTP/2 201 Created"
2026-08-26 08:17:54,487 [INFO] HTTP Request: GET https://wafeeknfpzjzngzuphoz.supabase.co/rest/v1/articles?select=article_id&original_url=eq.https%3A%2F%2Fnews.hada.io%2Ftopic%3Fid%3D32882 "HTTP/2 200 OK"
2026-08-26 08:17:54,506 [INFO] HTTP Request: POST https://wafeeknfpzjzngzuphoz.supabase.co/rest/v1/articles "HTTP/2 201 Created"
2026-08-26 08:17:54,542 [INFO] HTTP Request: GET https://wafeeknfpzjzngzuphoz.supabase.co/rest/v1/articles?select=article_id&original_url=eq.https%3A%2F%2Fnews.hada.io%2Ftopic%3Fid%3D32881 "HTTP/2 200 OK"
2026-08-26 08:17:54,562 [INFO] HTTP Request: POST https://wafeeknfpzjzngzuphoz.supabase.co/rest/v1/articles "HTTP/2 201 Created"
2026-08-26 08:17:54,581 [INFO] HTTP Request: GET https://wafeeknfpzjzngzuphoz.supabase.co/rest/v1/articles?select=article_id&original_url=eq.https%3A%2F%2Fnews.hada.io%2Ftopic%3Fid%3D32880 "HTTP/2 200 OK"
2026-08-26 08:17:54,600 [INFO] HTTP Request: POST https://wafeeknfpzjzngzuphoz.supabase.co/rest/v1/articles "HTTP/2 201 Created"
2026-08-26 08:17:54,621 [INFO] HTTP Request: GET https://wafeeknfpzjzngzuphoz.supabase.co/rest/v1/articles?select=article_id&original_url=eq.https%3A%2F%2Fnews.hada.io%2Ftopic%3Fid%3D32879 "HTTP/2 200 OK"
2026-08-26 08:17:54,645 [INFO] HTTP Request: POST https://wafeeknfpzjzngzuphoz.supabase.co/rest/v1/articles "HTTP/2 201 Created"
2026-08-26 08:17:54,661 [INFO] HTTP Request: GET https://wafeeknfpzjzngzuphoz.supabase.co/rest/v1/articles?select=article_id&original_url=eq.https%3A%2F%2Fnews.hada.io%2Ftopic%3Fid%3D32878 "HTTP/2 200 OK"
2026-08-26 08:17:54,680 [INFO] HTTP Request: POST https://wafeeknfpzjzngzuphoz.supabase.co/rest/v1/articles "HTTP/2 201 Created"
2026-08-26 08:17:54,757 [INFO] HTTP Request: GET https://wafeeknfpzjzngzuphoz.supabase.co/rest/v1/articles?select=article_id&original_url=eq.https%3A%2F%2Fwww.aitimes.com%2Fnews%2FarticleView.html%3Fidxno%3D214327 "HTTP/2 200 OK"
2026-08-26 08:17:54,777 [INFO] HTTP Request: POST https://wafeeknfpzjzngzuphoz.supabase.co/rest/v1/articles "HTTP/2 201 Created"
2026-08-26 08:17:54,794 [INFO] HTTP Request: GET https://wafeeknfpzjzngzuphoz.supabase.co/rest/v1/articles?select=article_id&original_url=eq.https%3A%2F%2Fwww.aitimes.com%2Fnews%2FarticleView.html%3Fidxno%3D214329 "HTTP/2 200 OK"
2026-08-26 08:17:54,817 [INFO] HTTP Request: POST https://wafeeknfpzjzngzuphoz.supabase.co/rest/v1/articles "HTTP/2 201 Created"
2026-08-26 08:17:54,836 [INFO] HTTP Request: GET https://wafeeknfpzjzngzuphoz.supabase.co/rest/v1/articles?select=article_id&original_url=eq.https%3A%2F%2Fwww.aitimes.com%2Fnews%2FarticleView.html%3Fidxno%3D214324 "HTTP/2 200 OK"
2026-08-26 08:17:54,857 [INFO] HTTP Request: POST https://wafeeknfpzjzngzuphoz.supabase.co/rest/v1/articles "HTTP/2 201 Created"
2026-08-26 08:17:54,893 [INFO] HTTP Request: GET https://wafeeknfpzjzngzuphoz.supabase.co/rest/v1/articles?select=article_id&original_url=eq.https%3A%2F%2Fwww.aitimes.com%2Fnews%2FarticleView.html%3Fidxno%3D214355 "HTTP/2 200 OK"
2026-08-26 08:17:54,915 [INFO] HTTP Request: POST https://wafeeknfpzjzngzuphoz.supabase.co/rest/v1/articles "HTTP/2 201 Created"
2026-08-26 08:17:54,932 [INFO] HTTP Request: GET https://wafeeknfpzjzngzuphoz.supabase.co/rest/v1/articles?select=article_id&original_url=eq.https%3A%2F%2Fwww.aitimes.com%2Fnews%2FarticleView.html%3Fidxno%3D214349 "HTTP/2 200 OK"
2026-08-26 08:17:54,953 [INFO] HTTP Request: POST https://wafeeknfpzjzngzuphoz.supabase.co/rest/v1/articles "HTTP/2 201 Created"
2026-08-26 08:17:54,971 [INFO] HTTP Request: GET https://wafeeknfpzjzngzuphoz.supabase.co/rest/v1/articles?select=article_id&original_url=eq.https%3A%2F%2Fwww.aitimes.com%2Fnews%2FarticleView.html%3Fidxno%3D214350 "HTTP/2 200 OK"
2026-08-26 08:17:54,990 [INFO] HTTP Request: POST https://wafeeknfpzjzngzuphoz.supabase.co/rest/v1/articles "HTTP/2 201 Created"
2026-08-26 08:17:55,007 [INFO] HTTP Request: GET https://wafeeknfpzjzngzuphoz.supabase.co/rest/v1/articles?select=article_id&original_url=eq.https%3A%2F%2Fwww.aitimes.com%2Fnews%2FarticleView.html%3Fidxno%3D214351 "HTTP/2 200 OK"
2026-08-26 08:17:55,028 [INFO] HTTP Request: POST https://wafeeknfpzjzngzuphoz.supabase.co/rest/v1/articles "HTTP/2 201 Created"
2026-08-26 08:17:55,046 [INFO] HTTP Request: GET https://wafeeknfpzjzngzuphoz.supabase.co/rest/v1/articles?select=article_id&original_url=eq.https%3A%2F%2Fwww.aitimes.com%2Fnews%2FarticleView.html%3Fidxno%3D214343 "HTTP/2 200 OK"
2026-08-26 08:17:55,067 [INFO] HTTP Request: POST https://wafeeknfpzjzngzuphoz.supabase.co/rest/v1/articles "HTTP/2 201 Created"
2026-08-26 08:17:55,087 [INFO] HTTP Request: GET https://wafeeknfpzjzngzuphoz.supabase.co/rest/v1/articles?select=article_id&original_url=eq.https%3A%2F%2Fwww.aitimes.com%2Fnews%2FarticleView.html%3Fidxno%3D214344 "HTTP/2 200 OK"
2026-08-26 08:17:55,110 [INFO] HTTP Request: POST https://wafeeknfpzjzngzuphoz.supabase.co/rest/v1/articles "HTTP/2 201 Created"
2026-08-26 08:17:55,130 [INFO] HTTP Request: GET https://wafeeknfpzjzngzuphoz.supabase.co/rest/v1/articles?select=article_id&original_url=eq.https%3A%2F%2Fwww.aitimes.com%2Fnews%2FarticleView.html%3Fidxno%3D214356 "HTTP/2 200 OK"
2026-08-26 08:17:55,153 [INFO] HTTP Request: POST https://wafeeknfpzjzngzuphoz.supabase.co/rest/v1/articles "HTTP/2 201 Created"
2026-08-26 08:17:55,668 [INFO] HTTP Request: GET https://wafeeknfpzjzngzuphoz.supabase.co/rest/v1/articles?select=article_id&original_url=eq.https%3A%2F%2Fnews.google.com%2Frss%2Farticles%2FCBMiXEFVX3lxTE9DWXkyN3hhUDFHR0tCMXdpVkt3OTAyS1dBUUN6QXBKTEpMOF9SLWJSZkl3VW5FdzE2N1JiYk13NGtFQXNnbjFZZ3Vsd3BZNGJLWDJTdVladTk0bXRi%3Foc%3D5 "HTTP/2 200 OK"
2026-08-26 08:17:55,686 [INFO] HTTP Request: GET https://wafeeknfpzjzngzuphoz.supabase.co/rest/v1/articles?select=article_id&original_url=eq.https%3A%2F%2Fnews.google.com%2Frss%2Farticles%2FCBMiVkFVX3lxTFBlSVhEWDF6dU85X3puVUswSzlXLUx4OXg5b0JZMlJYeHFXcHFsM1FLNEQ4MHQxTjlfRzZMZVhiU0JVTm5nS1paWnhEVXM1RzRmV0hWeWNR%3Foc%3D5 "HTTP/2 200 OK"
2026-08-26 08:17:55,704 [INFO] HTTP Request: GET https://wafeeknfpzjzngzuphoz.supabase.co/rest/v1/articles?select=article_id&original_url=eq.https%3A%2F%2Fnews.google.com%2Frss%2Farticles%2FCBMiSEFVX3lxTE1mczBWYm0wOEU3a2NSanExQ0V5ZjNDWmZhNURubTVxcmJDRUNjLXZzT1JmT2JlbVYwUjlWY0dxNXgxRW5ueHdveA%3Foc%3D5 "HTTP/2 200 OK"
2026-08-26 08:17:55,723 [INFO] HTTP Request: GET https://wafeeknfpzjzngzuphoz.supabase.co/rest/v1/articles?select=article_id&original_url=eq.https%3A%2F%2Fnews.google.com%2Frss%2Farticles%2FCBMijgFBVV95cUxPaXVvNUlaeE5USjVKOGE5WEpLRDA2Y0c4Z3hONXZLaXc3X2IySmlzMy1kSExBUzNRMlY5dmUyNWNnX295R0tucnRKUi1aUnJsMjkzUllJWGdzbHVtajMyVG5pWW81YUxVbzhRQUh1T3E4bTJaU3AtRlFzQ0RjUzFxc1BqMkZpNGRwVUhXTi1R%3Foc%3D5 "HTTP/2 200 OK"
2026-08-26 08:17:55,745 [INFO] HTTP Request: GET https://wafeeknfpzjzngzuphoz.supabase.co/rest/v1/articles?select=article_id&original_url=eq.https%3A%2F%2Fnews.google.com%2Frss%2Farticles%2FCBMib0FVX3lxTE1GYWxwbEp6YTFrUExYQ3J0aW1aVkdtTFptSlNqZ3dsWEdlLXI2RnJyb3UwQVhHWURDamk2UXE5N1dIMzQxZkxOT0R0V1gyUHRkYWhqdWgycHU4WHNXa2QtTUVReFpLbWZoZWlmS09nWQ%3Foc%3D5 "HTTP/2 200 OK"
2026-08-26 08:17:55,764 [INFO] HTTP Request: GET https://wafeeknfpzjzngzuphoz.supabase.co/rest/v1/articles?select=article_id&original_url=eq.https%3A%2F%2Fnews.google.com%2Frss%2Farticles%2FCBMiT0FVX3lxTFAzaWZPNVkxUlpVVTkzeEkyZURXNHppRWFtYkVEeUFCaDhTeVJFS0VubHd5Tjd6U09KRGI3ZDZYTXFNWWRQeHk5Q1F2eTlzeDQ%3Foc%3D5 "HTTP/2 200 OK"
2026-08-26 08:17:55,784 [INFO] HTTP Request: GET https://wafeeknfpzjzngzuphoz.supabase.co/rest/v1/articles?select=article_id&original_url=eq.https%3A%2F%2Fnews.google.com%2Frss%2Farticles%2FCBMiZEFVX3lxTE9Pdk1TUFhhVkFtNWhIX2VSYWpDVmZJRGhSLXN1OUdjOHV3MUZkTEwxdXltekZ3QUJPWTJVdEhpX3NhekUyUE45MEsySUQ0Y3lvZmNpeEJSdDJmMDl5UWdmTW0yUmvSAWhBVV95cUxQY0pZWjNrQkk5dmc5T21vRVFRZ05KYVlnOGRCc1I2cU1QczFoWWF0eXRBQkFLa20xRENOb1B4cnRmMmZta2lTdlljYjF3bVNzelp4enhONU52Z2twUDAxcTk2SDlTZU5ZNw%3Foc%3D5 "HTTP/2 200 OK"
2026-08-26 08:17:55,803 [INFO] HTTP Request: GET https://wafeeknfpzjzngzuphoz.supabase.co/rest/v1/articles?select=article_id&original_url=eq.https%3A%2F%2Fnews.google.com%2Frss%2Farticles%2FCBMiYEFVX3lxTE9RTWVMYXhEOGtwcjFwdzVwN1l4NUV5eThXRm9zbDVxM3lOckRZYUZIRURleUxXS0pyRWdtLVRHSy00Vjk2anRoS1BISkxweFhhUXJkVnZyRXdOcVF6M1lseQ%3Foc%3D5 "HTTP/2 200 OK"
2026-08-26 08:17:55,820 [INFO] HTTP Request: GET https://wafeeknfpzjzngzuphoz.supabase.co/rest/v1/articles?select=article_id&original_url=eq.https%3A%2F%2Fnews.google.com%2Frss%2Farticles%2FCBMic0FVX3lxTE1WUnZtUmtkcS1Ec0ppZVV4WjBnNWswaTlPY1JsOXJaWkVaai1kdjdsSXNFY2tTM2hybFJGT3pnLUZUSEp3eHYzVGtYbkhsZEYxdTRhb2JQTXd5Z1I2YXROYlhQN3d6QWJZNHNhZjZreWp3YmM%3Foc%3D5 "HTTP/2 200 OK"
2026-08-26 08:17:55,838 [INFO] HTTP Request: GET https://wafeeknfpzjzngzuphoz.supabase.co/rest/v1/articles?select=article_id&original_url=eq.https%3A%2F%2Fnews.google.com%2Frss%2Farticles%2FCBMiXEFVX3lxTE5DZ2lWUm9sZEdBSFdveFJTRUx2S3M0NDVrZ0RpUWcxUkRhVUVYVFdCQ3JFdzhEQzJjZGtvR1ZrQzBHWUtLUkx0WExuaTZnLW5fU3pHb0NxclFIU0Jr%3Foc%3D5 "HTTP/2 200 OK"
2026-08-26 08:17:55,856 [INFO] HTTP Request: POST https://wafeeknfpzjzngzuphoz.supabase.co/rest/v1/articles "HTTP/2 201 Created"
2026-08-26 08:17:56,498 [INFO] HTTP Request: GET https://wafeeknfpzjzngzuphoz.supabase.co/rest/v1/articles?select=article_id&original_url=eq.https%3A%2F%2Fnews.google.com%2Frss%2Farticles%2FCBMiUkFVX3lxTE42dWJfcnctOS1abUpDQW9oZ29DT1hVaUU4OHJKWDhISGMxOGtlR2JDSnVvdldwc1NQUy1OYlJRVzVSa3lGSDgzSmUyNFBqWGp0WFE%3Foc%3D5 "HTTP/2 200 OK"
2026-08-26 08:17:56,517 [INFO] HTTP Request: POST https://wafeeknfpzjzngzuphoz.supabase.co/rest/v1/articles "HTTP/2 201 Created"
2026-08-26 08:17:56,535 [INFO] HTTP Request: GET https://wafeeknfpzjzngzuphoz.supabase.co/rest/v1/articles?select=article_id&original_url=eq.https%3A%2F%2Fnews.google.com%2Frss%2Farticles%2FCBMiT0FVX3lxTE40M254T3AtUk0xc2NCNGw3WURPS1BwaXVPM3VoRDRMcG5ueDR5SWw5V1BlUGtTeGRwa3VIRlF3aHZYOWlobmRKZ0JfZDNGM2s%3Foc%3D5 "HTTP/2 200 OK"
2026-08-26 08:17:56,555 [INFO] HTTP Request: POST https://wafeeknfpzjzngzuphoz.supabase.co/rest/v1/articles "HTTP/2 201 Created"
2026-08-26 08:17:56,575 [INFO] HTTP Request: GET https://wafeeknfpzjzngzuphoz.supabase.co/rest/v1/articles?select=article_id&original_url=eq.https%3A%2F%2Fnews.google.com%2Frss%2Farticles%2FCBMiakFVX3lxTE1pWGNiWUs3SkFDMEQ4ODUxQUxrS0FhX0k1eTJXeDRkcU9mNnhlWEIweFNVbHBzN0lwbTgwZ01vOGZIcEVmSm0tSGFyWHF6LWdYd2NVUmptTVRqeVI5YlNjOHNwM1NvSG1ZRlHSAW9BVV95cUxNV3ZkX3J4SmpLTFhENThjS1RzN19jZWlXTEEwbVM0WjY5RDhjeGJOcGxOSTNWLVRCcGtpbVVJVGFYc2VYWm5qQnhVcXJTWkVveGxvNF9UcFBQS3RERWdCQ21wRjlVbV9IaGZCM1dOaEk%3Foc%3D5 "HTTP/2 200 OK"
2026-08-26 08:17:56,593 [INFO] HTTP Request: POST https://wafeeknfpzjzngzuphoz.supabase.co/rest/v1/articles "HTTP/2 201 Created"
2026-08-26 08:17:56,617 [INFO] HTTP Request: GET https://wafeeknfpzjzngzuphoz.supabase.co/rest/v1/articles?select=article_id&original_url=eq.https%3A%2F%2Fnews.google.com%2Frss%2Farticles%2FCBMidEFVX3lxTE82QUxnUzJQbmJxSmhoNzBfTDRLMGQ4V3lRS21yMDVEQ0xGT25pWXVQUG9EY3BpRWN1UldIenBBeXFlUlBfMENsb2xZbDk1Q3pCWnByOERnRGs0c25aS0l6aURza2piak9CWEttRGNXbUVtRWxF%3Foc%3D5 "HTTP/2 200 OK"
2026-08-26 08:17:56,635 [INFO] HTTP Request: GET https://wafeeknfpzjzngzuphoz.supabase.co/rest/v1/articles?select=article_id&original_url=eq.https%3A%2F%2Fnews.google.com%2Frss%2Farticles%2FCBMiZ0FVX3lxTE43eFBLTkgtd0lzNUktS3ROZ3dWVDZvNU5Ja2RHTUZzR01RZ3pFc0FmWTdfNnlhQ3pKYXZoem1aZWNCNmduenBZSFdFWjZLVERRR2dQMk5vYTdRd1NoTHdOSEUzenFVeHc%3Foc%3D5 "HTTP/2 200 OK"
2026-08-26 08:17:56,654 [INFO] HTTP Request: POST https://wafeeknfpzjzngzuphoz.supabase.co/rest/v1/articles "HTTP/2 201 Created"
2026-08-26 08:17:56,671 [INFO] HTTP Request: GET https://wafeeknfpzjzngzuphoz.supabase.co/rest/v1/articles?select=article_id&original_url=eq.https%3A%2F%2Fnews.google.com%2Frss%2Farticles%2FCBMiZEFVX3lxTE8yM2VEMVl4dnpWNXR6X0htWHU2NDVPRGQxWmxzRUJRT2FVRHpqMlExM0tJbWNBdlFaUUd4dTQtMWdkREstNFlRMlkxcmVmcUFYTnJEbi1jNmVla0tNc2dsZEtsYm4%3Foc%3D5 "HTTP/2 200 OK"
2026-08-26 08:17:56,689 [INFO] HTTP Request: POST https://wafeeknfpzjzngzuphoz.supabase.co/rest/v1/articles "HTTP/2 201 Created"
2026-08-26 08:17:56,708 [INFO] HTTP Request: GET https://wafeeknfpzjzngzuphoz.supabase.co/rest/v1/articles?select=article_id&original_url=eq.https%3A%2F%2Fnews.google.com%2Frss%2Farticles%2FCBMicEFVX3lxTFBISkhPUF9sZGE4a2ZEWDg3RTdqNmpRcUlCQ1lPMGJIV0RvYlMwaGZVczNBaUh0MUZSanhlaUhzV3N2SFljX0NqeFE3Nm1pRnpxYXNFTUNhX251LUc4d1RTTzdheG5NMEdGS19mRWl6aGrSAXRBVV95cUxNOHdPMlZ5SkRfdkstMDZZeEtRMGpyRUY4LTJyTHhKOUF5T0d2YWhnbC1kVFVfMENBMGhUOERybk1ranplaU5pQ2xSOFozOWo2OUxQOHhrRU5HMjh5LVF6dWk2bXNrUVdmUV85TWFVNjJTMmFBZw%3Foc%3D5 "HTTP/2 200 OK"
2026-08-26 08:17:56,727 [INFO] HTTP Request: POST https://wafeeknfpzjzngzuphoz.supabase.co/rest/v1/articles "HTTP/2 201 Created"
2026-08-26 08:17:56,748 [INFO] HTTP Request: GET https://wafeeknfpzjzngzuphoz.supabase.co/rest/v1/articles?select=article_id&original_url=eq.https%3A%2F%2Fnews.google.com%2Frss%2Farticles%2FCBMiVEFVX3lxTE1Cc25YeEwxRmx1WVJwY2NzUGRXWmFSenFnNXpSbUVoampsbUd0Wl9CdlpvSGtQYnNtWXBYblg1WEFkQVJwcTk1U0FlbVJwa241U1BHbA%3Foc%3D5 "HTTP/2 200 OK"
2026-08-26 08:17:56,766 [INFO] HTTP Request: GET https://wafeeknfpzjzngzuphoz.supabase.co/rest/v1/articles?select=article_id&original_url=eq.https%3A%2F%2Fnews.google.com%2Frss%2Farticles%2FCBMiZ0FVX3lxTE1fUHJyUG0zOTNrdjV3T296YXJpZDdnSkZ5VmhwdGlXMHpoaXA0Z2pQeEdhUlB0c2NmOTg5UFVFVHRGek9ndFl0anMyUDNjSWVBOVRKSFFsM3BvRFhPc0wyNld2enR3VVU%3Foc%3D5 "HTTP/2 200 OK"
2026-08-26 08:17:56,786 [INFO] HTTP Request: POST https://wafeeknfpzjzngzuphoz.supabase.co/rest/v1/articles "HTTP/2 201 Created"
2026-08-26 08:17:56,806 [INFO] HTTP Request: GET https://wafeeknfpzjzngzuphoz.supabase.co/rest/v1/articles?select=article_id&original_url=eq.https%3A%2F%2Fnews.google.com%2Frss%2Farticles%2FCBMiU0FVX3lxTE1WRWlQaDNtd01LX3JkSmhORFZ5VWE0Qm5MNl9KbWJCa1VfWVlKZ1k2YndSSmpOYnF0a0lEU0NnY1ZDeDVqZ3FFWGViRDdXc3VKanVj%3Foc%3D5 "HTTP/2 200 OK"
2026-08-26 08:17:56,936 [INFO] HTTP Request: GET https://wafeeknfpzjzngzuphoz.supabase.co/rest/v1/articles?select=article_id&original_url=eq.https%3A%2F%2Fyozm.wishket.com%2Fmagazine%2Fdetail%2F3911 "HTTP/2 200 OK"
2026-08-26 08:17:56,956 [INFO] HTTP Request: POST https://wafeeknfpzjzngzuphoz.supabase.co/rest/v1/articles "HTTP/2 201 Created"
2026-08-26 08:17:56,976 [INFO] HTTP Request: GET https://wafeeknfpzjzngzuphoz.supabase.co/rest/v1/articles?select=article_id&original_url=eq.https%3A%2F%2Fyozm.wishket.com%2Fmagazine%2Fdetail%2F3910 "HTTP/2 200 OK"
2026-08-26 08:17:56,998 [INFO] HTTP Request: POST https://wafeeknfpzjzngzuphoz.supabase.co/rest/v1/articles "HTTP/2 201 Created"
2026-08-26 08:17:57,015 [INFO] HTTP Request: GET https://wafeeknfpzjzngzuphoz.supabase.co/rest/v1/articles?select=article_id&original_url=eq.https%3A%2F%2Fyozm.wishket.com%2Fmagazine%2Fdetail%2F3909 "HTTP/2 200 OK"
2026-08-26 08:17:57,034 [INFO] HTTP Request: GET https://wafeeknfpzjzngzuphoz.supabase.co/rest/v1/articles?select=article_id&original_url=eq.https%3A%2F%2Fyozm.wishket.com%2Fmagazine%2Fdetail%2F3908 "HTTP/2 200 OK"
2026-08-26 08:17:57,054 [INFO] HTTP Request: GET https://wafeeknfpzjzngzuphoz.supabase.co/rest/v1/articles?select=article_id&original_url=eq.https%3A%2F%2Fyozm.wishket.com%2Fmagazine%2Fdetail%2F3907 "HTTP/2 200 OK"
2026-08-26 08:17:57,074 [INFO] HTTP Request: GET https://wafeeknfpzjzngzuphoz.supabase.co/rest/v1/articles?select=article_id&original_url=eq.https%3A%2F%2Fyozm.wishket.com%2Fmagazine%2Fdetail%2F3906 "HTTP/2 200 OK"
2026-08-26 08:17:57,092 [INFO] HTTP Request: GET https://wafeeknfpzjzngzuphoz.supabase.co/rest/v1/articles?select=article_id&original_url=eq.https%3A%2F%2Fyozm.wishket.com%2Fmagazine%2Fdetail%2F3905 "HTTP/2 200 OK"
2026-08-26 08:17:57,112 [INFO] HTTP Request: GET https://wafeeknfpzjzngzuphoz.supabase.co/rest/v1/articles?select=article_id&original_url=eq.https%3A%2F%2Fyozm.wishket.com%2Fmagazine%2Fdetail%2F3904 "HTTP/2 200 OK"
2026-08-26 08:17:57,130 [INFO] HTTP Request: GET https://wafeeknfpzjzngzuphoz.supabase.co/rest/v1/articles?select=article_id&original_url=eq.https%3A%2F%2Fyozm.wishket.com%2Fmagazine%2Fdetail%2F3903 "HTTP/2 200 OK"
2026-08-26 08:17:57,146 [INFO] HTTP Request: GET https://wafeeknfpzjzngzuphoz.supabase.co/rest/v1/articles?select=article_id&original_url=eq.https%3A%2F%2Fyozm.wishket.com%2Fmagazine%2Fdetail%2F3902 "HTTP/2 200 OK"
2026-08-26 08:17:57,475 [INFO] HTTP Request: GET https://wafeeknfpzjzngzuphoz.supabase.co/rest/v1/articles?select=article_id&original_url=eq.https%3A%2F%2Ftechblog.woowahan.com%2F26876%2F "HTTP/2 200 OK"
2026-08-26 08:17:57,492 [INFO] HTTP Request: GET https://wafeeknfpzjzngzuphoz.supabase.co/rest/v1/articles?select=article_id&original_url=eq.https%3A%2F%2Ftechblog.woowahan.com%2F26777%2F "HTTP/2 200 OK"
2026-08-26 08:17:57,514 [INFO] HTTP Request: GET https://wafeeknfpzjzngzuphoz.supabase.co/rest/v1/articles?select=article_id&original_url=eq.https%3A%2F%2Ftechblog.woowahan.com%2F26729%2F "HTTP/2 200 OK"
2026-08-26 08:17:57,531 [INFO] HTTP Request: GET https://wafeeknfpzjzngzuphoz.supabase.co/rest/v1/articles?select=article_id&original_url=eq.https%3A%2F%2Ftechblog.woowahan.com%2F26507%2F "HTTP/2 200 OK"
2026-08-26 08:17:57,549 [INFO] HTTP Request: GET https://wafeeknfpzjzngzuphoz.supabase.co/rest/v1/articles?select=article_id&original_url=eq.https%3A%2F%2Ftechblog.woowahan.com%2F26624%2F "HTTP/2 200 OK"
2026-08-26 08:17:57,566 [INFO] HTTP Request: GET https://wafeeknfpzjzngzuphoz.supabase.co/rest/v1/articles?select=article_id&original_url=eq.https%3A%2F%2Ftechblog.woowahan.com%2F26492%2F "HTTP/2 200 OK"
2026-08-26 08:17:57,582 [INFO] HTTP Request: GET https://wafeeknfpzjzngzuphoz.supabase.co/rest/v1/articles?select=article_id&original_url=eq.https%3A%2F%2Ftechblog.woowahan.com%2F26459%2F "HTTP/2 200 OK"
2026-08-26 08:17:57,600 [INFO] HTTP Request: GET https://wafeeknfpzjzngzuphoz.supabase.co/rest/v1/articles?select=article_id&original_url=eq.https%3A%2F%2Ftechblog.woowahan.com%2F26379%2F "HTTP/2 200 OK"
2026-08-26 08:17:57,618 [INFO] HTTP Request: GET https://wafeeknfpzjzngzuphoz.supabase.co/rest/v1/articles?select=article_id&original_url=eq.https%3A%2F%2Ftechblog.woowahan.com%2F26388%2F "HTTP/2 200 OK"
2026-08-26 08:17:57,635 [INFO] HTTP Request: GET https://wafeeknfpzjzngzuphoz.supabase.co/rest/v1/articles?select=article_id&original_url=eq.https%3A%2F%2Ftechblog.woowahan.com%2F26319%2F "HTTP/2 200 OK"
2026-08-26 08:17:57,735 [INFO] HTTP Request: GET https://wafeeknfpzjzngzuphoz.supabase.co/rest/v1/articles?select=article_id&original_url=eq.https%3A%2F%2Ftech.kakao.com%2Fposts%2F829 "HTTP/2 200 OK"
2026-08-26 08:17:57,754 [INFO] HTTP Request: GET https://wafeeknfpzjzngzuphoz.supabase.co/rest/v1/articles?select=article_id&original_url=eq.https%3A%2F%2Ftech.kakao.com%2Fposts%2F828 "HTTP/2 200 OK"
2026-08-26 08:17:57,772 [INFO] HTTP Request: GET https://wafeeknfpzjzngzuphoz.supabase.co/rest/v1/articles?select=article_id&original_url=eq.https%3A%2F%2Ftech.kakao.com%2Fposts%2F827 "HTTP/2 200 OK"
2026-08-26 08:17:57,791 [INFO] HTTP Request: GET https://wafeeknfpzjzngzuphoz.supabase.co/rest/v1/articles?select=article_id&original_url=eq.https%3A%2F%2Ftech.kakao.com%2Fposts%2F826 "HTTP/2 200 OK"
2026-08-26 08:17:57,809 [INFO] HTTP Request: GET https://wafeeknfpzjzngzuphoz.supabase.co/rest/v1/articles?select=article_id&original_url=eq.https%3A%2F%2Ftech.kakao.com%2Fposts%2F825 "HTTP/2 200 OK"
2026-08-26 08:17:57,829 [INFO] HTTP Request: GET https://wafeeknfpzjzngzuphoz.supabase.co/rest/v1/articles?select=article_id&original_url=eq.https%3A%2F%2Ftech.kakao.com%2Fposts%2F824 "HTTP/2 200 OK"
2026-08-26 08:17:57,847 [INFO] HTTP Request: GET https://wafeeknfpzjzngzuphoz.supabase.co/rest/v1/articles?select=article_id&original_url=eq.https%3A%2F%2Ftech.kakao.com%2Fposts%2F823 "HTTP/2 200 OK"
2026-08-26 08:17:57,864 [INFO] HTTP Request: GET https://wafeeknfpzjzngzuphoz.supabase.co/rest/v1/articles?select=article_id&original_url=eq.https%3A%2F%2Ftech.kakao.com%2Fposts%2F818 "HTTP/2 200 OK"
2026-08-26 08:17:57,882 [INFO] HTTP Request: GET https://wafeeknfpzjzngzuphoz.supabase.co/rest/v1/articles?select=article_id&original_url=eq.https%3A%2F%2Ftech.kakao.com%2Fposts%2F822 "HTTP/2 200 OK"
2026-08-26 08:17:57,900 [INFO] HTTP Request: GET https://wafeeknfpzjzngzuphoz.supabase.co/rest/v1/articles?select=article_id&original_url=eq.https%3A%2F%2Ftech.kakao.com%2Fposts%2F821 "HTTP/2 200 OK"
2026-08-26 08:17:57,941 [INFO] HTTP Request: GET https://wafeeknfpzjzngzuphoz.supabase.co/rest/v1/articles?select=article_id%2Csource_id%2Ccategory_id%2Coriginal_url%2Ctitle%2Csummary%2Csources%28name%2Ctype%2Creliability_score%29%2Ccategories%28name%29&collected_at=gte.2026-08-26T00%3A00%3A00 "HTTP/2 200 OK"
2026-08-26 08:17:57,977 [INFO] HTTP Request: GET https://wafeeknfpzjzngzuphoz.supabase.co/rest/v1/users?select=user_id%2Cemail "HTTP/2 200 OK"
2026-08-26 08:17:58,002 [INFO] HTTP Request: GET https://wafeeknfpzjzngzuphoz.supabase.co/rest/v1/user_sources?select=source_id&user_id=eq.1 "HTTP/2 200 OK"
2026-08-26 08:17:58,044 [INFO] HTTP Request: GET https://wafeeknfpzjzngzuphoz.supabase.co/rest/v1/subscriptions?select=category_id&user_id=eq.1&is_active=eq.True "HTTP/2 200 OK"
2026-08-26 08:17:58,044 [INFO] 👤 사용자(koreajjangboy@gmail.com) - 선택 소스: {1, 2, 3, 4, 5, 6, 7, 8, 9, 10, 11, 12, 13, 14}, 활성 카테고리: {1, 2}
2026-08-26 08:17:58,045 [INFO] 📊 사용자(koreajjangboy@gmail.com) 맞춤 기사 수: 25
2026-08-26 08:17:58,074 [INFO] HTTP Request: GET https://wafeeknfpzjzngzuphoz.supabase.co/rest/v1/digests?select=digest_id&user_id=eq.1&digest_date=eq.2026-08-26 "HTTP/2 200 OK"
2026-08-26 08:17:58,102 [INFO] HTTP Request: POST https://wafeeknfpzjzngzuphoz.supabase.co/rest/v1/digests "HTTP/2 201 Created"
2026-08-26 08:17:58,103 [INFO] 📄 사용자(koreajjangboy@gmail.com) 개인 다이제스트 생성 완료: news/koreajjangboy_at_gmail_com/2026-08-26.html
2026-08-26 08:17:58,103 [INFO] ✅ 총 35개 신규 기사 DB 저장 및 개인별 다이제스트 생성 완료

